x [m],p_coarse/rho [m2/s2],p_medium/rho [m2/s2],p_fine/rho [m2/s2],p_local,p_average,grid trend,order status,GCI absolute [m2/s2],GCI relative [%],lower/rho [m2/s2],upper/rho [m2/s2]
0.0,6.3802566,6.0319542,5.7348583,0.39897666603046894,0.5874051399490409,Monotonic convergence,Included,1.380927821022792,24.079545627531754,4.353930478977208,7.115786121022792
0.01000834,6.3665426,6.0153593,5.7171688,0.41023730575349227,0.5874051399490409,Monotonic convergence,Included,1.3860156179021552,24.24304172901376,4.331153182097845,7.103184417902154
0.020016681,6.3500479,5.9955277,5.6960653,0.42308102742160425,0.5874051399490409,Monotonic convergence,Included,1.3919275207441626,24.436649642063664,4.3041377792558375,7.087992820744162
0.030025021,6.3335533,5.975696,5.6749619,0.4357535471210944,0.5874051399490409,Monotonic convergence,Included,1.3978384939686164,24.631680680862658,4.277123406031383,7.072800393968616
0.040033361,6.3170586,5.9558644,5.6463897,0.3879210594458771,0.5874051399490409,Monotonic convergence,Included,1.4384655699815503,25.47584645072497,4.20792413001845,7.084855269981551
0.050041701,6.3005639,5.9329977,5.6239614,0.4346098015841486,0.5874051399490409,Monotonic convergence,Included,1.4364278483006498,25.541211010101346,4.1875335516993495,7.06038924830065
0.060050042,6.2840692,5.9084756,5.6015331,0.5047539386399853,0.5874051399490409,Monotonic convergence,Included,1.426695682115733,25.469735814213667,4.174837417884267,7.028228782115733
0.070058382,6.2675745,5.8870967,5.5883108,0.6031786255972783,0.5874051399490409,Monotonic convergence,Included,1.388783089363847,24.851572130953187,4.199527710636153,6.9770938893638474
0.080066722,6.2451624,5.8657179,5.5815086,0.7199885853497978,0.5874051399490409,Monotonic convergence,Included,1.32102977309149,23.667969858390794,4.2604788269085105,6.90253837309149
0.090075063,6.2273747,5.8443391,5.5747064,0.8732873373286432,0.5874051399490409,Monotonic convergence,Included,1.2532764568191328,22.481479146940057,4.321429943180867,6.827982856819133
0.1000834,6.2095869,5.8269891,5.5669577,0.9600144445058416,0.5874051399490409,Monotonic convergence,Included,1.2086487716575873,21.711118294604383,4.358308928342412,6.7756064716575874
0.11009174,6.1917992,5.8231,5.5572637,0.8140941007527182,0.5874051399490409,Monotonic convergence,Included,1.2356304563871832,22.2345118585462,4.321633243612817,6.792894156387183
0.12010008,6.1740114,5.8191202,5.5476922,0.6684130035339019,0.5874051399490409,Monotonic convergence,Included,1.261621168802983,22.74136926347469,4.286071031197017,6.809313368802983
0.13010842,6.1562237,5.8151404,5.5381207,0.5200431736922668,0.5874051399490409,Monotonic convergence,Included,1.287611881218779,23.249978665484463,4.250508818781221,6.825732581218779
0.14011676,6.1384359,5.8111606,5.5306547,0.3871000006233825,0.5874051399490409,Monotonic convergence,Included,1.3038160448226856,23.574352685997294,4.226838655177315,6.834470744822686
0.1501251,6.1252481,5.8068424,5.5235648,0.29496488308835056,0.5874051399490409,Monotonic convergence,Included,1.3166991497108018,23.837851050662096,4.206865650289198,6.840263949710802
0.16013344,6.1223948,5.8017505,5.5164749,0.29490970869028915,0.5874051399490409,Monotonic convergence,Included,1.3259860290867973,24.03683607962754,4.190488870913203,6.842460929086798
0.17014178,6.1195344,5.7966586,5.5103762,0.30333664900355123,0.5874051399490409,Monotonic convergence,Included,1.3306657238594508,24.148364386799052,4.179710476140549,6.84104192385945
0.18015013,6.116674,5.7915667,5.5046735,0.3150825927795476,0.5874051399490409,Monotonic convergence,Included,1.3335047758728922,24.224956773056427,4.171168724127108,6.838178275872892
0.19015847,6.1138135,5.7864748,5.4989709,0.32672350673208994,0.5874051399490409,Monotonic convergence,Included,1.3363433630775585,24.301699124786396,4.162627536922441,6.835314263077558
0.20016681,6.1109531,5.7816349,5.4936457,0.33744763363246943,0.5874051399490409,Monotonic convergence,Included,1.3385990800751433,24.366316161873037,4.155046619924857,6.832244780075143
0.21017515,6.1080927,5.7776806,5.4888975,0.3388387472103381,0.5874051399490409,Monotonic convergence,Included,1.3422891969603292,24.454623118036533,4.146608303039671,6.831186696960329
0.22018349,6.1051949,5.7737263,5.4841492,0.3399419733493044,0.5874051399490409,Monotonic convergence,Included,1.3459797786542942,24.543091910305687,4.138169421345706,6.830128978654294
0.23019183,6.0999276,5.7697719,5.4798198,0.32694486781358706,0.5874051399490409,Monotonic convergence,Included,1.347722811570214,24.594290702227365,4.132096988429786,6.827542611570213
0.24020017,6.094184,5.7658176,5.4763828,0.31793431372604386,0.5874051399490409,Monotonic convergence,Included,1.3453183557638044,24.565820266687794,4.131064444236195,6.8217011557638045
0.25020851,6.0884403,5.7624457,5.4729459,0.29947725141096776,0.5874051399490409,Monotonic convergence,Included,1.3456204814692265,24.586767456795553,4.1273254185307735,6.818566381469227
0.26021685,6.0826966,5.7587781,5.4697715,0.2879103151155029,0.5874051399490409,Monotonic convergence,Included,1.3433280445782136,24.559125451185917,4.126443455421787,6.813099544578214
0.27022519,6.0769529,5.7551104,5.4673735,0.28290539991320485,0.5874051399490409,Monotonic convergence,Included,1.3374263675293168,24.46195357842878,4.129947132470683,6.804799867529317
0.28023353,6.0712093,5.7514428,5.4649755,0.27784496129374553,0.5874051399490409,Monotonic convergence,Included,1.3315251552891907,24.364704933978032,4.13345034471081,6.796500655289191
0.29024187,6.0651003,5.7474868,5.4626917,0.27561893147408945,0.5874051399490409,Monotonic convergence,Included,1.3237526229105412,24.232607212860675,4.138939077089459,6.7864443229105404
0.30025021,6.0572688,5.7418458,5.4604041,0.28777907784081375,0.5874051399490409,Monotonic convergence,Included,1.3081657253632586,23.957306115187674,4.152238374636742,6.768569825363258
0.31025855,6.0495432,5.7361764,5.4581157,0.301474498611814,0.5874051399490409,Monotonic convergence,Included,1.2924505405933637,23.679427326785394,4.165665159406636,6.750566240593363
0.32026689,6.0418176,5.7305071,5.4557561,0.31478701645430673,0.5874051399490409,Monotonic convergence,Included,1.2770667644818783,23.407695305181957,4.178689335518122,6.732822864481879
0.33027523,6.034092,5.7248377,5.4523694,0.3190249681542364,0.5874051399490409,Monotonic convergence,Included,1.26645657451612,23.227637043743222,4.18591282548388,6.71882597451612
0.34028357,6.0263664,5.7185657,5.4489506,0.33338673097894833,0.5874051399490409,Monotonic convergence,Included,1.253194650474281,22.998825690845518,4.195755949525719,6.702145250474281
0.35029191,6.0186407,5.712123,5.4453198,0.34896261518171484,0.5874051399490409,Monotonic convergence,Included,1.240124692457579,22.77413885696078,4.205195107542421,6.685444492457579
0.36030025,6.0111151,5.7056802,5.4404713,0.3550245955470964,0.5874051399490409,Monotonic convergence,Included,1.2327142461166622,22.658225329056737,4.207757053883338,6.673185546116661
0.37030859,6.004406,5.6992375,5.4355987,0.3675337129558859,0.5874051399490409,Monotonic convergence,Included,1.2254162834999167,22.54427435012663,4.210182416500083,6.661014983499917
0.38031693,5.9976969,5.6928329,5.4305598,0.37789454224714497,0.5874051399490409,Monotonic convergence,Included,1.2190683900245411,22.448300634209776,4.211491409975459,6.649628190024542
0.39032527,5.9909879,5.6866534,5.4249276,0.37876035061455976,0.5874051399490409,Monotonic convergence,Included,1.2165244915848594,22.424713863183342,4.2084031084151405,6.64145209158486
0.40033361,5.9842788,5.6804792,5.4192938,0.3795203430753781,0.5874051399490409,Monotonic convergence,Included,1.2140126649508298,22.401676486903696,4.20528113504917,6.63330646495083
0.41034195,5.9775697,5.674305,5.4136066,0.379777340609849,0.5874051399490409,Monotonic convergence,Included,1.2117490462040332,22.38339679510575,4.201857553795966,6.625355646204033
0.42035029,5.9708607,5.6681308,5.4078036,0.3789373046234963,0.5874051399490409,Monotonic convergence,Included,1.2100236760216614,22.375510753046974,4.197779923978339,6.617827276021662
0.43035863,5.9643847,5.6620564,5.4020006,0.3782349554897628,0.5874051399490409,Monotonic convergence,Included,1.2087621849993164,22.376194941542888,4.193238415000684,6.6107627849993165
0.44036697,5.9580008,5.6560042,5.3961958,0.3778744755519606,0.5874051399490409,Monotonic convergence,Included,1.2076122480835891,22.37895533893691,4.188583551916411,6.6038080480835895
0.45037531,5.9516169,5.649952,5.3904012,0.3776103057773455,0.5874051399490409,Monotonic convergence,Included,1.2064149006725482,22.3807997941331,4.183986299327453,6.596816100672548
0.46038365,5.9452331,5.6438998,5.3846066,0.3773464023379653,0.5874051399490409,Monotonic convergence,Included,1.2052175532615115,22.382648219119883,4.179389046738488,6.589824153261511
0.47039199,5.9388492,5.6378613,5.3788292,0.37700208819952835,0.5874051399490409,Monotonic convergence,Included,1.204003937543255,22.38412659660684,4.1748252624567455,6.582833137543255
0.48040033,5.9324653,5.6318583,5.3730787,0.3762833290342766,0.5874051399490409,Monotonic convergence,Included,1.202830295379875,22.386240041112277,4.170248404620125,6.575908995379875
0.49040867,5.9260711,5.6258553,5.3673282,0.37547822890068283,0.5874051399490409,Monotonic convergence,Included,1.2016566532164867,22.38835801426279,4.165671546783513,6.568984853216487
0.50041701,5.9196498,5.6198523,5.3616047,0.3747062487759679,0.5874051399490409,Monotonic convergence,Included,1.2003575126831598,22.388027089784515,4.161247187316841,6.561962212683159
0.51042535,5.913234,5.6138591,5.355902,0.3740021907523343,0.5874051399490409,Monotonic convergence,Included,1.1990072431842964,22.386653885457505,4.156894756815704,6.554909243184297
0.52043369,5.9068183,5.607935,5.3501993,0.37206408146974485,0.5874051399490409,Monotonic convergence,Included,1.197978156550744,22.391280948183443,4.152221143449256,6.548177456550744
0.53044204,5.9004025,5.6020124,5.3445302,0.37041573447478254,0.5874051399490409,Monotonic convergence,Included,1.1967998662995791,22.39298537969865,4.147730333700421,6.5413300662995795
0.54045038,5.8939867,5.5960899,5.3388723,0.3688687768263327,0.5874051399490409,Monotonic convergence,Included,1.1955699822741115,22.3936800712411,4.1433023177258885,6.534442282274112
0.55045872,5.8875709,5.5901693,5.3332168,0.36730668914331005,0.5874051399490409,Monotonic convergence,Included,1.1943377742047576,22.39432258228763,4.138879025795243,6.527554574204757
0.56046706,5.8812271,5.58431,5.327597,0.36558309604160083,0.5874051399490409,Monotonic convergence,Included,1.193224557182459,22.397049874126346,4.134372442817541,6.520821557182459
0.5704754,5.8749274,5.5784574,5.3219812,0.3641406405785284,0.5874051399490409,Monotonic convergence,Included,1.1921238899971527,22.400001901493994,4.129857310002847,6.514105089997153
0.58048374,5.8686278,5.5726049,5.3163736,0.36277274181057556,0.5874051399490409,Monotonic convergence,Included,1.1909855733008645,22.402217430709992,4.125388026699136,6.507359173300864
0.59049208,5.8623281,5.5667524,5.3107973,0.361702611190569,0.5874051399490409,Monotonic convergence,Included,1.1897017714571994,22.401566172695,4.121095528542801,6.500499071457199
0.60050042,5.8560285,5.5609451,5.3052209,0.35981477179938803,0.5874051399490409,Monotonic convergence,Included,1.1886285279897686,22.404882857748085,4.116592372010231,6.493849427989769
0.61050876,5.8497289,5.5551499,5.2996622,0.35787476487043773,0.5874051399490409,Monotonic convergence,Included,1.187529255230799,22.407640532839977,4.112132944769201,6.487191455230799
0.6205171,5.8434927,5.5493547,5.2941224,0.3566448668257074,0.5874051399490409,Monotonic convergence,Included,1.1863421336128688,22.40866462801972,4.107780266387131,6.480464533612869
0.63052544,5.8373155,5.5435595,5.2885827,0.35590891878461667,0.5874051399490409,Monotonic convergence,Included,1.1851545471861553,22.40968165603528,4.103428152813844,6.473737247186156
0.64053378,5.8311384,5.5378039,5.2830699,0.35471561841322485,0.5874051399490409,Monotonic convergence,Included,1.1840259914741988,22.411704063847402,4.099043908525801,6.467095891474199
0.65054212,5.8249612,5.5320629,5.2775645,0.35332565390393095,0.5874051399490409,Monotonic convergence,Included,1.1829309019942227,22.414333391742016,4.094633598005778,6.460495401994223
0.66055046,5.818784,5.526322,5.2720631,0.35196936449082283,0.5874051399490409,Monotonic convergence,Included,1.1818176849719322,22.416607361393915,4.090245415028067,6.453880784971932
0.6705588,5.8126069,5.5205811,5.2665896,0.35088187623089945,0.5874051399490409,Monotonic convergence,Included,1.1805747863006888,22.416304970880756,4.086014813699311,6.447164386300688
0.68056714,5.8064661,5.5148774,5.2611165,0.34942583110994013,0.5874051399490409,Monotonic convergence,Included,1.1795029372595907,22.419251450896226,4.08161356274041,6.44061943725959
0.69057548,5.8003684,5.509187,5.2556578,0.3482297460079046,0.5874051399490409,Monotonic convergence,Included,1.1784259753219455,22.422045349336585,4.077231824678054,6.4340837753219455
0.70058382,5.7942708,5.5034967,5.2502151,0.34718591769759694,0.5874051399490409,Monotonic convergence,Included,1.1772751087886646,22.423369068986613,4.072939991211335,6.427490208788665
0.71059216,5.7881731,5.4978063,5.2447725,0.34614155605113617,0.5874051399490409,Monotonic convergence,Included,1.1761233126378259,22.42467738377262,4.068649187362174,6.420895812637825
0.7206005,5.7820754,5.4921533,5.2393548,0.3446540319424777,0.5874051399490409,Monotonic convergence,Included,1.1750296175841866,22.42699077344765,4.064325182415813,6.414384417584187
0.73060884,5.7759778,5.4865093,5.2339412,0.34303899656009307,0.5874051399490409,Monotonic convergence,Included,1.173958698160646,22.429726534960803,4.059982501839354,6.407899898160647
0.74061718,5.7699184,5.4808653,5.2285352,0.34182072482276593,0.5874051399490409,Monotonic convergence,Included,1.172852453270014,22.431759726319026,4.055682746729985,6.401387653270014
0.75062552,5.7638904,5.4752229,5.2231491,0.34103378563931896,0.5874051399490409,Monotonic convergence,Included,1.171661148373086,22.432083134924987,4.051487951626914,6.394810248373085
0.76063386,5.7578624,5.4696177,5.2177629,0.33956052086050603,0.5874051399490409,Monotonic convergence,Included,1.1706432171501853,22.435730399903473,4.047119682849815,6.388406117150185
0.7706422,5.7518343,5.4640166,5.2123957,0.33819400775586794,0.5874051399490409,Monotonic convergence,Included,1.1695560294194336,22.437974718984467,4.042839670580566,6.381951729419434
0.78065054,5.7458063,5.4584155,5.2070357,0.3368957852923595,0.5874051399490409,Monotonic convergence,Included,1.1684353754566974,22.43954992389811,4.038600324543302,6.375471075456697
0.79065888,5.7397783,5.4528197,5.2016806,0.3355448405702866,0.5874051399490409,Monotonic convergence,Included,1.1673165807290644,22.441142978464775,4.034364019270936,6.368997180729065
0.80066722,5.7338022,5.4472581,5.1963454,0.3342023645525642,0.5874051399490409,Monotonic convergence,Included,1.1662642536566297,22.443932492567367,4.03008114634337,6.36260965365663
0.81067556,5.7278384,5.4416965,5.1910103,0.3329638758774742,0.5874051399490409,Monotonic convergence,Included,1.1652114617754161,22.44671835414035,4.025798838224584,6.356221761775417
0.8206839,5.7218746,5.4361348,5.1856915,0.33188510109598857,0.5874051399490409,Monotonic convergence,Included,1.1640824412546809,22.447969403013676,4.0216090587453195,6.34977394125468
0.83069224,5.7159108,5.4305873,5.18038,0.3306127509982636,0.5874051399490409,Monotonic convergence,Included,1.1629854925395973,22.449810487639848,4.017394507460403,6.343365492539598
0.84070058,5.709947,5.4250618,5.1750734,0.3289777043822909,0.5874051399490409,Monotonic convergence,Included,1.1619680261254839,22.453169961328165,4.013105373874516,6.3370414261254835
0.85070892,5.7039941,5.4195364,5.1697843,0.3276045177895958,0.5874051399490409,Monotonic convergence,Included,1.160869682984068,22.45489590318242,4.008914617015932,6.330653982984067
0.86071726,5.6980857,5.4140109,5.1644953,0.32661770052355404,0.5874051399490409,Monotonic convergence,Included,1.1597704102250983,22.456606945214926,4.004724889774901,6.324265710225098
0.8707256,5.6921774,5.408509,5.1592227,0.3253527075163923,0.5874051399490409,Monotonic convergence,Included,1.158704603698109,22.458898773610006,4.0005180963018905,6.317927303698109
0.88073394,5.686269,5.403017,5.153955,0.32394797227111694,0.5874051399490409,Monotonic convergence,Included,1.1576620376100062,22.461624861101935,3.996292962389994,6.311617037610006
0.89074229,5.6803606,5.397525,5.1486945,0.32261136035339816,0.5874051399490409,Monotonic convergence,Included,1.1565860052899104,22.463675117836384,3.9921084947100898,6.305280505289911
0.90075063,5.6744523,5.3920362,5.1434472,0.32134376764186057,0.5874051399490409,Monotonic convergence,Included,1.1554634920920628,22.46476822182724,3.987983707907937,6.298910692092063
0.91075897,5.6685786,5.3865744,5.1382008,0.31988008724105976,0.5874051399490409,Monotonic convergence,Included,1.1544622939851605,22.46822066559097,3.9837385060148396,6.29266309398516
0.92076731,5.6627185,5.3811133,5.1329711,0.3186853579345559,0.5874051399490409,Monotonic convergence,Included,1.153386726473848,22.470158198900595,3.979584373526152,6.286357826473848
0.93077565,5.6568584,5.3756522,5.1277432,0.3175057495169229,0.5874051399490409,Monotonic convergence,Included,1.152302792404536,22.471928633332027,3.9754404075954644,6.280045992404537
0.94078399,5.6509984,5.3702058,5.1225261,0.31615606426472814,0.5874051399490409,Monotonic convergence,Included,1.1512369858775509,22.474009178353448,3.971289114122449,6.273763085877551
0.95079233,5.6451383,5.3647733,5.1173168,0.31461894527678963,0.5874051399490409,Monotonic convergence,Included,1.150199532685999,22.476613773178926,3.967117267314001,6.267516332685999
0.96080067,5.6392941,5.3593407,5.1121118,0.31326318864732416,0.5874051399490409,Monotonic convergence,Included,1.1491416279082303,22.47880470666213,3.9629701720917696,6.261253427908231
0.97080901,5.6334764,5.3539101,5.1069202,0.3122346016910352,0.5874051399490409,Monotonic convergence,Included,1.1480307349298216,22.47990354205694,3.958889465070179,6.254950934929822
0.98081735,5.6276587,5.3485023,5.1017289,0.31077672143135826,0.5874051399490409,Monotonic convergence,Included,1.147024423926364,22.483053223905408,3.954704476073636,6.248753323926365
0.99082569,5.621841,5.3430963,5.0965524,0.30942968502549545,0.5874051399490409,Monotonic convergence,Included,1.1459576877818254,22.48495841584647,3.950594712218175,6.242510087781826
1.000834,5.6160234,5.3376903,5.0913776,0.3080973332533029,0.5874051399490409,Monotonic convergence,Included,1.1448830498880662,22.4867047749133,3.946494550111934,6.236260649888067
1.0108424,5.6102116,5.332298,5.086213,0.30665643345332533,0.5874051399490409,Monotonic convergence,Included,1.1438246803015226,22.4887294397919,3.9423883196984773,6.230037680301523
1.0208507,5.6044317,5.3269166,5.0810543,0.30534868164404544,0.5874051399490409,Monotonic convergence,Included,1.142789551153857,22.491189498877368,3.9382647488461426,6.223843851153857
1.030859,5.5986518,5.3215352,5.0759011,0.30409315969137257,0.5874051399490409,Monotonic convergence,Included,1.141728857523423,22.49312654108692,3.9341722424765773,6.217629957523423
1.0408674,5.592872,5.3161572,5.0707578,0.3028706232779284,0.5874051399490409,Monotonic convergence,Included,1.1406379513224527,22.494427782026047,3.9301198486775473,6.211395751322453
1.0508757,5.5870921,5.3107985,5.0656161,0.301293456694046,0.5874051399490409,Monotonic convergence,Included,1.139629316275109,22.497348669495683,3.9259867837248907,6.205245416275108
1.0608841,5.5813156,5.3054398,5.0604874,0.299873982101464,0.5874051399490409,Monotonic convergence,Included,1.13856025608668,22.499023633310102,3.9219271439133205,6.19904765608668
1.0708924,5.5755687,5.3000811,5.0553588,0.2987173891599672,0.5874051399490409,Monotonic convergence,Included,1.1374907310894762,22.500692356187976,3.9178680689105234,6.192849531089475
1.0809008,5.5698227,5.2947398,5.0502426,0.29735944758523514,0.5874051399490409,Monotonic convergence,Included,1.1364444465311505,22.50276940222932,3.913798153468849,6.1866870465311505
1.0909091,5.5640768,5.2894025,5.0451279,0.29593791560329435,0.5874051399490409,Monotonic convergence,Included,1.1354097821922595,22.505074295386237,3.9097181178077403,6.180537682192259
1.1009174,5.5583309,5.2840652,5.0400226,0.2946080903890991,0.5874051399490409,Monotonic convergence,Included,1.1343314258282777,22.506474987399415,3.9056911741717224,6.174354025828278
1.1109258,5.5525882,5.2787383,5.0349215,0.2931472885651333,0.5874051399490409,Monotonic convergence,Included,1.133281887608508,22.508432109785783,3.9016396123914925,6.168203387608508
1.1209341,5.5468715,5.2734209,5.0298271,0.29180354311104156,0.5874051399490409,Monotonic convergence,Included,1.13224536403451,22.510621966200585,3.89758173596549,6.162072464034511
1.1309425,5.5411551,5.2681035,5.0247388,0.2905212146349587,0.5874051399490409,Monotonic convergence,Included,1.1311804871250826,22.512224657828636,3.893558312874917,6.155919287125082
1.1409508,5.5354387,5.2627915,5.0196549,0.2891767334031744,0.5874051399490409,Monotonic convergence,Included,1.1301202583034275,22.513903461838133,3.8895346416965726,6.149775158303427
1.1509591,5.5297222,5.2574928,5.0145788,0.287651520391641,0.5874051399490409,Monotonic convergence,Included,1.1290855939645408,22.516060450870587,3.8854932060354592,6.14366439396454
1.1609675,5.5240124,5.2521941,5.0095055,0.2862119294681256,0.5874051399490409,Monotonic convergence,Included,1.1280379149798785,22.517949425943904,3.881467585020122,6.137543414979879
1.1709758,5.5183223,5.2468973,5.004441,0.2850010585903628,0.5874051399490409,Monotonic convergence,Included,1.1269581641895683,22.519161764312305,3.8774828358104316,6.131399164189569
1.1809842,5.5126321,5.2416159,4.9993781,0.2835053423123229,0.5874051399490409,Monotonic convergence,Included,1.125942557010562,22.521652383334676,3.8734355429894385,6.125320657010562
1.1909925,5.506942,5.2363345,4.9943249,0.2821059099791886,0.5874051399490409,Monotonic convergence,Included,1.124881863380132,22.523201551828,3.8694430366198675,6.119206763380132
1.2010008,5.5012518,5.2310539,4.9892728,0.2806978790036228,0.5874051399490409,Monotonic convergence,Included,1.1238197753233656,22.524720943768912,3.8654530246766345,6.113092575323366
1.2110092,5.4955742,5.2257869,4.9842299,0.279232241405975,0.5874051399490409,Monotonic convergence,Included,1.1227781388528164,22.52661216234862,3.8614517611471832,6.1070080388528165
1.2210175,5.4899079,5.2205213,4.9791884,0.2778537677704814,0.5874051399490409,Monotonic convergence,Included,1.121736502382263,22.52850087741735,3.8574518976177368,6.100924902382263
1.2310259,5.4842417,5.2152556,4.9741554,0.2765618832788672,0.5874051399490409,Monotonic convergence,Included,1.1206548923568413,22.529551295418745,3.8535005076431585,6.094810292356842
1.2410342,5.4785755,5.2100032,4.9691239,0.275023552955706,0.5874051399490409,Monotonic convergence,Included,1.1196281297671749,22.53170080478724,3.8494957702328247,6.088752029767175
1.2510425,5.4729094,5.2047526,4.9641007,0.2735324833372773,0.5874051399490409,Monotonic convergence,Included,1.1185711546069597,22.533208373612556,3.845529545393041,6.08267185460696
1.2610509,5.4672625,5.1995019,4.9590788,0.2722300807918673,0.5874051399490409,Monotonic convergence,Included,1.1175076721238606,22.534581868791047,3.84157112787614,6.076586472123861
1.2710592,5.4616178,5.1942634,4.9540651,0.2707910141101044,0.5874051399490409,Monotonic convergence,Included,1.1164627819918673,22.536296141765828,3.837602318008133,6.070527881991867
1.2810676,5.455973,5.1890269,4.9490527,0.26932177924669437,0.5874051399490409,Monotonic convergence,Included,1.115421145521318,22.538073710981458,3.833631554478682,6.064473845521318
1.2910759,5.4503283,5.1837905,4.9440482,0.2679292664929815,0.5874051399490409,Monotonic convergence,Included,1.114343253966115,22.539085560818666,3.829704946033885,6.058391453966115
1.3010842,5.4446912,5.1785655,4.9390451,0.26639490094200974,0.5874051399490409,Monotonic convergence,Included,1.1133118432886722,22.541034162426904,3.8257332567113282,6.052356943288673
1.3110926,5.4390656,5.1733422,4.9340493,0.26500560602307177,0.5874051399490409,Monotonic convergence,Included,1.1122544033196822,22.542425818884343,3.8217948966803177,6.046303703319682
1.3211009,5.4334399,5.1681192,4.9290551,0.2636225889742226,0.5874051399490409,Monotonic convergence,Included,1.1111909208365833,22.543690388784317,3.8178641791634167,6.040246020836584
1.3311093,5.4278143,5.1629072,4.9240677,0.26209110640830985,0.5874051399490409,Monotonic convergence,Included,1.1101469603221479,22.54532285009298,3.8139207396778523,6.034214660322148
1.3411176,5.4221899,5.1576962,4.9190818,0.26056283031325345,0.5874051399490409,Monotonic convergence,Included,1.109100675763822,22.54690450083229,3.809981124236178,6.028182475763822
1.3511259,5.4165802,5.1524863,4.9141031,0.25922108937000976,0.5874051399490409,Monotonic convergence,Included,1.1080260378700588,22.54787934486069,3.8060770621299413,6.022129137870059
1.3611343,5.4109716,5.1472863,4.9091258,0.2577054565393266,0.5874051399490409,Monotonic convergence,Included,1.1069909087223975,22.5496545377264,3.8021348912776025,6.0161167087223975
1.3711426,5.405363,5.1420868,4.9041549,0.2562426002393881,0.5874051399490409,Monotonic convergence,Included,1.1059283558568562,22.550844710407826,3.7982265441431435,6.010083255856856
1.381151,5.3997544,5.1368895,4.899186,0.25475331489788966,0.5874051399490409,Monotonic convergence,Included,1.1048667326088646,22.552047066775266,3.7943192673911357,6.004052732608865
1.3911593,5.3941568,5.1317009,4.8942224,0.25324654862054313,0.5874051399490409,Monotonic convergence,Included,1.1038209128593177,22.553550342528727,3.7904014871406826,5.998043312859318
1.4011676,5.3885634,5.1265123,4.8892618,0.2518068099750555,0.5874051399490409,Monotonic convergence,Included,1.1027611488464415,22.554757629187325,3.7865006511535584,5.992022948846442
1.411176,5.3829701,5.1213278,4.8843052,0.25032466337749554,0.5874051399490409,Monotonic convergence,Included,1.1017018496423443,22.555958412311014,3.7826033503576557,5.986007049642344
1.4211843,5.3773768,5.1161493,4.8793526,0.2487611924550994,0.5874051399490409,Monotonic convergence,Included,1.1006518466137958,22.55733366376916,3.778700753386204,5.980004446613796
1.4311927,5.3717907,5.1109708,4.8744028,0.24729114529683444,0.5874051399490409,Monotonic convergence,Included,1.0995888289394715,22.558431751669588,3.774813971060529,5.973991628939472
1.441201,5.3662111,5.1057985,4.8694579,0.24580663641359476,0.5874051399490409,Monotonic convergence,Included,1.0985318537792645,22.559633461031968,3.770926046220735,5.967989753779264
1.4512093,5.3606315,5.1006295,4.8645148,0.24427134050603722,0.5874051399490409,Monotonic convergence,Included,1.097481850750716,22.560972591772483,3.767032949249284,5.9619966507507165
1.4612177,5.3550519,5.0954607,4.8595772,0.24278573083143346,0.5874051399490409,Monotonic convergence,Included,1.0964072128569569,22.56178197677273,3.7631699871430433,5.9559844128569575
1.471226,5.3494777,5.0902997,4.8546411,0.24120742098300418,0.5874051399490409,Monotonic convergence,Included,1.0953618579161848,22.563189231768025,3.7592792420838155,5.950002957916185
1.4812344,5.3439104,5.0851396,4.8497101,0.23972640031559916,0.5874051399490409,Monotonic convergence,Included,1.0942969810067533,22.56417308339221,3.755413118993247,5.944007081006753
1.4912427,5.338343,5.0799817,4.8447813,0.2382196190806351,0.5874051399490409,Monotonic convergence,Included,1.093232104097326,22.565148690970346,3.7515491959026743,5.938013404097326
1.501251,5.3327757,5.0748299,4.839856,0.2366242090141898,0.5874051399490409,Monotonic convergence,Included,1.0921793122161125,22.56635966475268,3.747676687783888,5.9320353122161125
1.5112594,5.3272133,5.069678,4.8349342,0.23511050470748965,0.5874051399490409,Monotonic convergence,Included,1.0911097872189046,22.567210681355387,3.7438244127810956,5.926043987218905
1.5212677,5.3216568,5.0645312,4.8300145,0.23356899156572558,0.5874051399490409,Monotonic convergence,Included,1.09005420648503,22.568342320401523,3.7399602935149696,5.92006870648503
1.5312761,5.3161003,5.0593872,4.8250995,0.2320166164852562,0.5874051399490409,Monotonic convergence,Included,1.0889897943843734,22.569271253046146,3.736109705615627,5.9140892943843735
1.5412844,5.3105438,5.0542438,4.820186,0.23046393951426392,0.5874051399490409,Monotonic convergence,Included,1.0879211990047275,22.57010826977896,3.732264800995272,5.908107199004727
1.5512927,5.3049928,5.0491069,4.8152767,0.22887328816110464,0.5874051399490409,Monotonic convergence,Included,1.0868632942269585,22.571149322051596,3.7284134057730416,5.902139994226959
1.5613011,5.299446,5.0439701,4.8103698,0.22734245674718348,0.5874051399490409,Monotonic convergence,Included,1.0857946988473084,22.571958996734686,3.7245751011526917,5.896164498847309
1.5713094,5.2938992,5.038837,4.8054654,0.22575913535315786,0.5874051399490409,Monotonic convergence,Included,1.0847316811729883,22.57287465170363,3.7207337188270118,5.890197081172989
1.5813178,5.2883524,5.033707,4.8005647,0.22414798131862035,0.5874051399490409,Monotonic convergence,Included,1.0836658746460033,22.573716684747595,3.7168988253539963,5.884230574646003
1.5913261,5.2828122,5.0285776,4.7956656,0.22260148564939064,0.5874051399490409,Monotonic convergence,Included,1.0825954200312418,22.574455984404786,3.7130701799687587,5.878261020031243
1.6013344,5.277274,5.0234536,4.7907704,0.22100195719873136,0.5874051399490409,Monotonic convergence,Included,1.0815319375481427,22.575323950990065,3.7092384624518577,5.872302337548144
1.6113428,5.2717358,5.01833,4.7858774,0.21941346531567774,0.5874051399490409,Monotonic convergence,Included,1.0804600885070488,22.576008497565123,3.7054173114929516,5.86633748850705
1.6213511,5.2661983,5.0132098,4.7809865,0.21778061320403355,0.5874051399490409,Monotonic convergence,Included,1.0793942819800677,22.57681091507093,3.7015922180199325,5.8603807819800675
1.6313595,5.2606674,5.0080922,4.7760993,0.21619426949355805,0.5874051399490409,Monotonic convergence,Included,1.0783233625565274,22.577490433595617,3.697775937443473,5.854422662556527
1.6413678,5.2551368,5.0029754,4.7712136,0.21460631156532467,0.5874051399490409,Monotonic convergence,Included,1.0772491894715472,22.578096052365947,3.6939644105284533,5.848462789471547
1.6513761,5.2496062,4.9978633,4.7663309,0.21294992162375023,0.5874051399490409,Monotonic convergence,Included,1.0761829181357834,22.578854483975995,3.690147981864216,5.842513818135783
1.6613845,5.2440785,4.9927512,4.7614508,0.21134538633173416,0.5874051399490409,Monotonic convergence,Included,1.0751045617718014,22.57934833164298,3.6863462382281993,5.836555361771802
1.6713928,5.2385545,4.9876432,4.7565722,0.20970485905312383,0.5874051399490409,Monotonic convergence,Included,1.0740382904360415,22.58009014214147,3.6825339095639587,5.830610490436041
1.6814012,5.2330306,4.9825363,4.751697,0.2080747246538776,0.5874051399490409,Monotonic convergence,Included,1.0729613284983923,22.580592333610337,3.6787356715016077,5.824658328498392
1.6914095,5.2275066,4.9774315,4.7468237,0.2064163680072614,0.5874051399490409,Monotonic convergence,Included,1.0718852961783008,22.581106102135216,3.6749384038216997,5.818708996178301
1.7014178,5.221988,4.9723294,4.7419525,0.2047738369975268,0.5874051399490409,Monotonic convergence,Included,1.0708120527108742,22.581669738591312,3.671140447289126,5.812764552710874
1.7114262,5.2164699,4.967228,4.7370837,0.20314317400979792,0.5874051399490409,Monotonic convergence,Included,1.0697309074942314,22.582056286956284,3.6673527925057687,5.806814607494232
1.7214345,5.2109517,4.9621304,4.7322169,0.20145009041550024,0.5874051399490409,Monotonic convergence,Included,1.0686581288355836,22.582610886571654,3.6635587711644164,5.800875028835584
1.7314429,5.205436,4.9570329,4.7273521,0.19979672827076694,0.5874051399490409,Monotonic convergence,Included,1.067576518810158,22.58297025961231,3.659775581189842,5.794928618810158
1.7414512,5.1999229,4.9519389,4.7224897,0.1981181002600596,0.5874051399490409,Monotonic convergence,Included,1.0665000216812917,22.583427163034187,3.655989678318708,5.7889897216812916
1.7514595,5.1944098,4.9468456,4.7176291,0.19643980373652012,0.5874051399490409,Monotonic convergence,Included,1.0654184116558658,22.58376801295943,3.652210688344134,5.783047511655866
1.7614679,5.1888972,4.9417547,4.7127706,0.19473473108063735,0.5874051399490409,Monotonic convergence,Included,1.0643381960567768,22.584129090789542,3.648432403943223,5.777108796056776
1.7714762,5.1833885,4.9366652,4.7079139,0.19305435431195603,0.5874051399490409,Monotonic convergence,Included,1.0632561212225762,22.58444278733679,3.6446577787774244,5.771170021222576
1.7814846,5.1778797,4.9315773,4.7030592,0.19135668450387486,0.5874051399490409,Monotonic convergence,Included,1.0621721871532643,22.584707995027244,3.640887012846736,5.765231387153264
1.7914929,5.172371,4.9264914,4.698206,0.18962988364921493,0.5874051399490409,Monotonic convergence,Included,1.0610905771278427,22.585016006702194,3.6371154228721574,5.759296577127842
1.8015013,5.1668653,4.9214065,4.6933551,0.18793254645820662,0.5874051399490409,Monotonic convergence,Included,1.0600029245883122,22.585184841187754,3.6333521754116873,5.753358024588312
1.8115096,5.1613602,4.9163239,4.688506,0.1862079991640613,0.5874051399490409,Monotonic convergence,Included,1.0589175960926678,22.58539492308782,3.6295884039073325,5.747423596092668
1.8215179,5.1558551,4.9112419,4.6836582,0.18448024312862477,0.5874051399490409,Monotonic convergence,Included,1.0578290139355835,22.585529702735002,3.6258291860644167,5.741487213935583
1.8315263,5.1503519,4.9061624,4.6788122,0.18273404319039988,0.5874051399490409,Monotonic convergence,Included,1.0567436854399392,22.585725613007916,3.622068514560061,5.73555588543994
1.8415346,5.1448499,4.9010831,4.6739682,0.18101271655889595,0.5874051399490409,Monotonic convergence,Included,1.0556499903862997,22.585733261649054,3.6183182096137,5.7296181903863
1.851543,5.1393479,4.8960065,4.6691255,0.17924397666326983,0.5874051399490409,Monotonic convergence,Included,1.054562802655548,22.585874006932304,3.614562697344452,5.723688302655548
1.8615513,5.1338471,4.8909302,4.6642842,0.17749144994427576,0.5874051399490409,Monotonic convergence,Included,1.0534705020282369,22.58589864717585,3.6108136979717633,5.717754702028237
1.8715596,5.1283475,4.8858558,4.6594447,0.17572581781484756,0.5874051399490409,Monotonic convergence,Included,1.0523786662097088,22.585924589033297,3.607066033790291,5.711823366209709
1.881568,5.1228479,4.8807821,4.6546068,0.17395793697159484,0.5874051399490409,Monotonic convergence,Included,1.051282647112183,22.585852947067043,3.603324152887817,5.705889447112183
1.8915763,5.1173492,4.8757101,4.6497701,0.17217145528377,0.5874051399490409,Monotonic convergence,Included,1.0501889520585435,22.58582530905224,3.599581147941456,5.699959052058543
1.9015847,5.1118515,4.8706388,4.6449346,0.17038849398728245,0.5874051399490409,Monotonic convergence,Included,1.0490929329610137,22.585741744588045,3.5958416670389863,5.694027532961014
1.911593,5.1063539,4.8655689,4.6401008,0.16859046462765623,0.5874051399490409,Monotonic convergence,Included,1.0479955194371555,22.58561967958014,3.592105280562844,5.688096319437156
1.9216013,5.1008569,4.8604997,4.6352683,0.1667929031964062,0.5874051399490409,Monotonic convergence,Included,1.0468953170606283,22.58543085975473,3.5883729829393713,5.6821636170606284
1.9316097,5.0953607,4.855432,4.630437,0.16497974900087783,0.5874051399490409,Monotonic convergence,Included,1.0457965091104375,22.585265907093383,3.584640490889562,5.676233509110437
1.941618,5.0898645,4.8503646,4.6256068,0.1631671414000533,0.5874051399490409,Monotonic convergence,Included,1.04469398269002,22.585014850160196,3.5809128173099802,5.67030078269002
1.9516264,5.0843689,4.8452989,4.6207779,0.16133360658146859,0.5874051399490409,Monotonic convergence,Included,1.043593315504718,22.58479715081562,3.5771845844952823,5.664371215504718
1.9616347,5.0788736,4.8402335,4.6159503,0.15950584460869918,0.5874051399490409,Monotonic convergence,Included,1.0424880002316395,22.58447193921563,3.5734622997683605,5.658438300231639
1.971643,5.0733784,4.8351693,4.6111237,0.15765923705168863,0.5874051399490409,Monotonic convergence,Included,1.0413836145761104,22.58416130922947,3.5697400854238897,5.652507314576111
1.9816514,5.0678836,4.8301056,4.6062982,0.15581290486824542,0.5874051399490409,Monotonic convergence,Included,1.0402764400679247,22.583784090832953,3.5660217599320756,5.646574640067925
1.9916597,5.0623889,4.8250429,4.6014736,0.1539507843220413,0.5874051399490409,Monotonic convergence,Included,1.0391697303685095,22.583411765494198,3.562303869631491,5.64064333036851
2.0016681,5.0568944,4.8199808,4.5966504,0.1520879607983881,0.5874051399490409,Monotonic convergence,Included,1.0380593021988798,22.582950885255052,3.55859109780112,5.6347097021988795
2.0116764,5.0513997,4.8149193,4.5918276,0.15020916938085904,0.5874051399490409,Monotonic convergence,Included,1.0369498036467997,22.582507314664852,3.5548777963532006,5.6287774036468
2.0216847,5.0459052,4.8098586,4.5870061,0.14832418223083463,0.5874051399490409,Monotonic convergence,Included,1.0358379810508374,22.58200574555236,3.5511681189491626,5.622844081050838
2.0316931,5.0404106,4.8047981,4.5821854,0.14643721184775213,0.5874051399490409,Monotonic convergence,Included,1.034723369602206,22.58143831548601,3.547462030397794,5.616908769602206
2.0417014,5.0349159,4.7997386,4.5773655,0.14453095307754538,0.5874051399490409,Monotonic convergence,Included,1.0336096877711325,22.580886052711598,3.5437558122288673,5.610975187771133
2.0517098,5.0294211,4.7946793,4.5725464,0.14262261955361444,0.5874051399490409,Monotonic convergence,Included,1.0324932170873897,22.58026768383126,3.5400531829126107,5.60503961708739
2.0617181,5.023926,4.7896206,4.5677281,0.14070141464442099,0.5874051399490409,Monotonic convergence,Included,1.0313758167860934,22.579623703654633,3.5363522832139065,5.599103916786094
2.0717264,5.0184306,4.7845622,4.5629107,0.138774891482255,0.5874051399490409,Monotonic convergence,Included,1.030255627632132,22.57891278985872,3.532655072367868,5.593166327632131
2.0817348,5.0129352,4.7795041,4.5580936,0.1368394922512546,0.5874051399490409,Monotonic convergence,Included,1.0291354384781664,22.57819888731917,3.528958161521834,5.587229038478167
2.0917431,5.0074389,4.7744465,4.5532774,0.13488798046711878,0.5874051399490409,Monotonic convergence,Included,1.0280133900890978,22.577438178686364,3.5252640099109023,5.581290790089097
2.1017515,5.0019426,4.769389,4.5484618,0.13293518321006492,0.5874051399490409,Monotonic convergence,Included,1.0268890176561387,22.576621785768076,3.5215727823438616,5.575350817656139
2.1117598,4.9964457,4.7643319,4.5436468,0.13096815393768468,0.5874051399490409,Monotonic convergence,Included,1.025763715605622,22.575780221420864,3.517883084394378,5.569410515605623
2.1217681,4.9909482,4.7592748,4.5388323,0.12899443715597064,0.5874051399490409,Monotonic convergence,Included,1.0246360895112192,22.574883181104074,3.514196210488781,5.563468389511219
2.1317765,4.9854505,4.7542179,4.5340183,0.12701388066032984,0.5874051399490409,Monotonic convergence,Included,1.023507068990488,22.573950991562782,3.5105112310095117,5.557525368990488
2.1417848,4.9799515,4.7491612,4.5292047,0.12501355082668014,0.5874051399490409,Monotonic convergence,Included,1.0223771188521906,22.572994301895662,3.5068275811478093,5.551581818852191
2.1517932,4.9744525,4.7441044,4.5243915,0.12301386006714116,0.5874051399490409,Monotonic convergence,Included,1.0212448446700155,22.571982213962155,3.5031466553299846,5.545636344670015
2.1618015,4.9689523,4.7390477,4.5195788,0.12099864199995729,0.5874051399490409,Monotonic convergence,Included,1.020110711252729,22.570924335974166,3.4994680887472707,5.539689511252728
2.1718098,4.9634515,4.733991,4.5147663,0.11897308299558244,0.5874051399490409,Monotonic convergence,Included,1.0189756482178804,22.569842612183063,3.4957906517821193,5.53374194821788
2.1818182,4.95795,4.7289341,4.5099542,0.11694271347707885,0.5874051399490409,Monotonic convergence,Included,1.017837796330371,22.56869474041158,3.492116403669629,5.527791996330372
2.1918265,4.9524473,4.7238772,4.5051423,0.11489541683673046,0.5874051399490409,Monotonic convergence,Included,1.0166990148253081,22.5675227800309,3.488443285174692,5.521841314825308
2.2018349,4.9469443,4.71882,4.5003307,0.11284860662976558,0.5874051399490409,Monotonic convergence,Included,1.0155574444675761,22.566284839191397,3.4847732555324242,5.515888144467576
2.2118432,4.9414395,4.7137627,4.4955192,0.11077931091758655,0.5874051399490409,Monotonic convergence,Included,1.0144149444922903,22.565023067686823,3.4811042555077103,5.5099341444922905
2.2218515,4.9359346,4.7087051,4.4907078,0.10871031303312872,0.5874051399490409,Monotonic convergence,Included,1.0132705852818973,22.56371668808862,3.477437214718103,5.503978385281897
2.2318599,4.9304275,4.7036472,4.4858966,0.10661987726072009,0.5874051399490409,Monotonic convergence,Included,1.0121239020276098,22.56235469242893,3.4737726979723904,5.49802050202761
2.2418682,4.9249203,4.698589,4.4810854,0.10452851137598218,0.5874051399490409,Monotonic convergence,Included,1.010975824346994,22.560958654057202,3.4701095756530065,5.492061224346994
2.2518766,4.9194111,4.6935303,4.4762742,0.10241989654798918,0.5874051399490409,Monotonic convergence,Included,1.009825422622492,22.55950769554046,3.466448777377508,5.486099622622492
2.2618849,4.9139014,4.6884712,4.4714631,0.10030925889349394,0.5874051399490409,Monotonic convergence,Included,1.0086726968540998,22.558001135111677,3.4627904031459007,5.4801357968541
2.2718932,4.9083899,4.6834116,4.4666518,0.09818112902672775,0.5874051399490409,Monotonic convergence,Included,1.007518576659375,22.556461120595408,3.459133223340625,5.474170376659375
2.2819016,4.9028775,4.6783516,4.4618405,0.09604533990190942,0.5874051399490409,Monotonic convergence,Included,1.006362597229539,22.554876115126458,3.455477902770461,5.468203097229539
2.2919099,4.8973635,4.6732909,4.457029,0.09389857478748301,0.5874051399490409,Monotonic convergence,Included,1.0052042937558123,22.553236556365512,3.451824706244188,5.462233293755813
2.3019183,4.8918483,4.6682296,4.4522174,0.09174407309032498,0.5874051399490409,Monotonic convergence,Included,1.004043666238204,22.55154176070117,3.4481737337617964,5.456261066238204
2.3119266,4.8863315,4.6631677,4.4474055,0.08957506541086897,0.5874051399490409,Monotonic convergence,Included,1.0028816442942587,22.54981346527225,3.4445238557057416,5.4502871442942595
2.3219349,4.8808134,4.6581052,4.4425934,0.0873959345072794,0.5874051399490409,Monotonic convergence,Included,1.0017177631152065,22.5480405907776,3.440875636884793,5.444311163115207
2.3319433,4.8752935,4.6530418,4.437781,0.0852066865581179,0.5874051399490409,Monotonic convergence,Included,1.0005510930834849,22.546202552209873,3.4372299069165155,5.438332093083485
2.3419516,4.8697723,4.6479776,4.4329682,0.08300940582174486,0.5874051399490409,Monotonic convergence,Included,0.9993825638166561,22.54432061607516,3.433585636183344,5.432350763816657
2.35196,4.864249,4.6429127,4.4281551,0.08079399748756354,0.5874051399490409,Monotonic convergence,Included,0.9982121753147201,22.54239412966181,3.4299429246852795,5.426367275314719
2.3619683,4.8587247,4.6378469,4.4233416,0.07857603073169762,0.5874051399490409,Monotonic convergence,Included,0.9970394627688938,22.54041294863806,3.4263021372311058,5.420381062768893
2.3719766,4.8531978,4.6327803,4.4185276,0.07633413160813474,0.5874051399490409,Monotonic convergence,Included,0.9958653557967307,22.538398442882436,3.422662244203269,5.414392955796731
2.381985,4.8476702,4.6277126,4.4137131,0.07409631100561316,0.5874051399490409,Monotonic convergence,Included,0.9946884599719028,22.536318909625162,3.419024640028097,5.408401559971903
2.3919933,4.8421396,4.6226439,4.4088981,0.07183442797690136,0.5874051399490409,Monotonic convergence,Included,0.9935092401031886,22.53418467764516,3.4153888598968116,5.4024073401031885
2.4020017,4.8366082,4.6175742,4.4040825,0.06957197073063356,0.5874051399490409,Monotonic convergence,Included,0.992328160999363,22.53200663246801,3.4117543390006375,5.396410660999363
2.41201,4.8310741,4.6125035,4.3992663,0.0672874655837504,0.5874051399490409,Monotonic convergence,Included,0.9911452226604303,22.52978462932399,3.40812107733957,5.39041152266043
2.4220183,4.8255385,4.6074316,4.3944495,0.06499893887386511,0.5874051399490409,Monotonic convergence,Included,0.9899594954688282,22.527497368415048,3.404490004531172,5.384408995468829
2.4320267,4.820001,4.6023587,4.389632,0.06269606466279198,0.5874051399490409,Monotonic convergence,Included,0.9887723738508979,22.525176913483815,3.400859626149102,5.3784043738508975
2.442035,4.8144608,4.5972845,4.3848138,0.06037655227321278,0.5874051399490409,Monotonic convergence,Included,0.9875824633802984,22.522791352743383,3.3972313366197016,5.372396263380298
2.4520434,4.8089195,4.5922091,4.3799948,0.05805505020650171,0.5874051399490409,Monotonic convergence,Included,0.9863906936745874,22.520362208525622,3.393604106325413,5.366385493674588
2.4620517,4.8033751,4.5871325,4.375175,0.05570870277513487,0.5874051399490409,Monotonic convergence,Included,0.9851970647337734,22.51788933548426,3.3899779352662263,5.360372064733773
2.4720601,4.797829,4.5820545,4.3703544,0.053357989825080804,0.5874051399490409,Monotonic convergence,Included,0.9840006469402861,22.515351316595424,3.386353753059714,5.354355046940286
2.4820684,4.7922811,4.5769752,4.3655329,0.05099824342621741,0.5874051399490409,Monotonic convergence,Included,0.9828023699116915,22.512769744827523,3.3827305300883084,5.348335269911692
2.4920767,4.7867301,4.5718945,4.3607105,0.048616777268812736,0.5874051399490409,Monotonic convergence,Included,0.9816017688392107,22.510133815102165,3.3791087311607892,5.34231226883921
2.5020851,4.7811774,4.5668124,4.3558873,0.0462307407973702,0.5874051399490409,Monotonic convergence,Included,0.9803983789140608,22.507432157715854,3.3754889210859393,5.336285678914061
2.5120934,4.7756226,4.5617289,4.3510629,0.043830787208312426,0.5874051399490409,Monotonic convergence,Included,0.9791940593713614,22.504709352084095,3.3718688406286383,5.330256959371361
2.5221018,4.7700647,4.5566439,4.3462377,0.041412282931971696,0.5874051399490409,Monotonic convergence,Included,0.977986486167214,22.501909782044688,3.3682512138327856,5.324224186167213
2.5321101,4.7645051,4.5515574,4.3414113,0.038986626068696933,0.5874051399490409,Monotonic convergence,Included,0.976777518536734,22.499078088655963,3.364633781463266,5.318188818536734
2.5421184,4.7589433,4.5464694,4.3365838,0.03654913502539092,0.5874051399490409,Monotonic convergence,Included,0.9755666916711467,22.49620292524145,3.361017108328853,5.312150491671146
2.5521268,4.7533784,4.5413796,4.3317553,0.03409745095308742,0.5874051399490409,Monotonic convergence,Included,0.9743521463353325,22.493240703955102,3.357403153664668,5.306107446335333
2.5621351,4.7478114,4.5362885,4.3269256,0.03162904238331265,0.5874051399490409,Monotonic convergence,Included,0.9731371361907478,22.490267366528045,3.353788463809252,5.300062736190748
2.5721435,4.7422424,4.5311955,4.3220947,0.029159080988842425,0.5874051399490409,Monotonic convergence,Included,0.971918872384715,22.487218347731133,3.350175827615285,5.294013572384715
2.5821518,4.7366709,4.5261008,4.3172626,0.026676969004072928,0.5874051399490409,Monotonic convergence,Included,0.970698284534796,22.484114923535017,3.346564315465204,5.2879608845347965
2.5921601,4.7310964,4.5210045,4.3124292,0.024173197386142074,0.5874051399490409,Monotonic convergence,Included,0.9694763022585445,22.480978986473435,3.3429528977414558,5.281905502258545
2.6021685,4.7255197,4.5159064,4.3075946,0.021662956670571325,0.5874051399490409,Monotonic convergence,Included,0.9682515311296321,22.47777753109896,3.3393430688703676,5.275846131129632
2.6121768,4.7199406,4.5108067,4.3027586,0.01913672197332981,0.5874051399490409,Monotonic convergence,Included,0.9670258303831578,22.47455458884349,3.335732769616842,5.269784430383158
2.6221852,4.7143591,4.505705,4.2979212,0.016603876196289273,0.5874051399490409,Monotonic convergence,Included,0.9657973407840186,22.47126682508787,3.3321238592159816,5.263718540784019
2.6321935,4.7087746,4.5006014,4.2930825,0.014056060531485984,0.5874051399490409,Monotonic convergence,Included,0.9645660623322183,22.467913494143623,3.3285164376677816,5.257648562332218
2.6422018,4.7031874,4.495496,4.2882423,0.011491965127371759,0.5874051399490409,Monotonic convergence,Included,0.9633333894540815,22.464527936168196,3.324908910545919,5.251575689454082
2.6522102,4.6975976,4.4903888,4.2834007,0.008913863097670192,0.5874051399490409,Monotonic convergence,Included,0.9620988573408374,22.461098662584554,3.321301842659162,5.245499557340837
2.6622185,4.6920053,4.4852795,4.2785577,0.006330016501204296,0.5874051399490409,Monotonic convergence,Included,0.9608610715661453,22.457592930583715,3.317696628433855,5.239418771566146
2.6722269,4.6864103,4.4801683,4.2737131,0.0037307981048296758,0.5874051399490409,Monotonic convergence,Included,0.9596218913651248,22.45405503156318,3.3140912086348755,5.233334991365125
2.6822352,4.6808127,4.475055,4.2688669,0.001122097481364231,0.5874051399490409,Monotonic convergence,Included,0.958380387120218,22.450463075347184,3.310486512879782,5.227247287120218
2.6922435,4.6752124,4.4699399,4.2640193,0.0014983572840991818,0.5874051399490409,Non-convergent,Included,0.9571370236401958,22.446826721450247,3.3068822763598043,5.221156323640196
2.7022519,4.6696095,4.4648228,4.25917,0.004129192282627765,0.5874051399490409,Non-convergent,Included,0.9558922657338452,22.443158308633965,3.303277734266155,5.215062265733845
2.7122602,4.6640038,4.4597034,4.2543191,0.0067673438971968475,0.5874051399490409,Non-convergent,Included,0.9546442541660507,22.43941349312633,3.299674845833949,5.208963354166051
2.7222686,4.6583954,4.4545821,4.2494665,0.009422507379778811,0.5874051399490409,Non-convergent,Included,0.9533953129806985,22.435647227262493,3.296071187019301,5.202861812980698
2.7322769,4.6527842,4.4494586,4.2446122,0.012088768171086764,0.5874051399490409,Non-convergent,Included,0.95214404775146,22.431826581270723,3.2924681522485395,5.19675624775146
2.7422852,4.6471703,4.4443331,4.2397563,0.014768629733509495,0.5874051399490409,Non-convergent,Included,0.9508909232871102,22.427961797877632,3.2888653767128897,5.19064722328711
2.7522936,4.6415535,4.4392053,4.2348986,0.01745976864767053,0.5874051399490409,Non-convergent,Included,0.9496354747788743,22.424042804209627,3.285263125221126,5.184534074778875
2.7623019,4.6359341,4.4340755,4.2300392,0.02016468620132933,0.5874051399490409,Non-convergent,Included,0.9483786318443017,22.42009085505169,3.2816605681556985,5.1784178318443015
2.7723103,4.6303119,4.4289435,4.2251779,0.02288347973511086,0.5874051399490409,Non-convergent,Included,0.9471203944834007,22.416106892999714,3.2780575055165997,5.172298294483401
2.7823186,4.6246871,4.4238093,4.2203149,0.02561137428064086,0.5874051399490409,Non-convergent,Included,0.9458598330786135,22.41206771273427,3.2744550669213863,5.166174733078614
2.7923269,4.6190594,4.4186728,4.21545,0.02835211183411847,0.5874051399490409,Non-convergent,Included,0.944597412438715,22.407985207717207,3.2708525875612846,5.160047412438715
2.8023353,4.613429,4.4135341,4.2105833,0.031104555397993006,0.5874051399490409,Non-convergent,Included,0.943333132563701,22.403858690165354,3.267250167436299,5.153916432563701
2.8123436,4.607796,4.4083932,4.2057147,0.03386877206719555,0.5874051399490409,Non-convergent,Included,0.9420674582623585,22.39969958643078,3.263647241737641,5.147782158262358
2.822352,4.6021605,4.4032499,4.2008442,0.03663869663221409,0.5874051399490409,Non-convergent,Included,0.9407994599171258,22.395485648268647,3.260044740082874,5.141643659917126
2.8323603,4.5965222,4.3981045,4.1959718,0.03942548015899018,0.5874051399490409,Non-convergent,Included,0.9395305319543394,22.39124991150654,3.25644126804566,5.135502331954339
2.8423686,4.5908816,4.3929568,4.1910975,0.042218088569205,0.5874051399490409,Non-convergent,Included,0.9382597447564458,22.386970113590674,3.252837755243554,5.129357244756445
2.852377,4.5852384,4.3878069,4.1862214,0.045021556030664565,0.5874051399490409,Non-convergent,Included,0.9369870983234367,22.382645560109093,3.2492343016765632,5.123208498323437
2.8623853,4.5795932,4.3826549,4.1813436,0.0478297105647769,0.5874051399490409,Non-convergent,Included,0.9357125926553203,22.37827555370767,3.24563100734468,5.11705619265532
2.8723937,4.573946,4.3775011,4.1764639,0.05065247519286243,0.5874051399490409,Non-convergent,Included,0.9344385517959787,22.373916647429386,3.242025348204021,5.110902451795979
2.882402,4.5682979,4.3723461,4.1715837,0.053473838772282824,0.5874051399490409,Non-convergent,Included,0.9331612572751931,22.36947222886102,3.238422442724807,5.1047449572751935
2.8924103,4.5626501,4.3671911,4.1667033,0.056304860520688414,0.5874051399490409,Non-convergent,Included,0.9318848923719694,22.365040783488695,3.2348184076280306,5.098588192371969
2.9024187,4.5570052,4.3620386,4.1618249,0.05914801542151159,0.5874051399490409,Non-convergent,Included,0.9306108515126278,22.360644041334552,3.2312140484873724,5.092435751512628
2.912427,4.5513693,4.3568937,4.156953,0.06199808296283013,0.5874051399490409,Non-convergent,Included,0.9293419235498414,22.356325018585522,3.227611076450158,5.086294923549841
2.9224354,4.5457539,4.3517667,4.1520967,0.06485461740718272,0.5874051399490409,Non-convergent,Included,0.9280836861889363,22.352169355519496,3.224013013811064,5.080180386188937
2.9324437,4.5401826,4.3466781,4.1472738,0.06771144271703132,0.5874051399490409,Non-convergent,Included,0.9268486892669174,22.348384359550064,3.2204251107330824,5.074122489266918
2.942452,4.5347023,4.3416701,4.1425206,0.07058132850970329,0.5874051399490409,Non-convergent,Included,0.9256643565016479,22.345437618382583,3.216856243498352,5.068184956501648
2.9524604,4.5294055,4.3368217,4.1379067,0.07340761260080374,0.5874051399490409,Non-convergent,Included,0.9245743799182271,22.34401224943586,3.213332320081773,5.062481079918228
2.9624687,4.5244382,4.3322796,4.1335598,0.07643359688304911,0.5874051399490409,Non-convergent,Included,0.9236670731843987,22.345559708230148,3.209892726815601,5.057226873184399
2.9724771,4.5200995,4.3282841,4.1296918,0.0792558857241931,0.5874051399490409,Non-convergent,Included,0.9230744419929893,22.352138772026265,3.2066173580070103,5.052766241992989
2.9824854,4.5167458,4.3251738,4.1265991,0.08216511649270311,0.5874051399490409,Non-convergent,Included,0.9229926356481333,22.36690827679707,3.203606464351867,5.049591735648133
2.9924937,4.5147796,4.3232966,4.1245765,0.08511259595588022,0.5874051399490409,Non-convergent,Included,0.9236684676107312,22.39426199540077,3.2009080323892687,5.0482449676107315
3.0025021,4.5143511,4.3227766,4.1237373,0.08788918190411439,0.5874051399490409,Non-convergent,Included,0.9251521372287578,22.434798095134663,3.1985851627712423,5.048889437228758
3.0125104,4.5151624,4.3233823,4.123912,0.09057504561775999,0.5874051399490409,Non-convergent,Included,0.927155463060116,22.482425984359416,3.196756536939884,5.051067463060116
3.0225188,4.5166635,4.324682,4.1247701,0.09343673211957523,0.5874051399490409,Non-convergent,Included,0.9292080586218994,22.527511499899095,3.1955620413781007,5.0539781586218995
3.0325271,4.5183775,4.3262846,4.1260288,0.09624146340761072,0.5874051399490409,Non-convergent,Included,0.9308065360079876,22.559380487309916,3.1952222639920125,5.056835336007988
3.0425354,4.5199975,4.327905,4.1274917,0.09818307078345524,0.5874051399490409,Non-convergent,Included,0.9315386098326732,22.56912133421548,3.195953090167327,5.059030309832673
3.0525438,4.5213209,4.3293315,4.1289799,0.09874701359473004,0.5874051399490409,Non-convergent,Included,0.9312518228169088,22.554041079660106,3.197728077183091,5.0602317228169085
3.0625521,4.5222539,4.3304369,4.1303156,0.09812686888593646,0.5874051399490409,Non-convergent,Included,0.9301813682021431,22.520830325947564,3.200134231797857,5.060496968202143
3.0725605,4.5228596,4.3311823,4.1313637,0.0961929051252696,0.5874051399490409,Non-convergent,Included,0.9287743920324213,22.481060963778653,3.2025893079675782,5.060138092032421
3.0825688,4.5232746,4.3316518,4.1320832,0.09380971039348107,0.5874051399490409,Non-convergent,Included,0.9276123700884762,22.449024503874366,3.204470829911524,5.0596955700884765
3.0925771,4.5236887,4.3319761,4.1325172,0.0913013617601656,0.5874051399490409,Non-convergent,Included,0.9271024748594764,22.434328279613123,3.2054147251405234,5.059619674859476
3.1025855,4.5243343,4.3323557,4.1327933,0.0891639443015691,0.5874051399490409,Non-convergent,Included,0.927583551944264,22.44446998944428,3.2052097480557364,5.060376851944264
3.1125938,4.5254542,4.3330383,4.1330916,0.08829838318857741,0.5874051399490409,Non-convergent,Included,0.9293698120764958,22.486068590313742,3.2037217879235045,5.062461412076496
3.1226022,4.5274501,4.3343045,4.1336465,0.08772201359272915,0.5874051399490409,Non-convergent,Included,0.9326759969114037,22.56303234713959,3.2009705030885964,5.066322496911404
3.1326105,4.5305583,4.3364268,4.1347327,0.08786677456256223,0.5874051399490409,Non-convergent,Included,0.9374918806558854,22.673578890743904,3.197240819344114,5.072224580655885
3.1426188,4.5350278,4.3396378,4.1366321,0.08791620371274943,0.5874051399490409,Non-convergent,Included,0.9435883125825925,22.81054465981136,3.1930437874174076,5.080220412582593
3.1526272,4.5410827,4.3443819,4.1396248,0.09260628562130975,0.5874051399490409,Non-convergent,Included,0.9517289735130836,22.990706150786508,3.1878958264869164,5.091353773513084
3.1626355,4.5488801,4.3505953,4.1440382,0.09440905494147017,0.5874051399490409,Non-convergent,Included,0.9600955315094792,23.168114895984292,3.1839426684905208,5.104133731509479
3.1726439,4.5584977,4.3587547,4.1500476,0.10186689661603904,0.5874051399490409,Non-convergent,Included,0.9700889202273963,23.375368519324848,3.1799586797726036,5.120136520227396
3.1826522,4.5699324,4.3686768,4.1578164,0.10856726947070587,0.5874051399490409,Non-convergent,Included,0.9800976476349711,23.572412856781533,3.1777187523650285,5.137914047634971
3.1926606,4.583134,4.3803686,4.1674347,0.11426099032293506,0.5874051399490409,Non-convergent,Included,0.9897354576380352,23.749273327258976,3.177699242361965,5.157170157638036
3.2026689,4.5983531,4.3940573,4.1789146,0.12115882827584104,0.5874051399490409,Non-convergent,Included,1.0000021539171706,23.92971021511592,3.178912446082829,5.1789167539171705
3.2126772,4.6151023,4.4094168,4.1922819,0.12716374939718358,0.5874051399490409,Non-convergent,Included,1.0092620743840652,24.074289335935763,3.183019825615935,5.201543974384066
3.2226856,4.6331372,4.4262973,4.2074096,0.1331817230884694,0.5874051399490409,Non-convergent,Included,1.0174092426374444,24.181369045634263,3.190000357362556,5.224818842637444
3.2326939,4.6522611,4.4445452,4.2240864,0.14038830924843088,0.5874051399490409,Non-convergent,Included,1.0247118533419663,24.258780628681418,3.1993745466580337,5.248798253341967
3.2427023,4.6726002,4.4639817,4.2422063,0.14437457451180213,0.5874051399490409,Non-convergent,Included,1.030831525707547,24.299419990667285,3.2113747742924534,5.273037825707547
3.2527106,4.6937619,4.4844132,4.2615969,0.1473018596548065,0.5874051399490409,Non-convergent,Included,1.0356697202733531,24.302385809257398,3.2259271797266464,5.297266620273353
3.2627189,4.7154021,4.5056399,4.2819799,0.1517506105925296,0.5874051399490409,Non-convergent,Included,1.039591311929778,24.278285657757944,3.242388588070222,5.321571211929777
3.2727273,4.7375725,4.527466,4.303255,0.15377157816702028,0.5874051399490409,Non-convergent,Included,1.0421524082942286,24.21777022961058,3.2611025917057717,5.3454074082942284
3.2827356,4.760013,4.5497073,4.3251547,0.15518728451156935,0.5874051399490409,Non-convergent,Included,1.0437401950784315,24.131858106218296,3.2814145049215684,5.368894895078431
3.292744,4.7825584,4.5721965,4.3475285,0.15579464876439036,0.5874051399490409,Non-convergent,Included,1.0442765844077573,24.020005490654224,3.303251915592243,5.391805084407757
3.3027523,4.8051169,4.594787,4.3702302,0.15494993864416087,0.5874051399490409,Non-convergent,Included,1.0437597170470907,23.88340360302052,3.3264704829529093,5.413989917047091
3.3127606,4.8275645,4.6173541,4.3930864,0.15317665329474903,0.5874051399490409,Non-convergent,Included,1.0424159548711152,23.728555734098816,3.3506704451288845,5.435502354871115
3.322769,4.8498304,4.6397968,4.4159804,0.15028757591461234,0.5874051399490409,Non-convergent,Included,1.0403182728579083,23.558036463610854,3.3756621271420912,5.456298672857908
3.3327773,4.8717671,4.6620371,4.4387747,0.14774617975939286,0.5874051399490409,Non-convergent,Included,1.0377432322301283,23.37904720034852,3.4010314677698714,5.476517932230128
3.3427857,4.8934933,4.6839282,4.4613599,0.14201406636200448,0.5874051399490409,Non-convergent,Included,1.034516994504965,23.188377931692198,3.4268429054950347,5.495876894504965
3.352794,4.9146786,4.7054374,4.4836341,0.13734328455794875,0.5874051399490409,Non-convergent,Included,1.0309612073564958,22.99387470883264,3.4526728926435037,5.514595307356496
3.3628023,4.9356803,4.7265583,4.5055004,0.13045528614055535,0.5874051399490409,Non-convergent,Included,1.0274965227284312,22.805380790298702,3.4780038772715685,5.532996922728431
3.3728107,4.9559916,4.7472793,4.5268727,0.12801785503687982,0.5874051399490409,Non-convergent,Included,1.0244692231600674,22.63083791068539,3.502403476839933,5.551341923160067
3.382819,4.9761219,4.7674815,4.5476627,0.12228888301906639,0.5874051399490409,Non-convergent,Included,1.0217370771654675,22.467301217512624,3.5259256228345324,5.569399777165468
3.3928274,4.9954988,4.7870847,4.5678237,0.11870370924394939,0.5874051399490409,Non-convergent,Included,1.0191443738041437,22.31137716204204,3.548679326195856,5.586968073804144
3.4028357,5.0146137,4.8062335,4.5873272,0.11511654583953941,0.5874051399490409,Non-convergent,Included,1.0174956970700768,22.18057820401555,3.5698315029299232,5.604822897070076
3.412844,5.0329641,4.8249174,4.6061675,0.11730135213301292,0.5874051399490409,Non-convergent,Included,1.0167687361419464,22.074072124861864,3.5893987638580533,5.622936236141946
3.4228524,5.0507829,4.8427537,4.6243406,0.11371325535321704,0.5874051399490409,Non-convergent,Included,1.0152032601790637,21.95347073221777,3.6091373398209363,5.639543860179064
3.4328607,5.0679716,4.8600763,4.6418515,0.113174735260845,0.5874051399490409,Non-convergent,Included,1.0143280252508873,21.85179825875273,3.627523474749112,5.656179525250887
3.4428691,5.0839133,4.8768615,4.6587108,0.12235225956064485,0.5874051399490409,Non-convergent,Included,1.0139836019467026,21.765326191673083,3.644727198053297,5.6726944019467025
3.4528774,5.0997922,4.8925699,4.6749306,0.11454383608086349,0.5874051399490409,Non-convergent,Included,1.0116065698581684,21.6389644342136,3.6633240301418315,5.686537169858168
3.4628857,5.1138071,4.9077982,4.6904986,0.12516162245675827,0.5874051399490409,Non-convergent,Included,1.0100276144407396,21.53348077837055,3.68047098555926,5.700526214440739
3.4728941,5.1277463,4.9222558,4.7054448,0.12582303798577693,0.5874051399490409,Non-convergent,Included,1.0077565587534933,21.41681820926883,3.697688241246507,5.713201358753494
3.4829024,5.1407945,4.9359741,4.7197728,0.12693198045187642,0.5874051399490409,Non-convergent,Included,1.0049226196366032,21.291758358296466,3.7148501803633973,5.724695419636603
3.4929108,5.1530023,4.9492908,4.7334871,0.1357696520671688,0.5874051399490409,Non-convergent,Included,1.0030745399369578,21.191027222551384,3.7304125600630416,5.736561639936958
3.5029191,5.1652101,4.9614947,4.746541,0.12600169363717545,0.5874051399490409,Non-convergent,Included,0.9991236653275501,21.04951090336205,3.7474173346724493,5.74566466532755
3.5129274,5.1756431,4.973296,4.7588855,0.1363692764279482,0.5874051399490409,Non-convergent,Included,0.996598824047749,20.941853382430594,3.762286675952251,5.755484324047749
3.5229358,5.1859124,4.984043,4.770489,0.13233201029960578,0.5874051399490409,Non-convergent,Included,0.9926177368677926,20.807463068624465,3.777871263132208,5.763106736867793
3.5329441,5.1957657,4.9941968,4.7812594,0.12887919240451334,0.5874051399490409,Non-convergent,Included,0.9897517259452547,20.70064899522613,3.791507674054745,5.771011125945255
3.5429525,5.2040862,5.0035535,4.7912438,0.13430240025400506,0.5874051399490409,Non-convergent,Included,0.9868341212483973,20.596616712520397,3.804409678751603,5.778077921248397
3.5529608,5.2124068,5.0121765,4.800463,0.13109298048089635,0.5874051399490409,Non-convergent,Included,0.9840629313164827,20.499333737526626,3.816400068683517,5.784525931316482
3.5629691,5.2201077,5.0202439,4.8090709,0.12930925513178634,0.5874051399490409,Non-convergent,Included,0.9815506398736742,20.41040068412537,3.8275202601263256,5.7906215398736745
3.5729775,5.2267126,5.0275916,4.8171261,0.13021444140148858,0.5874051399490409,Non-convergent,Included,0.9782621177723142,20.30800310110865,3.838863982227686,5.795388217772315
3.5829858,5.2333174,5.0345432,4.8245879,0.12852986388954515,0.5874051399490409,Non-convergent,Included,0.9758906633891143,20.22744084296017,3.8486972366108856,5.800478563389114
3.5929942,5.2393648,5.0408203,4.8314762,0.12419701100905028,0.5874051399490409,Non-convergent,Included,0.9730497521405618,20.139802243888973,3.858426447859438,5.804525952140562
3.6030025,5.2445413,5.0467511,4.8379641,0.12700907615382936,0.5874051399490409,Non-convergent,Included,0.9704603024406777,20.05927043651849,3.867503797559322,5.808424402440678
3.6130108,5.2497179,5.0521454,4.8440802,0.12119159089186843,0.5874051399490409,Non-convergent,Included,0.9671053126841236,19.964684166131757,3.876974887315876,5.811185512684123
3.6230192,5.254595,5.0572155,4.8496921,0.11717656647844678,0.5874051399490409,Non-convergent,Included,0.9645869787272061,19.889653999420005,3.8851051212727943,5.814279078727207
3.6330275,5.2585686,5.0619047,4.8549497,0.1193671834928673,0.5874051399490409,Non-convergent,Included,0.9619450056354613,19.813696641089017,3.8930046943645387,5.816894705635461
3.6430359,5.2625422,5.0662153,4.8599426,0.11545760034167005,0.5874051399490409,Non-convergent,Included,0.9587736153460449,19.72808517010149,3.901168984653955,5.818716215346045
3.6530442,5.2664636,5.0702676,4.8645773,0.11013608208460778,0.5874051399490409,Non-convergent,Included,0.9560665690254384,19.653641212062528,3.9085107309745615,5.820643869025438
3.6630525,5.2693594,5.0737893,4.8688053,0.10953400604637331,0.5874051399490409,Non-convergent,Included,0.9527836246294044,19.569146144114747,3.9160216753705956,5.821588924629404
3.6730609,5.2721814,5.077246,4.8727978,0.11109409367329834,0.5874051399490409,Non-convergent,Included,0.9502931791991455,19.50200312434769,3.9225046208008543,5.823090979199145
3.6830692,5.2750034,5.0800771,4.8764773,0.10096654950845053,0.5874051399490409,Non-convergent,Included,0.9463497415301753,19.406421547992753,3.930127558469825,5.822827041530176
3.6930776,5.2773082,5.0829082,4.8798484,0.1010844373635561,0.5874051399490409,Non-convergent,Included,0.9438397741312611,19.341579835374823,3.9360086258687392,5.823688174131261
3.7030859,5.2791932,5.0852914,4.8830444,0.09752583283383812,0.5874051399490409,Non-convergent,Included,0.9400618083871101,19.25155151952151,3.94298259161289,5.82310620838711
3.7130942,5.2810783,5.0875396,4.8859239,0.09444208860648291,0.5874051399490409,Non-convergent,Included,0.9371274705742666,19.18014872426209,3.9487964294257334,5.823051370574267
3.7231026,5.2829473,5.0895826,4.8885885,0.08905174696186288,0.5874051399490409,Non-convergent,Included,0.9342382192128424,19.110592335862233,3.954350280787158,5.822826719212842
3.7331109,5.2841528,5.0912999,4.8910826,0.08604189974053009,0.5874051399490409,Non-convergent,Included,0.930627584628622,19.027026544769907,3.9604550153713776,5.821710184628622
3.7431193,5.2853081,5.0930172,4.8933016,0.08705048167255088,0.5874051399490409,Non-convergent,Included,0.9282956389915157,18.970742350962297,3.9650059610084845,5.821597238991516
3.7531276,5.2864634,5.0943186,4.8953951,0.07913407352594211,0.5874051399490409,Non-convergent,Included,0.9246138886643247,18.88742113306288,3.9707812113356753,5.820008988664325
3.7631359,5.2875142,5.095585,4.8972738,0.07430603388489371,0.5874051399490409,Non-convergent,Included,0.9217678645192168,18.822061051992165,3.975505935480783,5.819041664519217
3.7731443,5.2881012,5.0967064,4.8989893,0.0737837261728559,0.5874051399490409,Non-convergent,Included,0.9190064355716298,18.75910273108026,3.9799828644283703,5.81799573557163
3.7831526,5.2886882,5.0975956,4.900593,0.06875863752931716,0.5874051399490409,Non-convergent,Included,0.915685376855839,18.68519538055576,3.984907623144161,5.816278376855839
3.793161,5.2892751,5.0984847,4.9019861,0.0663473754621081,0.5874051399490409,Non-convergent,Included,0.9133427406168472,18.632095684988727,3.988643359383153,5.815328840616847
3.8031693,5.2897642,5.0991407,4.9033224,0.05996054848472911,0.5874051399490409,Non-convergent,Included,0.9101806465029878,18.56252908238275,3.993141753497013,5.813503046502988
3.8131776,5.2899404,5.0997242,4.9044652,0.058183761723660625,0.5874051399490409,Non-convergent,Included,0.9075809710099974,18.505197488402963,3.9968842289900026,5.812046171009997
3.823186,5.2901165,5.1002838,4.9055524,0.05649022964650853,0.5874051399490409,Non-convergent,Included,0.9051286398994952,18.45110532097252,4.000423760100505,5.810681039899496
3.8331943,5.2902926,5.1006329,4.9064999,0.05115519681491477,0.5874051399490409,Non-convergent,Included,0.9023472241744741,18.390853817697504,4.004152675825526,5.808847124174474
3.8432027,5.2904392,5.1009732,4.9073764,0.04685940609250835,0.5874051399490409,Non-convergent,Included,0.8998549195091038,18.336782145121447,4.0075214804908965,5.807231319509104
3.853211,5.2903436,5.101262,4.9081562,0.04560689295651361,0.5874051399490409,Non-convergent,Included,0.8975727084112014,18.287370487744493,4.010583491588799,5.805728908411201
3.8632193,5.2902452,5.1014139,4.9088581,0.04184417771426518,0.5874051399490409,Non-convergent,Included,0.8950162601345231,18.232677374286357,4.013841839865477,5.803874360134523
3.8732277,5.2901468,5.1015657,4.9094925,0.03892887911019366,0.5874051399490409,Non-convergent,Included,0.8927730929739351,18.184630956742172,4.016719407026065,5.802265592973935
3.883236,5.2900484,5.1016603,4.9100502,0.03550505217120588,0.5874051399490409,Non-convergent,Included,0.8906205635249732,18.138726229824968,4.019429636475026,5.800670763524973
3.8932444,5.2898175,5.1016686,4.9105589,0.03219347301320323,0.5874051399490409,Non-convergent,Included,0.8882946604019757,18.08948183885903,4.022264239598024,5.798853560401976
3.9032527,5.2895459,5.1016769,4.9109982,0.030299211155873945,0.5874051399490409,Non-convergent,Included,0.8862913345706175,18.047071053103167,4.0247068654293825,5.797289534570617
3.9132611,5.2892742,5.1016392,4.9113989,0.027699398742238843,0.5874051399490409,Non-convergent,Included,0.884253612889717,18.004109030722734,4.027145287110283,5.795652512889717
3.9232694,5.2890025,5.1015412,4.9117408,0.02427842445599804,0.5874051399490409,Non-convergent,Included,0.882208919077154,17.961227088309588,4.029531880922845,5.793949719077154
3.9332777,5.2887092,5.1014431,4.9120488,0.02156873572980218,0.5874051399490409,Non-convergent,Included,0.880321330631411,17.921673144440483,4.0317274693685885,5.7923701306314115
3.9432861,5.2883377,5.1013161,4.9123107,0.019723781897946525,0.5874051399490409,Non-convergent,Included,0.8785136892954126,17.883919461678445,4.033797010704587,5.7908243892954125
3.9532944,5.2879662,5.101141,4.9125398,0.01703854768682173,0.5874051399490409,Non-convergent,Included,0.8766349322164436,17.84484132253633,4.0359048677835565,5.789174732216444
3.9633028,5.2875947,5.1009658,4.912736,0.014772657966963962,0.5874051399490409,Non-convergent,Included,0.8749086324165224,17.808989378149413,4.0378273675834775,5.787644632416522
3.9733111,5.2872233,5.1007788,4.912898,0.012636371318752466,0.5874051399490409,Non-convergent,Included,0.8732864497827731,17.77538328259152,4.039611550217227,5.786184449782773
3.9833194,5.2868273,5.1005499,4.91304,0.009977557063578717,0.5874051399490409,Non-convergent,Included,0.8715624740267421,17.739779729591906,4.041477525973257,5.784602474026742
3.9933278,5.2864027,5.1003209,4.9131454,0.008168688279926319,0.5874051399490409,Non-convergent,Included,0.8700081534745197,17.707763207547643,4.043137246525481,5.78315355347452
4.0033361,5.2859782,5.1000895,4.9132426,0.006398013027438657,0.5874051399490409,Non-convergent,Included,0.8684807918314021,17.676326258170157,4.044761808168598,5.781723391831402
4.0133445,5.2855537,5.0998277,4.9133006,0.004335377584399677,0.5874051399490409,Non-convergent,Included,0.8669943333607063,17.645863828496594,4.046306266639294,5.7802949333607065
4.0233528,5.2851291,5.0995623,4.913356,0.002207704348040291,0.5874051399490409,Non-convergent,Included,0.8655032268022382,17.615316838475337,4.0478527731977625,5.778859226802238
4.0333611,5.2846937,5.0992969,4.9133793,0.000643337761107853,0.5874051399490409,Non-convergent,Included,0.864161323861374,17.58792210203218,4.0492179761386256,5.777540623861374
4.0433695,5.2842465,5.099017,4.9133978,0.0010922902134301571,0.5874051399490409,Monotonic convergence,Included,0.8627743344690822,17.55962715799405,4.050623465530918,5.776172134469083
4.0533778,5.2837992,5.0987277,4.9133944,0.0027914576923600463,0.5874051399490409,Monotonic convergence,Included,0.8614454461739935,17.532593071991,4.051948953826006,5.774839846173993
4.0633862,5.283352,5.0984385,4.9133804,0.004351915855058801,0.5874051399490409,Monotonic convergence,Included,0.8601662924180966,17.506608941129343,4.053214107581904,5.773546692418097
4.0733945,5.2829048,5.098147,4.913357,0.005851891493295951,0.5874051399490409,Monotonic convergence,Included,0.8589201400854094,17.48132977280929,4.054436859914591,5.77227714008541
4.0834028,5.2824558,5.0978427,4.9133164,0.007443571455776076,0.5874051399490409,Monotonic convergence,Included,0.8576944393389393,17.45652772003324,4.055621960661061,5.771010839338939
4.0934112,5.282004,5.0975383,4.9132729,0.00896510860366216,0.5874051399490409,Monotonic convergence,Included,0.8564817532382406,17.432000433728007,4.05679114676176,5.76975465323824
4.1034195,5.2815522,5.097234,4.9132139,0.01027932826037849,0.5874051399490409,Monotonic convergence,Included,0.8553415773068451,17.409003448981636,4.057872322693155,5.768555477306845
4.1134279,5.2811005,5.0969245,4.9131518,0.011695637175863444,0.5874051399490409,Monotonic convergence,Included,0.854191640391118,17.385818211257345,4.058960159608882,5.767343440391118
4.1234362,5.2806487,5.0966113,4.9130799,0.013081177812651078,0.5874051399490409,Monotonic convergence,Included,0.8530700568108239,17.36324411925041,4.060009843189175,5.766149956810824
4.1334445,5.2801969,5.096298,4.9130004,0.014369885110337955,0.5874051399490409,Monotonic convergence,Included,0.8519833338888471,17.34140575052359,4.061017066111153,5.7649837338888466
4.1434529,5.2797494,5.0959848,4.9129188,0.015687973537601502,0.5874051399490409,Monotonic convergence,Included,0.8509068367599766,17.319782219074668,4.062011963240023,5.763825636759977
4.1534612,5.2793044,5.0956673,4.9128265,0.01701370005638602,0.5874051399490409,Monotonic convergence,Included,0.8498600873928678,17.298801156378467,4.062966412607133,5.762686587392868
4.1634696,5.2788594,5.0953495,4.9127332,0.018336553845603357,0.5874051399490409,Monotonic convergence,Included,0.8488165916872112,17.27788905139834,4.0639166083127884,5.761549791687211
4.1734779,5.2784144,5.0950316,4.9126338,0.019582065996607095,0.5874051399490409,Monotonic convergence,Included,0.847800984508205,17.25756526994145,4.064832815491795,5.760434784508205
4.1834862,5.2779694,5.0947131,4.9125297,0.020782446096179515,0.5874051399490409,Monotonic convergence,Included,0.8468044344890749,17.237645087195602,4.065725265510926,5.759334134489075
4.1934946,5.2775246,5.0943943,4.912424,0.021974170268849298,0.5874051399490409,Monotonic convergence,Included,0.8458139269840621,17.21785267281615,4.066610073015937,5.758237926984062
4.2035029,5.2770918,5.0940752,4.9123132,0.023268867762038008,0.5874051399490409,Monotonic convergence,Included,0.8448457303003655,17.198531443401563,4.0674674696996345,5.757158930300365
4.2135113,5.2766602,5.093756,4.9122007,0.024561644702119783,0.5874051399490409,Monotonic convergence,Included,0.8438849705571143,17.1793666850199,4.068315729442885,5.756085670557114
4.2235196,5.2762286,5.0934369,4.9120859,0.025822658274856875,0.5874051399490409,Monotonic convergence,Included,0.8429353662245234,17.160436185053754,4.069150533775477,5.7550212662245235
4.2335279,5.275797,5.093119,4.9119672,0.027000125185979235,0.5874051399490409,Monotonic convergence,Included,0.8420094671395851,17.142001012131864,4.0699577328604155,5.753976667139585
4.2435363,5.2753655,5.092801,4.9118484,0.02818232701934648,0.5874051399490409,Monotonic convergence,Included,0.841083568054651,17.123565296816796,4.0707648319453495,5.752931968054651
4.2535446,5.2749342,5.0924831,4.9117265,0.029324202710936127,0.5874051399490409,Monotonic convergence,Included,0.8401725428505998,17.10544230935089,4.0715539571494,5.7518990428506
4.263553,5.2745177,5.0921653,4.9116032,0.030646591811142314,0.5874051399490409,Monotonic convergence,Included,0.8392684897782111,17.08746524512019,4.072334710221789,5.7508716897782115
4.2735613,5.2741029,5.0918506,4.9114795,0.03190423490005734,0.5874051399490409,Monotonic convergence,Included,0.838380705013038,17.06981989872986,4.073098794986962,5.7498602050130385
4.2835696,5.2736882,5.0915358,4.9113538,0.03314057353237675,0.5874051399490409,Monotonic convergence,Included,0.8375017516146428,17.052360422795093,4.073852048385357,5.748855551614643
4.293578,5.2732734,5.091221,4.9112275,0.03436930131712493,0.5874051399490409,Monotonic convergence,Included,0.8366255870689085,17.034958919514693,4.074601912931091,5.747853087068909
4.3035863,5.2728587,5.0909062,4.9111008,0.03559585623114687,0.5874051399490409,Monotonic convergence,Included,0.8357512817582857,17.017595765053034,4.075349518241714,5.746852081758286
4.3135947,5.2724439,5.0905955,4.9109727,0.03669172002011484,0.5874051399490409,Monotonic convergence,Included,0.834902540930427,17.00075711946896,4.076070159069573,5.7458752409304275
4.323603,5.2720398,5.0902853,4.9108446,0.03792103471386588,0.5874051399490409,Monotonic convergence,Included,0.8340561241464587,16.98396492013734,4.076788475853541,5.744900724146459
4.3336113,5.2716425,5.089975,4.9107162,0.03924327397106905,0.5874051399490409,Monotonic convergence,Included,0.8332106369800439,16.967191811655578,4.077505563019956,5.7439268369800445
4.3436197,5.2712453,5.0896648,4.9105874,0.04056059498761212,0.5874051399490409,Monotonic convergence,Included,0.8323674738575235,16.95046653395322,4.078219926142476,5.742954873857523
4.353628,5.2708481,5.0893578,4.9104585,0.04179079036479428,0.5874051399490409,Monotonic convergence,Included,0.8315396494246567,16.934053091471128,4.078918850575343,5.741998149424656
4.3636364,5.2704509,5.0890531,4.9103297,0.04296111457556476,0.5874051399490409,Monotonic convergence,Included,0.8307220507848964,16.917846693367583,4.079607649215104,5.741051750784896
4.3736447,5.2700536,5.0887483,4.910201,0.044135955114195324,0.5874051399490409,Monotonic convergence,Included,0.8299035225275824,16.901620168453032,4.080297477472417,5.740104522527583
4.383653,5.2696575,5.0884435,4.9100724,0.045330292614446106,0.5874051399490409,Monotonic convergence,Included,0.8290845294614937,16.885382982570558,4.080987870538506,5.739156929461494
4.3936614,5.2692757,5.0881397,4.909944,0.04669665469151418,0.5874051399490409,Monotonic convergence,Included,0.8282692548656194,16.86921999244023,4.0816747451343804,5.73821325486562
4.4036697,5.2688952,5.087841,4.9098162,0.0479507005043043,0.5874051399490409,Monotonic convergence,Included,0.8274748966647412,16.85348010918904,4.082341303335259,5.737291096664741
4.4136781,5.2685146,5.0875423,4.9096885,0.049206542197545985,0.5874051399490409,Monotonic convergence,Included,0.8266800736550841,16.83772959639057,4.083008426344915,5.736368573655084
4.4236864,5.268134,5.0872436,4.9095612,0.05046972046877,0.5874051399490409,Monotonic convergence,Included,0.8258833914103156,16.82193902400719,4.083677808589684,5.735444591410316
4.4336947,5.2677535,5.0869448,4.9094349,0.05175272510379449,0.5874051399490409,Monotonic convergence,Included,0.8250815962689959,16.806040065201717,4.084353303731004,5.734516496268996
4.4437031,5.2673729,5.0866498,4.9093085,0.0529299597009507,0.5874051399490409,Monotonic convergence,Included,0.8242979286699988,16.79050987873341,4.085010571330001,5.733606428669999
4.4537114,5.2669939,5.0863575,4.9091826,0.054063170799951155,0.5874051399490409,Monotonic convergence,Included,0.8235244868641084,16.77518548330446,4.085658113135892,5.732707086864108
4.4637198,5.2666275,5.0860651,4.9090582,0.05539401115650794,0.5874051399490409,Monotonic convergence,Included,0.8227436081177806,16.759703686498984,4.0863145918822195,5.73180180811778
4.4737281,5.2662619,5.0857727,4.9089338,0.05673760726276194,0.5874051399490409,Monotonic convergence,Included,0.8219627293714485,16.74422110502791,4.086971070628551,5.7308965293714484
4.4837364,5.2658962,5.0854804,4.9088094,0.05807889096760499,0.5874051399490409,Monotonic convergence,Included,0.8211823154338955,16.728747207701637,4.087627084566105,5.729991715433895
4.4937448,5.2655305,5.0851935,4.9086872,0.05930328118317074,0.5874051399490409,Monotonic convergence,Included,0.8204167753772253,16.71356804681352,4.088270424622775,5.7291039753772255
4.5037531,5.2651648,5.0849075,4.908565,0.060504417174223016,0.5874051399490409,Monotonic convergence,Included,0.8196554185995527,16.69847335421967,4.088909581400448,5.728220418599553
4.5137615,5.2647992,5.0846214,4.9084428,0.06171134415377819,0.5874051399490409,Monotonic convergence,Included,0.8188935970131012,16.68336844045735,4.089549202986899,5.727336397013102
4.5237698,5.2644335,5.0843354,4.9083227,0.06294524545213678,0.5874051399490409,Monotonic convergence,Included,0.8181224792511009,16.6680662469707,4.090200220748899,5.726445179251101
4.5337781,5.2640781,5.0840498,4.908203,0.06431666036547491,0.5874051399490409,Monotonic convergence,Included,0.8173513614891007,16.652761947480588,4.0908516385109,5.725554361489101
4.5437865,5.2637254,5.0837697,4.9080834,0.06557557503297207,0.5874051399490409,Monotonic convergence,Included,0.8166053434010939,16.6379679571275,4.0914780565989055,5.724688743401094
4.5537948,5.2633727,5.0834899,4.9079652,0.0668475065137292,0.5874051399490409,Monotonic convergence,Included,0.8158542124165278,16.623064328502736,4.092110987583472,5.723819412416527
4.5638032,5.26302,5.0832102,4.9078484,0.06813805922261999,0.5874051399490409,Monotonic convergence,Included,0.8150970389178527,16.608032124990917,4.092751361082147,5.7229454389178525
4.5738115,5.2626673,5.0829304,4.9077317,0.06943452914032927,0.5874051399490409,Monotonic convergence,Included,0.814338935801624,16.59297992597321,4.093392764198376,5.722070635801624
4.5838198,5.2623146,5.082651,4.9076154,0.0707272353030976,0.5874051399490409,Monotonic convergence,Included,0.8135808326853953,16.577925659891672,4.094034567314605,5.721196232685395
4.5938282,5.261962,5.0823767,4.9075017,0.07191761738246029,0.5874051399490409,Monotonic convergence,Included,0.8128343497886056,16.56309869008513,4.094667350211394,5.720336049788606
4.6038365,5.2616113,5.082103,4.907388,0.07311901642639,0.5874051399490409,Monotonic convergence,Included,0.8120906557444808,16.548327862897345,4.09529734425552,5.7194786557444806
4.6138449,5.2612697,5.0818292,4.9072744,0.07445147606853497,0.5874051399490409,Monotonic convergence,Included,0.8113460320827984,16.533537070655726,4.095928367917202,5.7186204320827985
4.6238532,5.2609282,5.0815555,4.907163,0.07581540019906338,0.5874051399490409,Monotonic convergence,Included,0.8105916474367966,16.518539274868118,4.0965713525632035,5.717754647436796
4.6338616,5.2605867,5.0812817,4.9070525,0.07719666162066426,0.5874051399490409,Monotonic convergence,Included,0.80983261470301,16.503443048612382,4.097219885296989,5.71688511470301
4.6438699,5.2602452,5.0810124,4.906942,0.07845389967267988,0.5874051399490409,Monotonic convergence,Included,0.8090944983642154,16.488772403754016,4.097847501635784,5.716036498364216
4.6538782,5.2599037,5.0807442,4.9068322,0.07969195066593338,0.5874051399490409,Monotonic convergence,Included,0.8083582412605322,16.474136638716363,4.098473958739468,5.715190441260533
4.6638866,5.2595622,5.0804761,4.9067248,0.08096294721260897,0.5874051399490409,Monotonic convergence,Included,0.8076112935549677,16.459274291375944,4.099113506445033,5.714336093554968
4.6738949,5.2592207,5.080208,4.9066175,0.08223706421141083,0.5874051399490409,Monotonic convergence,Included,0.8068638810406202,16.444401485149804,4.09975361895938,5.71348138104062
4.6839033,5.2588811,5.0799398,4.9065101,0.08354048640364495,0.5874051399490409,Monotonic convergence,Included,0.8061164685262768,16.42952836327142,4.1003936314737235,5.712626568526277
4.6939116,5.2585492,5.0796739,4.9064046,0.08491448895287958,0.5874051399490409,Monotonic convergence,Included,0.8053709152470448,16.414686127740968,4.101033684752955,5.711775515247045
4.7039199,5.2582174,5.0794109,4.9063002,0.08622592402060565,0.5874051399490409,Monotonic convergence,Included,0.8046337285258081,16.400010103862133,4.101666471474191,5.710933928525808
4.7139283,5.2578856,5.0791478,4.9061957,0.08754044822717942,0.5874051399490409,Monotonic convergence,Included,0.8038965418045712,16.385333789367007,4.102299158195429,5.7100922418045705
4.7239366,5.2575538,5.0788848,4.9060914,0.08885673153706136,0.5874051399490409,Monotonic convergence,Included,0.8031588902745512,16.370646708183042,4.1029325097254485,5.709250290274552
4.733945,5.257222,5.0786217,4.9059893,0.09020901564645883,0.5874051399490409,Monotonic convergence,Included,0.8024105481426542,16.355733758788553,4.103578751857346,5.708399848142654
4.7439533,5.2568902,5.0783589,4.9058874,0.09155750110140089,0.5874051399490409,Monotonic convergence,Included,0.8016626708195279,16.340828997003232,4.104224729180472,5.707550070819528
4.7539616,5.2565584,5.0780998,4.9057855,0.09280354157591453,0.5874051399490409,Monotonic convergence,Included,0.8009319914211789,16.32627418017316,4.104853508578821,5.70671749142118
4.76397,5.2562266,5.0778412,4.9056841,0.0940443060114652,0.5874051399490409,Monotonic convergence,Included,0.8002013120228256,16.31171709615027,4.1054827879771745,5.705885412022826
4.7739783,5.2559018,5.0775826,4.9055842,0.09540519267304193,0.5874051399490409,Monotonic convergence,Included,0.799463660492814,16.297012300651453,4.106120539507186,5.705047860492813
4.7839867,5.2555785,5.077324,4.9054843,0.0967886222960856,0.5874051399490409,Monotonic convergence,Included,0.7987260089627941,16.282306906227262,4.106758291037206,5.704210308962795
4.793995,5.2552551,5.0770654,4.9053844,0.09817244730302925,0.5874051399490409,Monotonic convergence,Included,0.7979883574327825,16.26760091284146,4.107396042567218,5.703372757432782
4.8040033,5.2549318,5.0768077,4.9052851,0.09954264594757824,0.5874051399490409,Monotonic convergence,Included,0.7972521003290951,16.25292075947013,4.108032999670906,5.702537200329095
4.8140117,5.2546085,5.0765529,4.9051868,0.10084701554708368,0.5874051399490409,Monotonic convergence,Included,0.79652467459219,16.2384167427057,4.10866212540781,5.70171147459219
4.82402,5.2542852,5.0762981,4.9050885,0.10215307955935071,0.5874051399490409,Monotonic convergence,Included,0.7957972488552807,16.22391214460821,4.109291251144719,5.70088574885528
4.8340284,5.2539618,5.0760433,4.9049901,0.10345800979097343,0.5874051399490409,Monotonic convergence,Included,0.7950702879271503,16.20941677185343,4.1099198120728495,5.7000603879271505
4.8440367,5.2536385,5.0757885,4.9048925,0.10477758637598272,0.5874051399490409,Monotonic convergence,Included,0.7943396085287971,16.19484236461446,4.110552891471203,5.699232108528797
4.854045,5.2533161,5.0755337,4.9047954,0.1061186197028873,0.5874051399490409,Monotonic convergence,Included,0.7936066050865578,16.180218344817355,4.111188794913442,5.6984020050865585
4.8640534,5.2529995,5.0752801,4.9046984,0.10750939820244691,0.5874051399490409,Monotonic convergence,Included,0.7928787145408696,16.16569766126434,4.11181968545913,5.69757711454087
4.8740617,5.2526835,5.0750284,4.9046013,0.10885489729121926,0.5874051399490409,Monotonic convergence,Included,0.7921601201707343,16.15136627253951,4.112441179829266,5.696761420170735
4.8840701,5.2523675,5.0747768,4.9045049,0.11020941666288739,0.5874051399490409,Monotonic convergence,Included,0.7914387369479381,16.13697515008983,4.113066163052062,5.695943636947938
4.8940784,5.2520514,5.0745252,4.9044091,0.11157298208457612,0.5874051399490409,Monotonic convergence,Included,0.7907145648724727,16.122524625290186,4.113694535127527,5.695123664872472
4.9040867,5.2517354,5.0742736,4.9043133,0.11293968473784895,0.5874051399490409,Monotonic convergence,Included,0.7899903927970032,16.108073535942395,4.114322907202997,5.694303692797003
4.9140951,5.2514194,5.0740219,4.9042174,0.11430952970264026,0.5874051399490409,Monotonic convergence,Included,0.7892662207215378,16.09362221017237,4.114951179278463,5.693483620721538
4.9241034,5.2511033,5.0737712,4.9041222,0.11566144423410749,0.5874051399490409,Monotonic convergence,Included,0.7885434430724091,16.07919645787801,4.115578756927591,5.6926656430724085
4.9341118,5.2507873,5.0735223,4.9040278,0.1169768454699124,0.5874051399490409,Monotonic convergence,Included,0.7878253135110486,16.064862305859045,4.116202486488951,5.691853113511049
4.9441201,5.2504714,5.0732734,4.9039333,0.11829388038065977,0.5874051399490409,Monotonic convergence,Included,0.7871076487584668,16.05053740756357,4.116825651241533,5.691040948758467
4.9541284,5.2501605,5.0730244,4.9038388,0.11968517632790554,0.5874051399490409,Monotonic convergence,Included,0.7863895191971145,16.03620247870127,4.1174492808028855,5.690228319197114
4.9641368,5.2498507,5.0727755,4.9037448,0.12109802036263446,0.5874051399490409,Monotonic convergence,Included,0.7856695304006426,16.02182744910874,4.118075269599357,5.689414330400643
4.9741451,5.2495408,5.0725266,4.9036519,0.12252733691631097,0.5874051399490409,Monotonic convergence,Included,0.7849444287076236,16.007344010442985,4.118707471292376,5.688596328707623
4.9841535,5.2492309,5.072278,4.9035589,0.1239484264852581,0.5874051399490409,Monotonic convergence,Included,0.7842211862497119,15.992898265170464,4.119337713750288,5.687780086249712
4.9941618,5.2489211,5.0720312,4.903466,0.12532268221716367,0.5874051399490409,Monotonic convergence,Included,0.7835058455410205,15.978612792278371,4.11996015445898,5.68697184554102
5.0041701,5.2486112,5.0717845,4.9033733,0.12669735674843827,0.5874051399490409,Monotonic convergence,Included,0.7827900400235502,15.964316647552618,4.12058325997645,5.68616334002355
5.0141785,5.2483013,5.0715378,4.9032824,0.12810019965396108,0.5874051399490409,Monotonic convergence,Included,0.7820658679480849,15.949843475221513,4.121216532051915,5.685348267948085
5.0241868,5.2479915,5.0712911,4.9031916,0.1295077112500819,0.5874051399490409,Monotonic convergence,Included,0.7813412310638406,15.935359961536898,4.12185036893616,5.684532831063841
5.0341952,5.2476816,5.0710444,4.9031008,0.13091563427698732,0.5874051399490409,Monotonic convergence,Included,0.7806165941796005,15.920875911415088,4.122484205820399,5.683717394179601
5.0442035,5.2473729,5.0707977,4.90301,0.13234215220219264,0.5874051399490409,Monotonic convergence,Included,0.7798919572953562,15.906391324826101,4.123118042704644,5.682901957295356
5.0542118,5.247068,5.0705522,4.9029213,0.1338201314027779,0.5874051399490409,Monotonic convergence,Included,0.7791631371321144,15.891814072808273,4.123758162867886,5.682084437132114
5.0642202,5.2467631,5.0703073,4.9028333,0.13529306959356596,0.5874051399490409,Monotonic convergence,Included,0.7784338521600938,15.877224546061841,4.124399447839906,5.681267152160094
5.0742285,5.2464582,5.0700624,4.9027453,0.13676789013964524,0.5874051399490409,Monotonic convergence,Included,0.7777045671880772,15.862634495576941,4.125040732811923,5.680449867188077
5.0842369,5.2461534,5.0698175,4.9026573,0.13824599736737672,0.5874051399490409,Monotonic convergence,Included,0.7769752822160565,15.848043921325205,4.125682017783944,5.6796325822160565
5.0942452,5.2458485,5.0695726,4.9025703,0.1397393819111159,0.5874051399490409,Monotonic convergence,Included,0.7762413491562635,15.833354784453853,4.126328950843736,5.6788116491562635
5.1042535,5.2455436,5.0693277,4.9024853,0.141264290989572,0.5874051399490409,Monotonic convergence,Included,0.7754981199209137,15.818469051215994,4.1269871800790865,5.677983419920914
5.1142619,5.2452387,5.069083,4.9024003,0.1427854155430672,0.5874051399490409,Monotonic convergence,Included,0.7747558203031255,15.803601764285252,4.127644479696874,5.677156120303126
5.1242702,5.2449338,5.0688392,4.9023153,0.14428255091956224,0.5874051399490409,Monotonic convergence,Included,0.774017703964335,15.788819294514473,4.128297596035665,5.676333003964334
5.1342786,5.2446289,5.0685955,4.9022304,0.14578023224748393,0.5874051399490409,Monotonic convergence,Included,0.7732795876255404,15.774035990343098,4.128950812374459,5.67550998762554
5.1442869,5.2443248,5.0683517,4.902148,0.14733112685435434,0.5874051399490409,Monotonic convergence,Included,0.7725293862585279,15.758997612037167,4.1296186137414725,5.674677386258528
5.1542952,5.2440234,5.068108,4.9020662,0.14892799622247865,0.5874051399490409,Monotonic convergence,Included,0.7717768608476292,15.74390939166895,4.130289339152371,5.673843060847629
5.1643036,5.2437222,5.0678643,4.9019845,0.1505312454482304,0.5874051399490409,Monotonic convergence,Included,0.7710238706279557,15.728810864823332,4.130960629372044,5.673008370627956
5.1743119,5.243421,5.0676206,4.9019027,0.15213509625528718,0.5874051399490409,Monotonic convergence,Included,0.7702713452170571,15.71372163745839,4.131631354782943,5.672174045217057
5.1843203,5.2431198,5.067377,4.9018218,0.15375156834777753,0.5874051399490409,Monotonic convergence,Included,0.7695151013359398,15.698553165191356,4.13230669866406,5.671336901335939
5.1943286,5.2428187,5.0671337,4.9017431,0.15539571880656827,0.5874051399490409,Monotonic convergence,Included,0.7687500260880485,15.683196985334636,4.132993073911951,5.670493126088049
5.2043369,5.2425175,5.0668905,4.9016644,0.15703774154619907,0.5874051399490409,Monotonic convergence,Included,0.7679854156489361,15.667849795039746,4.1336789843510635,5.669649815648936
5.2143453,5.2422163,5.0666472,4.9015857,0.15868484595790777,0.5874051399490409,Monotonic convergence,Included,0.7672203404010407,15.652492629090228,4.134365359598959,5.668806040401041
5.2243536,5.2419151,5.066404,4.901507,0.16033123333133517,0.5874051399490409,Monotonic convergence,Included,0.7664557299619282,15.637144452959637,4.135051270038072,5.6679627299619275
5.234362,5.2416139,5.0661608,4.9014295,0.16199779841560616,0.5874051399490409,Monotonic convergence,Included,0.7656855418174775,15.621678161799071,4.135743958182522,5.667115041817477
5.2443703,5.2413127,5.0659175,4.9013526,0.16367850510895648,0.5874051399490409,Monotonic convergence,Included,0.7649121000115912,15.606143088166952,4.136440499988409,5.666264700011591
5.2543786,5.241013,5.0656743,4.9012758,0.16538118607220892,0.5874051399490409,Monotonic convergence,Included,0.7641386582057047,15.590607208957813,4.137137141794295,5.665414458205705
5.264387,5.2407142,5.0654312,4.901199,0.1670959084454821,0.5874051399490409,Monotonic convergence,Included,0.7633656812085889,15.575080326438265,4.137833318791412,5.664564681208589
5.2743953,5.2404155,5.0651881,4.9011222,0.16881432336425642,0.5874051399490409,Monotonic convergence,Included,0.7625927042114815,15.559552957310093,4.138529495788518,5.663714904211481
5.2844037,5.2401168,5.064945,4.9010458,0.1705410542843496,0.5874051399490409,Monotonic convergence,Included,0.7618178679792543,15.543985897443648,4.139227932020746,5.662863667979255
5.294412,5.2398181,5.0647019,4.9009695,0.17227159982474669,0.5874051399490409,Monotonic convergence,Included,0.7610425669382566,15.52840855137451,4.139926933061744,5.6620120669382565
5.3044204,5.2395194,5.0644588,4.9008931,0.17400295004854524,0.5874051399490409,Monotonic convergence,Included,0.7602677307060335,15.512840520966138,4.140625369293967,5.6611608307060335
5.3144287,5.2392207,5.0642157,4.9008168,0.17573812808799655,0.5874051399490409,Monotonic convergence,Included,0.7594924296650357,15.497262204639759,4.1413243703349645,5.660309229665036
5.324437,5.2389219,5.0639726,4.9007404,0.17747270632509704,0.5874051399490409,Monotonic convergence,Included,0.7587175934328128,15.481693203598637,4.142022806567187,5.659457993432813
5.3344454,5.2386232,5.0637298,4.9006638,0.17919921414430479,0.5874051399490409,Monotonic convergence,Included,0.7579450812444799,15.466171771352277,4.14271871875552,5.65860888124448
5.3444537,5.2383245,5.0634871,4.9005871,0.18092359113750053,0.5874051399490409,Monotonic convergence,Included,0.7571734986737009,15.4506691386773,4.1434136013263,5.6577605986737005
5.3544621,5.2380258,5.0632444,4.9005103,0.18264876217792658,0.5874051399490409,Monotonic convergence,Included,0.7564023809117048,15.435175820601883,4.144107919088295,5.656912680911704
5.3644704,5.2377279,5.0630017,4.9004336,0.18438907277010677,0.5874051399490409,Monotonic convergence,Included,0.7556307983409215,15.419672217187504,4.144802801659079,5.656064398340922
5.3744787,5.2374309,5.062759,4.9003568,0.18614291594813556,0.5874051399490409,Monotonic convergence,Included,0.7548596805789213,15.404177928001513,4.145497119421079,5.655216480578921
5.3844871,5.2371339,5.0625163,4.9002794,0.18788996501251445,0.5874051399490409,Monotonic convergence,Included,0.7540913516695902,15.388741949481293,4.146188048330409,5.65437075166959
5.3944954,5.236837,5.0622736,4.9002018,0.18963770669547855,0.5874051399490409,Monotonic convergence,Included,0.7533239523778086,15.373325081791705,4.146877847622191,5.653525752377808
5.4045038,5.23654,5.0620311,4.9001242,0.19138047757704324,0.5874051399490409,Monotonic convergence,Included,0.7525574827035807,15.357926697114754,4.147566717296419,5.65268168270358
5.4145121,5.236243,5.0617892,4.9000466,0.19310791540910036,0.5874051399490409,Monotonic convergence,Included,0.7517938018820218,15.342584739541497,4.148252798117978,5.651840401882021
5.4245204,5.2359461,5.0615474,4.8999689,0.19483459888825372,0.5874051399490409,Monotonic convergence,Included,0.7510310506780167,15.327261580742208,4.1489378493219835,5.650999950678017
5.4345288,5.2356491,5.0613055,4.8998904,0.196552874102221,0.5874051399490409,Monotonic convergence,Included,0.7502715531354514,15.312006838672378,4.1496188468645485,5.650161953135452
5.4445371,5.2353521,5.0610637,4.8998116,0.19826589099511774,0.5874051399490409,Monotonic convergence,Included,0.7495139148280057,15.296790489414038,4.150297685171994,5.649325514828005
5.4545455,5.2350552,5.0608218,4.8997328,0.19998555178191607,0.5874051399490409,Monotonic convergence,Included,0.7487558117117769,15.281564164310693,4.150976988288223,5.648488611711777
5.4645538,5.2347582,5.06058,4.899654,0.2017031283635731,0.5874051399490409,Monotonic convergence,Included,0.747998173404323,15.266346836007665,4.151655826595677,5.647652173404323
5.4745621,5.2344613,5.0603381,4.8995752,0.20342736367287934,0.5874051399490409,Monotonic convergence,Included,0.7472400702880942,15.25111953150743,4.152335129711906,5.646815270288094
5.4845705,5.2341655,5.0600968,4.8994956,0.20513946093579852,0.5874051399490409,Monotonic convergence,Included,0.7464884744947533,15.236027041125483,4.153007125505247,5.645984074494753
5.4945788,5.2338701,5.059856,4.8994152,0.20683239103009946,0.5874051399490409,Monotonic convergence,Included,0.7457429212155172,15.221059877013836,4.153672278784483,5.645158121215517
5.5045872,5.2335746,5.0596151,4.8993348,0.20852908752091412,0.5874051399490409,Monotonic convergence,Included,0.7449969031275063,15.20608273448686,4.1543378968724936,5.644331703127507
5.5145955,5.2332792,5.0593743,4.8992545,0.2102280175331221,0.5874051399490409,Monotonic convergence,Included,0.7442508850394955,15.19110479032056,4.1550036149605045,5.643505385039495
5.5246038,5.2329838,5.0591335,4.8991741,0.21192764203399286,0.5874051399490409,Monotonic convergence,Included,0.7435053317602595,15.176136152423314,4.155668768239741,5.642679431760259
5.5346122,5.2326883,5.0588927,4.8990933,0.21362190407659393,0.5874051399490409,Monotonic convergence,Included,0.7427616377161388,15.161206211691026,4.156331662283861,5.641854937716138
5.5446205,5.2323929,5.0586519,4.8990108,0.21529352119987905,0.5874051399490409,Monotonic convergence,Included,0.7420258454212303,15.146442327116942,4.156984954578769,5.641036645421231
5.5546289,5.2320974,5.0584111,4.8989283,0.21696590129355103,0.5874051399490409,Monotonic convergence,Included,0.741290053126326,15.131677945282972,4.157638246873674,5.6402183531263255
5.5646372,5.231802,5.0581709,4.8988458,0.21862405854514438,0.5874051399490409,Monotonic convergence,Included,0.7405570496840866,15.116969994934044,4.158288750315913,5.639402849684087
5.5746455,5.2315065,5.0579314,4.8987633,0.2202621434353903,0.5874051399490409,Monotonic convergence,Included,0.7398272999032912,15.102327967209423,4.158936000096708,5.638590599903291
5.5846539,5.2312111,5.0576918,4.8986807,0.221905220864354,0.5874051399490409,Monotonic convergence,Included,0.7390975501224917,15.087685754298942,4.159583149877508,5.637778250122492
5.5946622,5.2309157,5.0574523,4.8985964,0.22352104465444037,0.5874051399490409,Monotonic convergence,Included,0.7383761668996913,15.0732190735226,4.160220233100309,5.636972566899691
5.6046706,5.2306212,5.0572128,4.8985114,0.22514089402988227,0.5874051399490409,Monotonic convergence,Included,0.7376580373383349,15.058820468159672,4.1608533626616655,5.636169437338335
5.6146789,5.2303272,5.0569732,4.8984265,0.22677449854774426,0.5874051399490409,Monotonic convergence,Included,0.7369389781594207,15.044402078084067,4.16148752184058,5.635365478159421
5.6246872,5.2300333,5.0567337,4.8983416,0.22840865236295968,0.5874051399490409,Monotonic convergence,Included,0.7362203837892853,15.029992677302975,4.162121216210715,5.634561983789285
5.6346956,5.2297393,5.0564942,4.8982566,0.23004192988963273,0.5874051399490409,Monotonic convergence,Included,0.7355022542279331,15.015592572833633,4.162754345772067,5.633758854227933
5.6447039,5.2294453,5.056255,4.8981711,0.23166054262057706,0.5874051399490409,Monotonic convergence,Included,0.7347878431367953,15.001269415370064,4.163383256863204,5.632958943136796
5.6547123,5.2291514,5.0560167,4.8980845,0.23323855849072017,0.5874051399490409,Monotonic convergence,Included,0.7340827282212062,14.987138915655828,4.1640017717787945,5.632167228221206
5.6647206,5.2288574,5.0557784,4.8979979,0.23481717176310005,0.5874051399490409,Monotonic convergence,Included,0.7333776133056255,14.973007916267694,4.164620286694374,5.631375513305626
5.6747289,5.2285635,5.0555401,4.8979114,0.23640080653780407,0.5874051399490409,Monotonic convergence,Included,0.7326720335812617,14.958866621827044,4.165239366418739,5.630583433581261
5.6847373,5.2282695,5.0553018,4.8978248,0.23798348107893827,0.5874051399490409,Monotonic convergence,Included,0.7319669186656727,14.944734623126426,4.165857881334328,5.629791718665673
5.6947456,5.2279756,5.0550636,4.8977382,0.23956662193105055,0.5874051399490409,Monotonic convergence,Included,0.7312622685588708,14.930611614946484,4.166475931441129,5.629000468558871
5.704754,5.2276816,5.0548253,4.8976512,0.24114708637738377,0.5874051399490409,Monotonic convergence,Included,0.7305590128783931,14.91651779690626,4.167092187121607,5.628210212878393
5.7147623,5.2273876,5.054587,4.897564,0.24272643777728312,0.5874051399490409,Monotonic convergence,Included,0.7298566868154732,14.902443067930776,4.167707313184527,5.627420686815473
5.7247706,5.2270938,5.0543487,4.8974767,0.24430910470718686,0.5874051399490409,Monotonic convergence,Included,0.7291548255613322,14.888377632533343,4.168321874438668,5.626631525561333
5.734779,5.2268011,5.0541112,4.8973895,0.24588706513622005,0.5874051399490409,Monotonic convergence,Included,0.7284562179686351,14.874377828609203,4.1689332820313645,5.625845717968636
5.7447873,5.2265086,5.053874,4.8973022,0.2474593054245809,0.5874051399490409,Monotonic convergence,Included,0.7277594696110452,14.860415794047693,4.169542730388955,5.625061669611045
5.7547957,5.2262162,5.0536367,4.897215,0.24903957577371552,0.5874051399490409,Monotonic convergence,Included,0.7270617916359018,14.846433975961883,4.170153208364098,5.624276791635902
5.764804,5.2259238,5.0533995,4.8971275,0.25061411621049556,0.5874051399490409,Monotonic convergence,Included,0.7263659728958697,14.832490534417774,4.17076152710413,5.62349347289587
5.7748123,5.2256313,5.0531622,4.89704,0.2521922522688985,0.5874051399490409,Monotonic convergence,Included,0.7256696893470588,14.818537102965442,4.171370310652941,5.622709689347058
5.7848207,5.2253389,5.052925,4.8969526,0.25377240937133777,0.5874051399490409,Monotonic convergence,Included,0.7249734057982479,14.804582870543774,4.171979194201752,5.621926005798247
5.794829,5.2250464,5.0526877,4.8968651,0.2553545917267985,0.5874051399490409,Monotonic convergence,Included,0.7242771222494327,14.790628442050256,4.172587977750568,5.621142222249433
5.8048374,5.224754,5.0524505,4.8967777,0.2569388035566446,0.5874051399490409,Monotonic convergence,Included,0.7235808387006218,14.776673213093211,4.173196861299378,5.620358538700622
5.8148457,5.2244615,5.0522133,4.8966902,0.2585220274793782,0.5874051399490409,Monotonic convergence,Included,0.7228850199605897,14.762727279757042,4.173805180039411,5.6195752199605895
5.824854,5.2241691,5.0519765,4.896603,0.26010139341073907,0.5874051399490409,Monotonic convergence,Included,0.7221896660293365,14.748789436867488,4.174413333970663,5.618792666029337
5.8348624,5.2238767,5.0517398,4.896516,0.26168294804179904,0.5874051399490409,Monotonic convergence,Included,0.7214938472893003,14.734841003058099,4.175022152710699,5.618009847289301
5.8448707,5.2235842,5.051503,4.8964289,0.2632665414477923,0.5874051399490409,Monotonic convergence,Included,0.7207980285492682,14.720892374221307,4.175630871450732,5.617226928549268
5.8548791,5.2232918,5.0512662,4.8963418,0.26485361347305414,0.5874051399490409,Monotonic convergence,Included,0.7201022098092321,14.70694324912595,4.176239590190768,5.616444009809232
5.8648874,5.2230001,5.0510295,4.8962547,0.26644975438817753,0.5874051399490409,Monotonic convergence,Included,0.7194068558779789,14.69300312089522,4.176847844122021,5.615661555877979
5.8748957,5.2227089,5.0507927,4.8961677,0.26805976350455796,0.5874051399490409,Monotonic convergence,Included,0.7187105723291638,14.679043210247144,4.177457127670836,5.614878272329165
5.8849041,5.2224178,5.050556,4.8960812,0.26967823833133114,0.5874051399490409,Monotonic convergence,Included,0.7180124295452456,14.66504333190482,4.178068770454755,5.614093629545246
5.8949124,5.2221267,5.0503192,4.8959948,0.2713034388099067,0.5874051399490409,Monotonic convergence,Included,0.7173133571437654,14.651023672324271,4.178681442856235,5.6133081571437655
5.9049208,5.2218355,5.0500824,4.8959084,0.27292930076402383,0.5874051399490409,Monotonic convergence,Included,0.7166142847422936,14.637003517923121,4.179294115257706,5.612522684742293
5.9149291,5.2215444,5.0498455,4.895822,0.27456174553750323,0.5874051399490409,Monotonic convergence,Included,0.7159147475320388,14.622973374686392,4.179907252467961,5.6117367475320385
5.9249374,5.2212532,5.0496085,4.8957355,0.27619630254644684,0.5874051399490409,Monotonic convergence,Included,0.7152152103217839,14.608943034642783,4.180520289678216,5.6109507103217835
5.9349458,5.2209621,5.0493714,4.8956492,0.27784067419976605,0.5874051399490409,Monotonic convergence,Included,0.7145142786851966,14.594883119591096,4.181134921314804,5.610163478685196
5.9449541,5.220671,5.0491343,4.8955632,0.2794920025599334,0.5874051399490409,Monotonic convergence,Included,0.7138119526222808,14.580793331853643,4.1817512473777185,5.609375152622281
5.9549625,5.2203798,5.0488973,4.8954774,0.28114420680772284,0.5874051399490409,Monotonic convergence,Included,0.713109161750582,14.566692959313468,4.182368238249418,5.608586561750582
5.9649708,5.2200887,5.0486602,4.8953915,0.28280144458730927,0.5874051399490409,Monotonic convergence,Included,0.7124063708788833,14.552592389778905,4.182985129121116,5.607797870878883
5.9749791,5.2197975,5.0484231,4.8953057,0.2844610129651266,0.5874051399490409,Monotonic convergence,Included,0.7117031151984097,14.538481533408826,4.18360258480159,5.60700881519841
5.9849875,5.2195064,5.0481861,4.8952199,0.2861211325460142,0.5874051399490409,Monotonic convergence,Included,0.7110003243267109,14.524379677544433,4.184219575673289,5.6062202243267105
5.9949958,5.2192153,5.047949,4.895134,0.2877848611453793,0.5874051399490409,Monotonic convergence,Included,0.7102975334550163,14.510277623758949,4.184836466544983,5.605431533455016
6.0050042,5.2189246,5.0477117,4.8950484,0.2894675049832699,0.5874051399490409,Monotonic convergence,Included,0.7095924185394272,14.496126709174668,4.185455981460573,5.604640818539427
6.0150125,5.2186343,5.047474,4.8949629,0.2911719866237476,0.5874051399490409,Monotonic convergence,Included,0.7088849795799562,14.481927525537655,4.186077920420044,5.6038478795799564
6.0250209,5.218344,5.0472364,4.8948774,0.29287563086558815,0.5874051399490409,Monotonic convergence,Included,0.7081780054292599,14.467737341680097,4.1866993945707405,5.60305540542926
6.0350292,5.2180537,5.0469987,4.8947919,0.29458456875245753,0.5874051399490409,Monotonic convergence,Included,0.7074705664697847,14.45353716610066,4.187321333530216,5.602262466469785
6.0450375,5.2177634,5.0467611,4.8947064,0.2962926746671043,0.5874051399490409,Monotonic convergence,Included,0.7067635923190966,14.439345990580694,4.187942807680903,5.601469992319096
6.0550459,5.2174731,5.0465234,4.8946209,0.29800608794427647,0.5874051399490409,Monotonic convergence,Included,0.7060561533596215,14.42514482295496,4.188564746640378,5.600677053359621
6.0650542,5.2171828,5.0462858,4.8945355,0.29972030210875494,0.5874051399490409,Monotonic convergence,Included,0.7053487144001462,14.410942864754915,4.189186785599854,5.599884214400146
6.0750626,5.2168925,5.0460482,4.8944503,0.3014400242130243,0.5874051399490409,Monotonic convergence,Included,0.7046403458231215,14.396720829367121,4.189809954176878,5.5990906458231215
6.0850709,5.2166022,5.0458105,4.8943651,0.30316508423092725,0.5874051399490409,Monotonic convergence,Included,0.7039315124373138,14.382488802016708,4.190433587562686,5.598296612437314
6.0950792,5.216312,5.0455727,4.8942799,0.3048969397134794,0.5874051399490409,Monotonic convergence,Included,0.7032222142427313,14.36824678218202,4.191057685757269,5.597502114242731
6.1050876,5.2160217,5.0453346,4.8941947,0.30663887110598603,0.5874051399490409,Monotonic convergence,Included,0.7025115216218164,14.353975775050722,4.191683178378184,5.596706221621816
6.1150959,5.2157314,5.0450963,4.8941095,0.30838926527708627,0.5874051399490409,Monotonic convergence,Included,0.7017998993833436,14.33968527641941,4.192309600616657,5.595909399383343
6.1251043,5.2154411,5.0448581,4.8940244,0.31014052208799586,0.5874051399490409,Monotonic convergence,Included,0.7010882771448709,14.32539398750997,4.192936122855129,5.595112677144871
6.1351126,5.2151508,5.0446199,4.89394,0.3119055660422563,0.5874051399490409,Monotonic convergence,Included,0.7003734012449584,14.311033671131204,4.193566598755042,5.594313401244958
6.1451209,5.2148609,5.0443817,4.8938558,0.3136820286204894,0.5874051399490409,Monotonic convergence,Included,0.6996575957274881,14.296653279556953,4.194198204272512,5.593513395727488
6.1551293,5.2145713,5.0441434,4.8937715,0.3154666456830005,0.5874051399490409,Monotonic convergence,Included,0.6989417902100219,14.282272684983798,4.194829709789978,5.592713290210021
6.1651376,5.2142816,5.0439052,4.8936873,0.3172507307564127,0.5874051399490409,Monotonic convergence,Included,0.6982259846925517,14.267891303405342,4.1954613153074485,5.591913284692551
6.175146,5.213992,5.043667,4.893603,0.3190369904701595,0.5874051399490409,Monotonic convergence,Included,0.6975106439838603,14.253519216492641,4.196092356016139,5.59111364398386
6.1851543,5.2137023,5.0434286,4.8935191,0.3208369578852689,0.5874051399490409,Monotonic convergence,Included,0.6967925144225038,14.239088479750775,4.196726585577496,5.590311614422504
6.1951626,5.2134127,5.0431899,4.8934362,0.32266656611728156,0.5874051399490409,Monotonic convergence,Included,0.6960683423470343,14.224530859256616,4.197367857652965,5.589504542347035
6.205171,5.2131231,5.0429511,4.8933534,0.32450337998317674,0.5874051399490409,Monotonic convergence,Included,0.6953432406540153,14.209953457561749,4.198010159345984,5.588696640654015
6.2151793,5.2128334,5.0427123,4.8932706,0.3263412081753275,0.5874051399490409,Monotonic convergence,Included,0.6946181389609922,14.195375562532597,4.198652461039008,5.587888738960992
6.2251877,5.2125438,5.0424735,4.8931879,0.32818461332257254,0.5874051399490409,Monotonic convergence,Included,0.6938925724591943,14.180787385238045,4.199295327540805,5.587080472459195
6.235196,5.2122541,5.0422347,4.8931051,0.3300273903713713,0.5874051399490409,Monotonic convergence,Included,0.6931674707661754,14.166208503597753,4.199937629233824,5.586272570766175
6.2452043,5.2119645,5.0419959,4.8930228,0.3318823906640812,0.5874051399490409,Monotonic convergence,Included,0.692440045029266,14.15158018534608,4.200582754970734,5.585462845029266
6.2552127,5.2116749,5.0417571,4.8929411,0.3337498532840674,0.5874051399490409,Monotonic convergence,Included,0.6917098304396917,14.136892643970143,4.201231269560308,5.584650930439691
6.265221,5.2113852,5.0415183,4.8928594,0.3356183941128336,0.5874051399490409,Monotonic convergence,Included,0.6909796158501175,14.122204612094873,4.201879784149883,5.583839015850117
6.2752294,5.2110959,5.0412793,4.8927777,0.33750152340941647,0.5874051399490409,Monotonic convergence,Included,0.6902484716429895,14.10749708990436,4.20252922835701,5.58302617164299
6.2852377,5.2108069,5.0410402,4.892696,0.3393946910783821,0.5874051399490409,Monotonic convergence,Included,0.6895168626270827,14.0927795764765,4.203179137372917,5.582212862627083
6.295246,5.210518,5.040801,4.8926142,0.34129333654475724,0.5874051399490409,Monotonic convergence,Included,0.6887852536111758,14.078061859264846,4.203828946388824,5.5813994536111755
6.3052544,5.210229,5.0405619,4.8925327,0.34319498258814507,0.5874051399490409,Monotonic convergence,Included,0.6880527149777113,14.063323786833582,4.204479985022289,5.580585414977712
6.3152627,5.20994,5.0403227,4.8924512,0.34510234095572445,0.5874051399490409,Monotonic convergence,Included,0.6873197115354719,14.048575722849764,4.205131488464528,5.579770911535472
6.3252711,5.2096511,5.0400836,4.8923698,0.3470122958518749,0.5874051399490409,Monotonic convergence,Included,0.6865867080932326,14.033826880650613,4.205783091906767,5.578956508093233
6.3352794,5.2093621,5.0398444,4.8922883,0.34892485315460464,0.5874051399490409,Monotonic convergence,Included,0.6858537046509933,14.019077834210902,4.206434595349006,5.578142004650993
6.3452877,5.2090732,5.0396053,4.8922068,0.35083834330982017,0.5874051399490409,Monotonic convergence,Included,0.6851211660175287,14.004337797362298,4.207085633982471,5.5773279660175294
6.3552961,5.2087842,5.0393661,4.8921253,0.35275612134152,0.5874051399490409,Monotonic convergence,Included,0.6843881625752893,13.989587768230084,4.207737137424711,5.5765134625752895
6.3653044,5.2084953,5.039127,4.8920433,0.35466644527814367,0.5874051399490409,Monotonic convergence,Included,0.683657947985715,13.974895683889695,4.208385352014285,5.575701247985715
6.3753128,5.2082063,5.0388881,4.8919612,0.35656995558677784,0.5874051399490409,Monotonic convergence,Included,0.6829291278224774,13.960231896820387,4.209032072177522,5.5748903278224775
6.3853211,5.2079174,5.0386492,4.891879,0.35847583929973564,0.5874051399490409,Monotonic convergence,Included,0.6822007724680104,13.945577404265526,4.20967822753199,5.574079772468011
6.3953294,5.2076284,5.0384103,4.8917968,0.36038286379888085,0.5874051399490409,Monotonic convergence,Included,0.6814724171135474,13.930922419213067,4.210324382886452,5.573269217113547
6.4053378,5.20734,5.0381714,4.8917146,0.36230125259644275,0.5874051399490409,Monotonic convergence,Included,0.6807440617590845,13.916266941638101,4.2109705382409155,5.572458661759085
6.4153461,5.2070518,5.0379325,4.8916319,0.3642167380879214,0.5874051399490409,Monotonic convergence,Included,0.6800180304485077,13.90165990307872,4.211613869551492,5.571649930448508
6.4253545,5.2067635,5.0376935,4.8915482,0.3661196210134592,0.5874051399490409,Monotonic convergence,Included,0.6792961824169285,13.887140730146102,4.212252017583071,5.5708443824169285
6.4353628,5.2064752,5.0374546,4.8914645,0.36802193051910986,0.5874051399490409,Monotonic convergence,Included,0.6785747991941323,13.872630562771793,4.212889700805867,5.570039299194132
6.4453711,5.206187,5.0372162,4.8913808,0.3699125074156033,0.5874051399490409,Monotonic convergence,Included,0.677855740015214,13.858167411852579,4.213525059984787,5.569236540015214
6.4553795,5.2058987,5.0369783,4.8912972,0.3717900965980996,0.5874051399490409,Monotonic convergence,Included,0.6771385400714153,13.843741494003169,4.214158659928585,5.568435740071416
6.4653878,5.2056105,5.0367404,4.8912133,0.3736666084096427,0.5874051399490409,Monotonic convergence,Included,0.6764227345539451,13.829344440037914,4.214790565446055,5.567636034553946
6.4753962,5.2053222,5.0365026,4.8911283,0.375522356007983,0.5874051399490409,Monotonic convergence,Included,0.6757125067418089,13.815064036283998,4.215415793258191,5.566840806741809
6.4854045,5.2050339,5.0362647,4.8910431,0.3773803742766012,0.5874051399490409,Monotonic convergence,Included,0.6750027437384476,13.800793203773804,4.216040356261552,5.566045843738448
6.4954128,5.2047457,5.0360268,4.8909579,0.3792423671349022,0.5874051399490409,Monotonic convergence,Included,0.6742929807350863,13.786521874070644,4.216664919264914,5.5652508807350864
6.5054212,5.2044574,5.035789,4.8908728,0.38110394899212413,0.5874051399490409,Monotonic convergence,Included,0.6735832177317249,13.77224976555769,4.217289582268275,5.564456017731725
6.5154295,5.2041692,5.0355511,4.8907876,0.38297098131486523,0.5874051399490409,Monotonic convergence,Included,0.6728734547283636,13.757977441677566,4.217914145271637,5.563661054728364
6.5254379,5.2038813,5.035314,4.8907017,0.384807600773301,0.5874051399490409,Monotonic convergence,Included,0.6721706638566648,13.743849146568575,4.218531036143335,5.562872363856665
6.5354462,5.2035936,5.0350775,4.8906156,0.38662715806354403,0.5874051399490409,Monotonic convergence,Included,0.6714715914551889,13.729796949389947,4.219144008544811,5.5620871914551895
6.5454545,5.2033059,5.0348411,4.8905296,0.3884476988056973,0.5874051399490409,Monotonic convergence,Included,0.6707725190537169,13.715743976965541,4.219757080946283,5.561302119053717
6.5554629,5.2030181,5.0346047,4.8904435,0.390267514017883,0.5874051399490409,Monotonic convergence,Included,0.6700739114610157,13.701700294891776,4.2203695885389845,5.560517411461015
6.5654712,5.2027304,5.0343683,4.8903575,0.3920929658892428,0.5874051399490409,Monotonic convergence,Included,0.6693748390595357,13.687646333821927,4.220982660940464,5.559732339059536
6.5754796,5.2024427,5.0341318,4.8902712,0.3939189166040637,0.5874051399490409,Monotonic convergence,Included,0.6686766962756174,13.673611726801928,4.221594503724383,5.558947896275617
6.5854879,5.2021549,5.0338954,4.8901848,0.39574095902302947,0.5874051399490409,Monotonic convergence,Included,0.6679794831092487,13.659595913619638,4.222205316890752,5.558164283109249
6.5954962,5.2018672,5.033659,4.8900985,0.39756865049522216,0.5874051399490409,Monotonic convergence,Included,0.6672818051341094,13.645569821019134,4.22281669486589,5.557380305134109
6.6055046,5.2015794,5.0334238,4.8900121,0.3993573335967198,0.5874051399490409,Monotonic convergence,Included,0.6665901696730707,13.631667080600286,4.223421930326929,5.55660226967307
6.6155129,5.2012917,5.0331889,4.8899257,0.401140324576292,0.5874051399490409,Monotonic convergence,Included,0.6658999286383687,13.617792365196237,4.224025771361632,5.5558256286383685
6.6255213,5.201004,5.032954,4.8898393,0.4029257259208429,0.5874051399490409,Monotonic convergence,Included,0.6652096876036667,13.603917159479385,4.224629612396334,5.555048987603667
6.6355296,5.2007163,5.0327192,4.8897529,0.4047103455476916,0.5874051399490409,Monotonic convergence,Included,0.6645199113777395,13.590050969195998,4.225232988622261,5.55427281137774
6.6455379,5.2004287,5.0324843,4.8896666,0.4065037811560783,0.5874051399490409,Monotonic convergence,Included,0.6638292055342626,13.576164999353178,4.225837394465738,5.553495805534262
6.6555463,5.2001411,5.0322495,4.8895802,0.40829471480889,0.5874051399490409,Monotonic convergence,Included,0.6631394293083354,13.562297828928859,4.2264407706916645,5.552719629308336
6.6655546,5.1998535,5.0320146,4.8894939,0.41009301379571733,0.5874051399490409,Monotonic convergence,Included,0.6624487234648586,13.548410878779471,4.227045176535141,5.551942623464859
6.675563,5.1995659,5.0317802,4.8894077,0.41187945675858173,0.5874051399490409,Monotonic convergence,Included,0.6617598768564892,13.534561187370185,4.22764782314351,5.551167576856489
6.6855713,5.1992783,5.0315466,4.8893217,0.41364613053558735,0.5874051399490409,Monotonic convergence,Included,0.6610738191007847,13.520767494206503,4.228247880899215,5.5503955191007845
6.6955796,5.1989907,5.0313129,4.8892357,0.4154184197480073,0.5874051399490409,Monotonic convergence,Included,0.6603872965362972,13.506963809012056,4.2288484034637035,5.549622996536297
6.705588,5.1987031,5.0310793,4.8891498,0.41719164996386915,0.5874051399490409,Monotonic convergence,Included,0.659700773971818,13.493159362223222,4.229449026028182,5.548850573971818
6.7155963,5.1984155,5.0308456,4.8890638,0.4189687727228434,0.5874051399490409,Monotonic convergence,Included,0.6590142514073387,13.479354706055151,4.230049548592661,5.548078051407338
6.7256047,5.1981279,5.030612,4.8889781,0.42075033366900744,0.5874051399490409,Monotonic convergence,Included,0.6583267992252977,13.465529723385295,4.230651300774703,5.547304899225297
6.735613,5.1978403,5.0303783,4.8888926,0.42254104270500575,0.5874051399490409,Monotonic convergence,Included,0.6576379526169281,13.451675183392824,4.231254647383072,5.546530552616928
6.7456214,5.1975527,5.0301448,4.8888071,0.4243277609633513,0.5874051399490409,Monotonic convergence,Included,0.6569500356261164,13.437839174020928,4.231857064373884,5.545757135626117
6.7556297,5.197265,5.0299116,4.8887216,0.4261057795793657,0.5874051399490409,Monotonic convergence,Included,0.6562635130616331,13.42403120401933,4.232458086938367,5.544985113061633
6.765638,5.1969773,5.0296784,4.8886361,0.42788623943788867,0.5874051399490409,Monotonic convergence,Included,0.6555769904971497,13.410222751027627,4.23305910950285,5.54421309049715
6.7756464,5.1966897,5.0294452,4.8885508,0.42967412832200275,0.5874051399490409,Monotonic convergence,Included,0.6548895383151128,13.396394250727901,4.233661261684887,5.543440338315113
6.7856547,5.196402,5.029212,4.8884656,0.43146475530936734,0.5874051399490409,Monotonic convergence,Included,0.654201621324301,13.382555485801129,4.234263978675699,5.542667221324301
6.7956631,5.1961143,5.0289789,4.8883804,0.43325461703204293,0.5874051399490409,Monotonic convergence,Included,0.653514169142264,13.368725746921497,4.234866230857736,5.541894569142264
6.8056714,5.1958267,5.0287457,4.8882952,0.43505166309431637,0.5874051399490409,Monotonic convergence,Included,0.6528262521514482,13.354886017347074,4.235468947848552,5.541121452151448
6.8156797,5.195539,5.0285125,4.88821,0.43684971158100316,0.5874051399490409,Monotonic convergence,Included,0.6521383351606322,13.341045805328172,4.2360716648393675,5.540348335160632
6.8256881,5.1952513,5.0282796,4.8881248,0.43864052230995837,0.5874051399490409,Monotonic convergence,Included,0.651451812596153,13.327233637654935,4.236672987403847,5.539576612596153
6.8356964,5.1949637,5.0280468,4.8880396,0.4404320463328314,0.5874051399490409,Monotonic convergence,Included,0.6507657548404486,13.313430497585344,4.237273845159551,5.538805354840449
6.8457048,5.194676,5.0278139,4.8879544,0.44222781526227606,0.5874051399490409,Monotonic convergence,Included,0.6500792322759652,13.299617367051649,4.2378751677240345,5.538033632275965
6.8557131,5.1943883,5.0275811,4.8878692,0.44402282447689556,0.5874051399490409,Monotonic convergence,Included,0.6493931745202608,13.285813264402835,4.23847602547974,5.53726237452026
6.8657214,5.1941005,5.0273483,4.8877839,0.4458170725569576,0.5874051399490409,Monotonic convergence,Included,0.6487075815733352,13.272018461645475,4.239076318426664,5.536491481573335
6.8757298,5.1938128,5.0271154,4.8876985,0.44761677399406785,0.5874051399490409,Monotonic convergence,Included,0.6480219886264055,13.258223448651867,4.239676511373594,5.5357204886264055
6.8857381,5.193525,5.0268827,4.8876131,0.44941098086428855,0.5874051399490409,Monotonic convergence,Included,0.6473373252970336,13.24444697345282,4.240275774702967,5.534950425297033
6.8957465,5.1932373,5.02665,4.8875277,0.45120916341634254,0.5874051399490409,Monotonic convergence,Included,0.6466526619676657,13.230670016819868,4.240875038032334,5.534180361967666
6.9057548,5.1929495,5.0264173,4.8874422,0.45300658581423686,0.5874051399490409,Monotonic convergence,Included,0.6459684634470726,13.21690235941967,4.241473736552927,5.533410663447072
6.9157631,5.1926618,5.0261846,4.8873563,0.4548008768189744,0.5874051399490409,Monotonic convergence,Included,0.6452861241615827,13.203173342642987,4.242070175838418,5.532642424161583
6.9257715,5.192374,5.0259519,4.8872703,0.4565943954640917,0.5874051399490409,Monotonic convergence,Included,0.64460424968488,13.189453623731023,4.24266605031512,5.53187454968488
6.9357798,5.1920863,5.0257192,4.8871844,0.45839367454908814,0.5874051399490409,Monotonic convergence,Included,0.6439219103993983,13.17572364160023,4.2432624896006015,5.531106310399398
6.9457882,5.1917985,5.0254865,4.8870984,0.46019218787401056,0.5874051399490409,Monotonic convergence,Included,0.6432400359226913,13.162002957065308,4.243858364077309,5.530338435922691
6.9557965,5.1915106,5.0252537,4.8870119,0.46198606003292236,0.5874051399490409,Monotonic convergence,Included,0.6425600206810957,13.148321179268988,4.2444518793189046,5.529571920681096
6.9658048,5.1912227,5.0250206,4.8869252,0.4637886735625084,0.5874051399490409,Monotonic convergence,Included,0.6418795406307214,13.134629943399203,4.2450456593692785,5.528804740630722
6.9758132,5.1909347,5.0247876,4.8868384,0.465587241427652,0.5874051399490409,Monotonic convergence,Included,0.6411999901979006,13.120957513100915,4.245638409802099,5.528038390197901
6.9858215,5.1906467,5.0245545,4.8867517,0.4673933843271413,0.5874051399490409,Monotonic convergence,Included,0.6405195101475303,13.107265305653454,4.246232189852469,5.52727121014753
6.9958299,5.1903587,5.0243215,4.8866647,0.4691933817318708,0.5874051399490409,Monotonic convergence,Included,0.6398408893322673,13.093611463300672,4.246823810667733,5.526505589332267
7.0058382,5.1900707,5.0240885,4.8865772,0.4709869069933884,0.5874051399490409,Monotonic convergence,Included,0.6391645925608945,13.080006032870914,4.247412607439105,5.525741792560894
7.0158465,5.1897827,5.0238554,4.8864897,0.47278621280852756,0.5874051399490409,Monotonic convergence,Included,0.6384878309807388,13.066390603069086,4.248001869019261,5.524977530980739
7.0258549,5.1894948,5.023622,4.8864022,0.47459937823687176,0.5874051399490409,Monotonic convergence,Included,0.6378096749742506,13.052746148776917,4.2485925250257495,5.524211874974251
7.0358632,5.1892068,5.0233886,4.8863146,0.47641177853801475,0.5874051399490409,Monotonic convergence,Included,0.6371319837765411,13.039110985128568,4.249182616223459,5.523446583776542
7.0458716,5.1889187,5.0231552,4.8862265,0.47821619785363306,0.5874051399490409,Monotonic convergence,Included,0.636456616622722,13.025524228619407,4.249769883377279,5.522683116622722
7.0558799,5.1886304,5.0229217,4.8861384,0.48002344480939596,0.5874051399490409,Monotonic convergence,Included,0.6357807846601282,13.011927469351424,4.250357615339872,5.5219191846601285
7.0658882,5.1883421,5.0226883,4.8860503,0.48182991455133756,0.5874051399490409,Monotonic convergence,Included,0.6351054175063091,12.998339732734825,4.250944882493691,5.521155717506309
7.0758966,5.1880538,5.0224549,4.8859622,0.4836389062895707,0.5874051399490409,Monotonic convergence,Included,0.6344300503524859,12.984751506110422,4.251532149647514,5.520392250352486
7.0859049,5.1877655,5.0222213,4.8858738,0.4854515981782078,0.5874051399490409,Monotonic convergence,Included,0.6337551480074456,12.971173099220158,4.2521186519925545,5.519628948007445
7.0959133,5.1874773,5.0219876,4.8857854,0.4872716196138093,0.5874051399490409,Monotonic convergence,Included,0.6330797808536265,12.957584687481905,4.252705619146373,5.518865180853626
7.1059216,5.187189,5.0217539,4.885697,0.4890926915450042,0.5874051399490409,Monotonic convergence,Included,0.6324044136998033,12.943995784016144,4.253292586300197,5.518101413699804
7.1159299,5.1869007,5.0215203,4.8856086,0.4909130012255296,0.5874051399490409,Monotonic convergence,Included,0.631729511354759,12.930415902632047,4.253879088645242,5.517338111354759
7.1259383,5.1866124,5.0212866,4.8855202,0.49273917289047403,0.5874051399490409,Monotonic convergence,Included,0.6310541442009399,12.916826015803595,4.25446605579906,5.51657434420094
7.1359466,5.186324,5.0210529,4.8854319,0.49456823112305703,0.5874051399490409,Monotonic convergence,Included,0.6303783122383418,12.903225858871183,4.255053587761658,5.515810212238343
7.145955,5.1860356,5.0208192,4.8853435,0.4963980350917618,0.5874051399490409,Monotonic convergence,Included,0.6297029450845227,12.889634988502298,4.255640554915478,5.515046445084523
7.1559633,5.1857472,5.0205854,4.8852551,0.4982337299460063,0.5874051399490409,Monotonic convergence,Included,0.6290271131219247,12.876034111748325,4.256227986878075,5.514282213121925
7.1659716,5.1854587,5.0203517,4.8851669,0.5000708416244046,0.5874051399490409,Monotonic convergence,Included,0.628350816350552,12.862422701475195,4.256816083649448,5.5135177163505515
7.17598,5.1851703,5.0201179,4.8850788,0.5019171929977274,0.5874051399490409,Monotonic convergence,Included,0.6276735899616215,12.848791506937852,4.257405210038378,5.512752389961621
7.1859883,5.1848818,5.0198842,4.8849906,0.5037594944900654,0.5874051399490409,Monotonic convergence,Included,0.6269972931902447,12.835179113553354,4.257993306809755,5.511987893190245
7.1959967,5.1845934,5.0196504,4.8849025,0.5056110575801672,0.5874051399490409,Monotonic convergence,Included,0.6263200668013141,12.821546935712925,4.2585824331986855,5.511222566801314
7.206005,5.1843049,5.0194167,4.8848146,0.5074640773038237,0.5874051399490409,Monotonic convergence,Included,0.6256423756036048,12.807904226367256,4.259172224396395,5.5104569756036055
7.2160133,5.1840165,5.019183,4.8847268,0.5093230575424355,0.5874051399490409,Monotonic convergence,Included,0.6249642195971207,12.79425124854722,4.25976258040288,5.5096910195971205
7.2260217,5.183728,5.0189494,4.8846389,0.5111779992642637,0.5874051399490409,Monotonic convergence,Included,0.6242869932081943,12.780617073008084,4.260351906791805,5.508925893208194
7.23603,5.1834396,5.0187157,4.8845511,0.5130422537768967,0.5874051399490409,Monotonic convergence,Included,0.6236088372017019,12.766963113595063,4.260942262798299,5.508159937201702
7.2460384,5.1831511,5.018482,4.8844634,0.5149095001528328,0.5874051399490409,Monotonic convergence,Included,0.622930216386443,12.753298886146696,4.261533183613556,5.507393616386443
7.2560467,5.1828627,5.0182484,4.8843757,0.516777559811915,0.5874051399490409,Monotonic convergence,Included,0.6222520603799588,12.73964368424728,4.262123639620041,5.506627760379958
7.266055,5.1825742,5.0180149,4.884288,0.5186434313885824,0.5874051399490409,Monotonic convergence,Included,0.6215743691822495,12.725997508382994,4.26271363081775,5.50586236918225
7.2760634,5.1822857,5.0177814,4.8842002,0.5205101145955512,0.5874051399490409,Monotonic convergence,Included,0.6208971427933149,12.712360619315213,4.263303057206685,5.505097342793316
7.2860717,5.1819973,5.017548,4.8841124,0.5223776096048252,0.5874051399490409,Monotonic convergence,Included,0.6202203812131633,12.698732756706484,4.263892018786837,5.504332781213163
7.2960801,5.1817088,5.0173145,4.8840246,0.5242496222851962,0.5874051399490409,Monotonic convergence,Included,0.6195431548242368,12.685094887200954,4.264481445175763,5.503567754824237
7.3060884,5.1814204,5.0170811,4.8839368,0.5261224552091641,0.5874051399490409,Monotonic convergence,Included,0.6188663932440852,12.671466044443598,4.265070406755915,5.502803193244085
7.3160967,5.1811319,5.0168478,4.8838485,0.5279838174692674,0.5874051399490409,Monotonic convergence,Included,0.6181924205165945,12.65789511113202,4.2656560794834055,5.5020409205165945
7.3261051,5.1808434,5.0166148,4.8837602,0.5298377487939468,0.5874051399490409,Monotonic convergence,Included,0.6175198422154404,12.644352239396202,4.26624035778456,5.50128004221544
7.3361134,5.1805549,5.0163817,4.8836719,0.5316976936068398,0.5874051399490409,Monotonic convergence,Included,0.6168467991055075,12.630799360323683,4.266825100894493,5.500518699105508
7.3461218,5.1802664,5.0161486,4.8835833,0.5335547089882025,0.5874051399490409,Monotonic convergence,Included,0.6161751504219112,12.617275319577557,4.267408149578088,5.499758450421911
7.3561301,5.1799779,5.0159155,4.8834941,0.5354031878507727,0.5874051399490409,Monotonic convergence,Included,0.6155062905909757,12.603809444368444,4.267987809409024,5.499000390590976
7.3661384,5.1796894,5.0156825,4.8834049,0.5372509292060791,0.5874051399490409,Monotonic convergence,Included,0.6148378955688151,12.590352595354421,4.268567004431185,5.498242795568816
7.3761468,5.1794009,5.0154498,4.8833156,0.5390893117097943,0.5874051399490409,Monotonic convergence,Included,0.61417135978177,12.576933585487899,4.26914424021823,5.497486959781771
7.3861551,5.1791124,5.0152171,4.8832253,0.5409116066192186,0.5874051399490409,Monotonic convergence,Included,0.6135094720825013,12.563611842412866,4.269715827917499,5.496734772082502
7.3961635,5.1788238,5.0149844,4.8831348,0.5427312367787119,0.5874051399490409,Monotonic convergence,Included,0.6128485140007903,12.550309157977583,4.27028628599921,5.49598331400079
7.4061718,5.1785352,5.0147518,4.8830443,0.5445500696432309,0.5874051399490409,Monotonic convergence,Included,0.61218802072785,12.537015499282896,4.27085627927215,5.49523232072785
7.4161802,5.1782465,5.0145191,4.8829533,0.5463639805831842,0.5874051399490409,Monotonic convergence,Included,0.6115293866900252,12.523760706251794,4.271423913309975,5.4944826866900245
7.4261885,5.1779579,5.0142867,4.8828613,0.5481530211235336,0.5874051399490409,Monotonic convergence,Included,0.6108767951663052,12.510631730749862,4.271984504833695,5.4937380951663055
7.4361968,5.1776693,5.0140543,4.8827693,0.5499445895093936,0.5874051399490409,Monotonic convergence,Included,0.6102242036425852,12.497502260501745,4.2725450963574145,5.492993503642585
7.4462052,5.1773806,5.0138219,4.8826772,0.5517352984449816,0.5874051399490409,Monotonic convergence,Included,0.6095720769276441,12.484382070714078,4.273105123072356,5.492249276927644
7.4562135,5.177092,5.0135895,4.8825838,0.5535055450391674,0.5874051399490409,Monotonic convergence,Included,0.6089259927268119,12.471388462944802,4.273657807273188,5.491509792726812
7.4662219,5.1768033,5.0133572,4.8824903,0.5552714843294001,0.5874051399490409,Monotonic convergence,Included,0.6082808381435334,12.458413653039587,4.274209461856467,5.490771138143533
7.4762302,5.1765144,5.0131248,4.8823968,0.5570402859038486,0.5874051399490409,Monotonic convergence,Included,0.607635218751476,12.445428826093691,4.274761581248525,5.490032018751476
7.4862385,5.1762256,5.0128924,4.8823023,0.5587941810961794,0.5874051399490409,Monotonic convergence,Included,0.6069942474471991,12.432541251024114,4.275308052552801,5.489296547447199
7.4962469,5.1759367,5.01266,4.8822075,0.5605433441749919,0.5874051399490409,Monotonic convergence,Included,0.6063546705692547,12.419682501599015,4.275852829430745,5.488562170569255
7.5062552,5.1756478,5.0124275,4.8821126,0.5622964728682625,0.5874051399490409,Monotonic convergence,Included,0.6057150936913063,12.406823506924159,4.276397506308694,5.487827693691306
7.5162636,5.175359,5.0121951,4.8820172,0.5640406777621149,0.5874051399490409,Monotonic convergence,Included,0.6050783056660228,12.39402240668105,4.276938894333977,5.487095505666023
7.5262719,5.1750701,5.0119623,4.8819212,0.565788067518028,0.5874051399490409,Monotonic convergence,Included,0.6044424472583012,12.381241369858678,4.277478752741699,5.486363647258301
7.5362802,5.1747812,5.0117296,4.8818252,0.5675344829008672,0.5874051399490409,Monotonic convergence,Included,0.6038070536593503,12.368469351572651,4.278018146340649,5.48563225365935
7.5462886,5.1744921,5.0114968,4.8817289,0.569278018739425,0.5874051399490409,Monotonic convergence,Included,0.6031725896779572,12.355716633055088,4.278556310322043,5.484901489677957
7.5562969,5.1742029,5.0112641,4.8816321,0.5710095306816025,0.5874051399490409,Monotonic convergence,Included,0.602540914549229,12.343021805130071,4.279091185450771,5.484173014549229
7.5663053,5.1739138,5.011031,4.8815352,0.5727567630996577,0.5874051399490409,Monotonic convergence,Included,0.6019078449941684,12.330298161000014,4.2796273550058315,5.483443044994169
7.5763136,5.1736247,5.0107975,4.8814382,0.5745182306447574,0.5874051399490409,Monotonic convergence,Included,0.6012733810127752,12.317545698166889,4.280164818987225,5.482711581012775
7.5863219,5.1733356,5.0105639,4.8813409,0.5762798555294403,0.5874051399490409,Monotonic convergence,Included,0.6006398466489398,12.304812529052004,4.28070105335106,5.481980746648939
7.5963303,5.1730465,5.0103303,4.8812435,0.5780420282244965,0.5874051399490409,Monotonic convergence,Included,0.600006777093875,12.29208862647141,4.281236722906125,5.481250277093875
7.6063386,5.1727573,5.0100968,4.881146,0.5797997964485821,0.5874051399490409,Monotonic convergence,Included,0.5993746371563721,12.279383512731888,4.281771362843628,5.480520637156372
7.616347,5.1724679,5.0098624,4.8810483,0.5815840751666097,0.5874051399490409,Monotonic convergence,Included,0.5987392435574252,12.266611734971466,4.282309056442575,5.479787543557425
7.6263553,5.1721786,5.0096279,4.8809506,0.583375811163003,0.5874051399490409,Monotonic convergence,Included,0.5981033851496954,12.253829923000971,4.282847214850305,5.4790539851496955
7.6363636,5.1718892,5.0093934,4.8808528,0.5851666171682586,0.5874051399490409,Monotonic convergence,Included,0.5974679915507486,12.241057373226838,4.283384808449252,5.478320791550749
7.646372,5.1715998,5.0091589,4.8807547,0.5869541648765965,0.5874051399490409,Monotonic convergence,Included,0.5968339923781343,12.22831363309724,4.283920707621865,5.477588692378134
7.6563803,5.1713104,5.0089241,4.8806567,0.5887564821837752,0.5874051399490409,Monotonic convergence,Included,0.5961981339704046,12.215531036436234,4.2844585660295955,5.476854833970405
7.6663887,5.1710211,5.0086885,4.8805587,0.59059044234528,0.5874051399490409,Monotonic convergence,Included,0.5955585570924602,12.202671736997246,4.28500014290754,5.47611725709246
7.676397,5.1707315,5.008453,4.8804604,0.5924131753073227,0.5874051399490409,Monotonic convergence,Included,0.5949208394496273,12.189850765916006,4.285539560550372,5.475381239449627
7.6864053,5.1704418,5.0082174,4.8803622,0.5942423354133729,0.5874051399490409,Monotonic convergence,Included,0.5942821921892324,12.177009980718896,4.286080007810768,5.474644392189233
7.6964137,5.1701522,5.0079817,4.8802639,0.5960771194235764,0.5874051399490409,Monotonic convergence,Included,0.5936435449288416,12.164168928013126,4.286620355071158,5.473907444928842
7.706422,5.1698626,5.007745,4.8801654,0.5979452099390935,0.5874051399490409,Monotonic convergence,Included,0.5930011791982281,12.151251660409464,4.287164220801772,5.473166579198228
7.7164304,5.1695729,5.0075082,4.8800669,0.5998178739856516,0.5874051399490409,Monotonic convergence,Included,0.5923583486588399,12.138324346718276,4.287708551341161,5.47242524865884
7.7264387,5.1692833,5.0072714,4.8799683,0.6016927683655428,0.5874051399490409,Monotonic convergence,Included,0.5917159829282264,12.125406284467594,4.288252317071773,5.471684282928226
7.736447,5.1689936,5.0070346,4.8798696,0.6035668446203138,0.5874051399490409,Monotonic convergence,Included,0.5910740820063918,12.11249747342412,4.288795517993608,5.470943682006392
7.7464554,5.1687037,5.0067972,4.8797708,0.60545939342012,0.5874051399490409,Monotonic convergence,Included,0.590429857040671,12.09954076205118,4.289340942959329,5.470200657040671
7.7564637,5.1684139,5.0065597,4.8796718,0.6073557287876041,0.5874051399490409,Monotonic convergence,Included,0.5897860968837291,12.086593546798149,4.289885703116271,5.469457896883728
7.7664721,5.168124,5.0063223,4.8795728,0.6092497480768299,0.5874051399490409,Monotonic convergence,Included,0.5891428015355578,12.073655331785558,4.290429998464442,5.468715601535558
7.7764804,5.1678342,5.0060848,4.8794737,0.6111495062858376,0.5874051399490409,Monotonic convergence,Included,0.5884995061873907,12.060716838936761,4.29097419381261,5.4679732061873905
7.7864887,5.1675443,5.0058472,4.8793742,0.613046099680141,0.5874051399490409,Monotonic convergence,Included,0.587857605265556,12.047807386151199,4.2915165947344445,5.4672318052655555
7.7964971,5.1672543,5.0056096,4.8792748,0.614945807013195,0.5874051399490409,Monotonic convergence,Included,0.5872152395349425,12.034887634017712,4.2920595604650575,5.466490039534943
7.8065054,5.1669642,5.0053719,4.879175,0.6168423397502054,0.5874051399490409,Monotonic convergence,Included,0.5865742682306656,12.021996920189695,4.292600731769334,5.465749268230666
7.8165138,5.1666741,5.0051343,4.8790751,0.6187361152383499,0.5874051399490409,Monotonic convergence,Included,0.5859342265439424,12.00912497829645,4.293140873456057,5.465009326543942
7.8265221,5.1663839,5.0048966,4.8789752,0.6206345386742276,0.5874051399490409,Monotonic convergence,Included,0.5852937200484403,11.99624298251076,4.29368147995156,5.464268920048441
7.8365304,5.1660938,5.004659,4.8788748,0.6225238786317465,0.5874051399490409,Monotonic convergence,Included,0.5846560024056032,11.983418849067478,4.294218797594397,5.463530802405604
7.8465388,5.1658037,5.0044214,4.8787744,0.6244158963358787,0.5874051399490409,Monotonic convergence,Included,0.5840182847627662,11.970594187810082,4.294756115237234,5.462792684762766
7.8565471,5.1655134,5.0041837,4.8786737,0.6263051317211408,0.5874051399490409,Monotonic convergence,Included,0.5833814967374826,11.957788788733351,4.295292203262518,5.462055196737483
7.8665555,5.1652231,5.0039461,4.8785728,0.6281896067739691,0.5874051399490409,Monotonic convergence,Included,0.58274610313854,11.94501193337814,4.29582669686146,5.461318903138539
7.8765638,5.1649327,5.0037085,4.8784719,0.6300752229917523,0.5874051399490409,Monotonic convergence,Included,0.5821107095395891,11.93223454950287,4.296361190460411,5.460582609539589
7.8865721,5.1646424,5.0034708,4.8783705,0.6319586854139421,0.5874051399490409,Monotonic convergence,Included,0.5814771751757495,11.919495970544867,4.29689332482425,5.45984767517575
7.8965805,5.1643521,5.0032332,4.8782692,0.6338432842520322,0.5874051399490409,Monotonic convergence,Included,0.5808436408119141,11.9067566179397,4.297425559188086,5.4591128408119145
7.9065888,5.1640617,5.0029956,4.8781675,0.6357211102629952,0.5874051399490409,Monotonic convergence,Included,0.580211965683186,11.894055824921674,4.297955534316814,5.458379465683186
7.9165972,5.1637712,5.002758,4.8780656,0.6375961035840206,0.5874051399490409,Monotonic convergence,Included,0.5795812201720114,11.88137404654852,4.298484379827989,5.457646820172012
7.9266055,5.1634807,5.0025204,4.8779635,0.639469790324015,0.5874051399490409,Monotonic convergence,Included,0.5789514042783946,11.868711282452086,4.299012095721605,5.456914904278395
7.9366138,5.1631902,5.0022829,4.877861,0.6413346740055635,0.5874051399490409,Monotonic convergence,Included,0.5783239124286641,11.856096605226432,4.299537087571336,5.4561849124286645
7.9466222,5.1628997,5.0020455,4.8777586,0.6432006624673187,0.5874051399490409,Monotonic convergence,Included,0.5776964205789377,11.843481155031693,4.3000621794210625,5.455455020578937
7.9566305,5.1626092,5.0018081,4.8776555,0.6450553713800573,0.5874051399490409,Monotonic convergence,Included,0.5770721823906468,11.830933578450688,4.3005833176093535,5.454727682390647
7.9666389,5.1623185,5.0015708,4.8775524,0.6469061009152818,0.5874051399490409,Monotonic convergence,Included,0.576448409011139,11.81839500096686,4.301103990988861,5.454000809011139
7.9766472,5.1620277,5.0013337,4.8774488,0.6487408847211288,0.5874051399490409,Monotonic convergence,Included,0.575827889293075,11.805923811913209,4.301620910706925,5.453276689293075
7.9866555,5.161737,5.0010965,4.877345,0.6505793403904986,0.5874051399490409,Monotonic convergence,Included,0.575207834383786,11.793462106613045,4.302137165616214,5.452552834383786
7.9966639,5.1614462,5.0008594,4.8772408,0.6524073274027717,0.5874051399490409,Monotonic convergence,Included,0.574590103518387,11.781048487874271,4.302650696481613,5.451830903518387
8.0066722,5.1611554,5.0006225,4.8771362,0.6542228164296406,0.5874051399490409,Monotonic convergence,Included,0.5739751615056532,11.768692486087497,4.303161038494347,5.451111361505653
8.0166806,5.1608645,5.0003857,4.8770315,0.6560337802397326,0.5874051399490409,Monotonic convergence,Included,0.5733611491104689,11.756355256480685,4.303670350889531,5.450392649110469
8.0266889,5.1605735,5.0001488,4.8769261,0.6578352706077575,0.5874051399490409,Monotonic convergence,Included,0.5727499255679537,11.74407636744698,4.304176174432047,5.449676025567954
8.0366972,5.1602826,4.9999121,4.8768207,0.6596337404935819,0.5874051399490409,Monotonic convergence,Included,0.5721396316430004,11.731816009618734,4.304681068357,5.448960331643
8.0467056,5.1599917,4.9996755,4.8767146,0.6614171300239384,0.5874051399490409,Monotonic convergence,Included,0.5715330561882617,11.719633053536938,4.305181543811738,5.448247656188261
8.0567139,5.1597007,4.9994388,4.8766085,0.6632050293020813,0.5874051399490409,Monotonic convergence,Included,0.570926015924744,11.707440035933663,4.3056824840752554,5.447534515924744
8.0667223,5.1594098,4.9992023,4.8765016,0.6649737679792853,0.5874051399490409,Monotonic convergence,Included,0.5703236237490028,11.695343722413682,4.306177976250997,5.446825223749003
8.0767306,5.1591189,4.9989658,4.8763947,0.6667449777001251,0.5874051399490409,Monotonic convergence,Included,0.5697212315732616,11.683246878544544,4.306673468426738,5.446115931573261
8.0867389,5.158828,4.9987292,4.8762872,0.6685101214287098,0.5874051399490409,Monotonic convergence,Included,0.5691211634414065,11.67119860047223,4.307166036558594,5.445408363441406
8.0967473,5.1585372,4.9984927,4.8761796,0.6702736888400159,0.5874051399490409,Monotonic convergence,Included,0.5685220249271092,11.659169094737798,4.307657575072891,5.444701624927109
8.1067556,5.1582463,4.9982562,4.8760713,0.672024022558026,0.5874051399490409,Monotonic convergence,Included,0.5679261400742558,11.647207457246488,4.308145159925744,5.443997440074257
8.116764,5.1579556,4.9980196,4.875963,0.6737834461603651,0.5874051399490409,Monotonic convergence,Included,0.5673297904126277,11.635235755739485,4.308633209587372,5.443292790412627
8.1267723,5.1576648,4.997783,4.8758542,0.6755336440750745,0.5874051399490409,Monotonic convergence,Included,0.5667357647948815,11.623312378677802,4.309118435205119,5.442589964794881
8.1367807,5.1573741,4.9975463,4.8757452,0.6772873348045595,0.5874051399490409,Monotonic convergence,Included,0.5661422039859143,11.61139847886051,4.309602996014085,5.441887403985914
8.146789,5.1570834,4.9973097,4.8756357,0.6790297343358732,0.5874051399490409,Monotonic convergence,Included,0.5655514320296121,11.599542435658433,4.310084267970388,5.441187132029612
8.1567973,5.1567927,4.9970728,4.8755261,0.6807832488359232,0.5874051399490409,Monotonic convergence,Included,0.5649597304557562,11.58766703055402,4.310566369544244,5.440485830455756
8.1668057,5.1565021,4.9968359,4.8754161,0.6825326033393946,0.5874051399490409,Monotonic convergence,Included,0.5643698881170118,11.5758301761569,4.311046211882988,5.439785988117012
8.176814,5.1562115,4.9965989,4.8753059,0.6842838878597867,0.5874051399490409,Monotonic convergence,Included,0.5637805105870463,11.564002795948584,4.311525389412954,5.439086410587046
8.1868224,5.1559208,4.9963618,4.8751954,0.6860335168803952,0.5874051399490409,Monotonic convergence,Included,0.5631920626746302,11.552194660231057,4.31200333732537,5.43838746267463
8.1968307,5.1556303,4.9961246,4.8750846,0.6877861281744226,0.5874051399490409,Monotonic convergence,Included,0.5626045443797718,11.540405768133168,4.312480055620228,5.437689144379772
8.206839,5.1553398,4.9958873,4.8749736,0.6895406638537732,0.5874051399490409,Monotonic convergence,Included,0.5620174908936925,11.52862634771381,4.312956109106307,5.4369910908936925
8.2168474,5.1550492,4.9956499,4.8748623,0.6912935304219286,0.5874051399490409,Monotonic convergence,Included,0.5614313670251666,11.516866169228342,4.313430932974834,5.436293667025167
8.2268557,5.1547587,4.9954124,4.8747508,0.693049867170545,0.5874051399490409,Monotonic convergence,Included,0.5608457079654197,11.505115460782521,4.313905092034581,5.435596507965419
8.2368641,5.1544682,4.9951748,4.8746389,0.6948040278658804,0.5874051399490409,Monotonic convergence,Included,0.5602614433320053,11.493393763628427,4.314377456667994,5.434900343332005
8.2468724,5.1541778,4.9949371,4.8745269,0.696563704493245,0.5874051399490409,Monotonic convergence,Included,0.5596771786985868,11.481671763850288,4.314849721301414,5.434204078698587
8.2568807,5.1538873,4.9946993,4.8744146,0.6983216961653314,0.5874051399490409,Monotonic convergence,Included,0.5590938436827302,11.469969002692759,4.31532075631727,5.4335084436827294
8.2668891,5.1535969,4.9944613,4.874302,0.7000847067614753,0.5874051399490409,Monotonic convergence,Included,0.5585109734756483,11.45827594342017,4.3157910265243515,5.432812973475649
8.2768974,5.1533065,4.9942233,4.8741893,0.701848082444494,0.5874051399490409,Monotonic convergence,Included,0.5579285680773411,11.446592114863924,4.316260731922659,5.432117868077341
8.2869058,5.1530161,4.9939851,4.8740762,0.7036128685168911,0.5874051399490409,Monotonic convergence,Included,0.5573470922965917,11.434927757112039,4.3167291077034085,5.431423292296592
8.2969141,5.1527257,4.9937469,4.8739629,0.7053759535814947,0.5874051399490409,Monotonic convergence,Included,0.556766546133396,11.42328239990083,4.3171963538666045,5.430729446133396
8.3069224,5.1524353,4.9935085,4.8738494,0.7071445661467514,0.5874051399490409,Monotonic convergence,Included,0.5561859999702045,11.411636969542071,4.3176634000297955,5.430035399970205
8.3169308,5.152145,4.99327,4.8737355,0.7089125162998043,0.5874051399490409,Monotonic convergence,Included,0.5556068482333412,11.400020543448472,4.318128651766659,5.429342348233342
8.3269391,5.1518546,4.9930314,4.8736215,0.7106828879401508,0.5874051399490409,Monotonic convergence,Included,0.5550276964964821,11.388403808061051,4.318593803503518,5.428649196496481
8.3369475,5.1515643,4.9927926,4.8735071,0.7124562122016805,0.5874051399490409,Monotonic convergence,Included,0.5544494743771725,11.376806537886699,4.319057625622828,5.4279565743771725
8.3469558,5.1512739,4.9925538,4.8733923,0.714222116766226,0.5874051399490409,Monotonic convergence,Included,0.5538731114929785,11.365247806809611,4.319519188507021,5.427265411492979
8.3569641,5.1509835,4.9923147,4.8732772,0.7159951048405115,0.5874051399490409,Monotonic convergence,Included,0.5532967486087803,11.353689230088948,4.3199804513912206,5.42657394860878
8.3669725,5.1506932,4.9920755,4.8731618,0.7177694754787,0.5874051399490409,Monotonic convergence,Included,0.552721315342144,11.342149881872256,4.320440484657857,5.425883115342144
8.3769808,5.1504027,4.9918362,4.8730459,0.7195363933370221,0.5874051399490409,Monotonic convergence,Included,0.5521477413106108,11.330649303151667,4.320898158689389,5.425193641310611
8.3869892,5.1501123,4.9915967,4.8729297,0.7213083122768532,0.5874051399490409,Monotonic convergence,Included,0.5515746320878565,11.319158412809783,4.321355067912144,5.4245043320878565
8.3969975,5.1498219,4.9913571,4.8728131,0.7230779517979146,0.5874051399490409,Monotonic convergence,Included,0.5510029172914389,11.307696519110058,4.321810182708561,5.423816017291439
8.4070058,5.1495315,4.9911174,4.8726959,0.7248411281916473,0.5874051399490409,Monotonic convergence,Included,0.5504335265389074,11.296283163061897,4.3222623734610925,5.423129426538908
8.4170142,5.1492411,4.9908775,4.8725784,0.726607726306863,0.5874051399490409,Monotonic convergence,Included,0.5498646005951506,11.284879492039586,4.322713799404849,5.422443000595151
8.4270225,5.1489507,4.9906375,4.8724604,0.7283699182995156,0.5874051399490409,Monotonic convergence,Included,0.5492975338865095,11.273514585906323,4.32316286611349,5.421757933886509
8.4370309,5.1486602,4.9903974,4.872342,0.730128216547449,0.5874051399490409,Monotonic convergence,Included,0.5487318616041966,11.262178673093898,4.323610138395803,5.421073861604197
8.4470392,5.1483697,4.9901571,4.8722231,0.7318857289679485,0.5874051399490409,Monotonic convergence,Included,0.5481675837482163,11.250871983842782,4.324055516251784,5.4203906837482165
8.4570475,5.1480792,4.9899167,4.8721037,0.7336387865124374,0.5874051399490409,Monotonic convergence,Included,0.5476051651273474,11.239604057018477,4.324498534872653,5.4197088651273475
8.4670559,5.1477887,4.9896762,4.8719839,0.7353894685174948,0.5874051399490409,Monotonic convergence,Included,0.5470441409328111,11.228365121091864,4.324939759067189,5.419028040932811
8.4770642,5.1474981,4.9894355,4.8718636,0.7371377622768482,0.5874051399490409,Monotonic convergence,Included,0.5464845111646072,11.217155405676941,4.325379088835393,5.418348111164607
8.4870726,5.1472075,4.9891948,4.8717428,0.7388778865031214,0.5874051399490409,Monotonic convergence,Included,0.5459272054402935,11.205993991314433,4.325815594559707,5.417670005440293
8.4970809,5.1469168,4.9889538,4.8716215,0.7406192558776731,0.5874051399490409,Monotonic convergence,Included,0.5453708293335335,11.194852254706849,4.326250670666466,5.416992329333533
8.5070892,5.1466261,4.9887129,4.8714997,0.7423487453223129,0.5874051399490409,Monotonic convergence,Included,0.5448172420794386,11.183768359452811,4.326682457920562,5.416316942079439
8.5170976,5.1463353,4.9884716,4.8713774,0.7440831238150224,0.5874051399490409,Monotonic convergence,Included,0.5442641196341184,11.172694598331026,4.327113280365881,5.415641519634119
8.5271059,5.1460445,4.9882303,4.8712545,0.7458071427293038,0.5874051399490409,Monotonic convergence,Included,0.5437137860414674,11.161678907178167,4.327540713958532,5.414968286041468
8.5371143,5.1457536,4.9879889,4.8711312,0.7475271090027914,0.5874051399490409,Monotonic convergence,Included,0.543164846875153,11.150692202155282,4.327966353124847,5.414296046875153
8.5471226,5.1454626,4.9877472,4.8710073,0.74924614028495,0.5874051399490409,Monotonic convergence,Included,0.5426173021351669,11.139734940146097,4.328389997864833,5.413624602135166
8.5571309,5.1451717,4.9875054,4.8708829,0.7509621074957382,0.5874051399490409,Monotonic convergence,Included,0.5420716166302882,11.128816433470169,4.328811283369712,5.412954516630288
8.5671393,5.1448806,4.9872634,4.8707579,0.7526718590165532,0.5874051399490409,Monotonic convergence,Included,0.5415277903605209,11.11793690999343,4.329230109639479,5.412285690360521
8.5771476,5.1445894,4.9870213,4.8706324,0.7543753741671544,0.5874051399490409,Monotonic convergence,Included,0.540985823325869,11.107096140654528,4.329646576674131,5.411618223325869
8.587156,5.1442982,4.986779,4.8705062,0.7560736439811924,0.5874051399490409,Monotonic convergence,Included,0.5404461803350992,11.096304124099035,4.330060019664901,5.410952380335099
8.5971643,5.1440069,4.9865364,4.8703795,0.7577730230303543,0.5874051399490409,Monotonic convergence,Included,0.5399074669618872,11.08553177348679,4.330472033038113,5.410286966961888
8.6071726,5.1437155,4.9862936,4.8702522,0.7594676806877076,0.5874051399490409,Monotonic convergence,Included,0.5393706128237824,11.074798402098814,4.330881587176218,5.409622812823783
8.617181,5.1434239,4.9860505,4.8701242,0.761157597724204,0.5874051399490409,Monotonic convergence,Included,0.5388356179207932,11.064104236208044,4.331288582079207,5.408959817920794
8.6271893,5.1431322,4.9858072,4.8699956,0.7628427549111721,0.5874051399490409,Monotonic convergence,Included,0.5383024822529112,11.053449047323804,4.331693117747089,5.408298082252911
8.6371977,5.1428401,4.9855635,4.8698662,0.7645215626897277,0.5874051399490409,Monotonic convergence,Included,0.5377712058201406,11.042833288112528,4.332094994179859,5.40763740582014
8.647206,5.1425478,4.9853195,4.869736,0.7661934344187704,0.5874051399490409,Monotonic convergence,Included,0.5372422534312603,11.032266501331085,4.33249374656874,5.40697825343126
8.6572143,5.1422548,4.9850749,4.8696048,0.767857340860824,0.5874051399490409,Monotonic convergence,Included,0.5367151602774831,11.02173959327219,4.332889639722517,5.406319960277483
8.6672227,5.1419613,4.9848298,4.8694725,0.7695105497422812,0.5874051399490409,Monotonic convergence,Included,0.5361908559763792,11.01127187752635,4.333281644023621,5.405663355976379
8.677231,5.1416668,4.9845836,4.8693389,0.7711631723793212,0.5874051399490409,Monotonic convergence,Included,0.5356674812928248,11.000825621170563,4.3336714187071745,5.405006381292825
8.6872394,5.1413709,4.9843363,4.8692039,0.7728067659661105,0.5874051399490409,Monotonic convergence,Included,0.5351455010356071,10.9904105892055,4.334058398964393,5.404349401035606
8.6972477,5.1410737,4.9840873,4.8690669,0.7744523244161321,0.5874051399490409,Monotonic convergence,Included,0.5346249152047178,10.980028128278907,4.334441984795282,5.403691815204718
8.707256,5.1407727,4.9838361,4.8689271,0.7760619166217292,0.5874051399490409,Monotonic convergence,Included,0.5341071182265017,10.969708670037425,4.334819981773498,5.403034218226502
8.7172644,5.1404695,4.9835817,4.868784,0.7776871727107789,0.5874051399490409,Monotonic convergence,Included,0.5335897860570562,10.959405594026276,4.335194213942944,5.402373786057056
8.7272727,5.1401598,4.9833228,4.8686362,0.7792787103284969,0.5874051399490409,Monotonic convergence,Included,0.5330733835051644,10.94913157621357,4.335562816494836,5.4017095835051645
8.7372811,5.1398422,4.9830575,4.8684819,0.7808465225704359,0.5874051399490409,Monotonic convergence,Included,0.5325574457620555,10.938881086567367,4.3359244542379445,5.401039345762055
8.7472894,5.1395172,4.9827828,4.8683186,0.7824565247112233,0.5874051399490409,Monotonic convergence,Included,0.5320396487838313,10.928611960273743,4.336278951216169,5.4003582487838315
8.7572977,5.1391734,4.9824946,4.8681425,0.7840001867841161,0.5874051399490409,Monotonic convergence,Included,0.5315185981441671,10.918304017274906,4.336623901855833,5.3996610981441675
8.7673061,5.138807,4.9821871,4.8679478,0.7855090072956545,0.5874051399490409,Monotonic convergence,Included,0.5309942938430633,10.90797016851872,4.336953506156936,5.398942093843063
8.7773144,5.1384137,4.981852,4.8677284,0.7870936881336138,0.5874051399490409,Monotonic convergence,Included,0.5304565100874049,10.897413875585272,4.337271889912595,5.398184910087405
8.7873228,5.1379836,4.9814777,4.8674694,0.7887097753104335,0.5874051399490409,Monotonic convergence,Included,0.5299205855668578,10.886983399769454,4.337548814433142,5.397389985566858
8.7973311,5.1374763,4.9810479,4.8671561,0.7900115098793099,0.5874051399490409,Monotonic convergence,Included,0.5293790833409808,10.87655855831254,4.337777016659019,5.396535183340981
8.8073394,5.1368789,4.9805393,4.866765,0.7911584249733791,0.5874051399490409,Monotonic convergence,Included,0.5288329330273273,10.866210573704036,4.337932066972673,5.395597933027327
8.8173478,5.1361551,4.9798987,4.8662604,0.7927977322703339,0.5874051399490409,Monotonic convergence,Included,0.5282007930898203,10.854347068846137,4.338059606910179,5.39446119308982
8.8273561,5.1352496,4.9790924,4.8655906,0.7941977146849979,0.5874051399490409,Monotonic convergence,Included,0.527566329108427,10.842801470153018,4.338024270891573,5.393156929108427
8.8373645,5.1340812,4.9780528,4.8646804,0.7949771024744808,0.5874051399490409,Monotonic convergence,Included,0.5269648665502437,10.832466333250663,4.337715533449757,5.391645266550244
8.8473728,5.132531,4.9766158,4.8634227,0.7970936848629492,0.5874051399490409,Monotonic convergence,Included,0.5261314644120467,10.818131527248221,4.337291235587953,5.389554164412047
8.8573812,5.1304263,4.9747043,4.8616663,0.7974178703212538,0.5874051399490409,Monotonic convergence,Included,0.5254105459980212,10.807211222992025,4.3362557540019795,5.387076845998021
8.8673895,5.1275195,4.971961,4.8591367,0.799496940326003,0.5874051399490409,Monotonic convergence,Included,0.5244172496403433,10.792395481286693,4.334719450359656,5.383553949640343
8.8773978,5.1234587,4.9681236,4.8555388,0.8011958469331949,0.5874051399490409,Monotonic convergence,Included,0.5233040326180445,10.777465780276424,4.332234767381955,5.378842832618044
8.8874062,5.1177497,4.9626688,4.8502736,0.8013136085032513,0.5874051399490409,Monotonic convergence,Included,0.522422755175755,10.770995582099841,4.327850844824246,5.372696355175755
8.8974145,5.1096292,4.9547611,4.8425919,0.8028934202142627,0.5874051399490409,Monotonic convergence,Included,0.5213722873384276,10.76638911774555,4.321219612661573,5.363964187338428
8.9074229,5.0973613,4.9431247,4.8312382,0.7990343438739171,0.5874051399490409,Monotonic convergence,Included,0.5200582729242219,10.764492484022458,4.311179927075778,5.351296472924221
8.9174312,5.0798234,4.9257511,4.8142838,0.8056728052194811,0.5874051399490409,Monotonic convergence,Included,0.5181097945286147,10.761928794655079,4.296174005471386,5.3323935945286145
8.9274395,5.0531827,4.8996356,4.7887096,0.8092622616100689,0.5874051399490409,Monotonic convergence,Included,0.5155937846155875,10.766862634885763,4.273115815384412,5.304303384615587
8.9374479,5.0139777,4.8603684,4.7494258,0.8098929633019316,0.5874051399490409,Monotonic convergence,Included,0.5156709428726629,10.857542881766106,4.233754857127337,5.265096742872663
8.9474562,4.9531942,4.8000168,4.6887698,0.7961717481200826,0.5874051399490409,Monotonic convergence,Included,0.5170858207916093,11.028176746736623,4.171683979208391,5.20585562079161
8.9574646,4.8658873,4.7082694,4.5946757,0.8151938292439298,0.5874051399490409,Monotonic convergence,Included,0.5279934883750215,11.49142013167592,4.066682211624978,5.1226691883750215
8.9674729,4.7220346,4.5587154,4.4449176,0.8985192256081,0.5874051399490409,Monotonic convergence,Included,0.5289421630900547,11.899931802786506,3.9159754369099455,4.973859763090055
8.9774812,4.4656201,4.3062163,4.1948054,0.8909419671939675,0.5874051399490409,Monotonic convergence,Included,0.5178476423780607,12.344974152509215,3.676957757621939,4.712653042378061
8.9874896,4.0633246,3.9065108,3.800107,0.9640548905699824,0.5874051399490409,Monotonic convergence,Included,0.49457420207597785,13.01474411315202,3.3055327979240223,4.294681202075978
8.9974979,3.5155251,3.3665283,3.265031,0.9543602743938298,0.5874051399490409,Monotonic convergence,Included,0.4717683594041406,14.449123435708286,2.7932626405958594,3.7367993594041407
9.0075063,2.9385242,2.7924253,2.6924136,0.9422678807281377,0.5874051399490409,Monotonic convergence,Included,0.46486316020444923,17.265666768450778,2.227550439795551,3.157276760204449
9.0175146,2.4818738,2.3264906,2.2218868,0.9835583697717273,0.5874051399490409,Monotonic convergence,Included,0.4862076440795843,21.882646950311972,1.7356791559204159,2.708094444079584
9.0275229,2.1945458,2.0279472,1.9177219,1.0264016983370672,0.5874051399490409,Monotonic convergence,Included,0.5123368695111006,26.71591065999197,1.4053850304888995,2.430058769511101
9.0375313,2.0401925,1.8681606,1.756396,1.0714132800895597,0.5874051399490409,Monotonic convergence,Included,0.5194916710243512,29.577138129690073,1.236904328975649,2.275887671024351
9.0475396,1.9687228,1.7940791,1.6842706,1.152240822017796,0.5874051399490409,Monotonic convergence,Included,0.5103995465261588,30.303892173036733,1.1738710534738412,2.1946701465261587
9.057548,1.9368437,1.7643574,1.6579434,1.1990972431682567,0.5874051399490409,Monotonic convergence,Included,0.4946216125712916,29.833443805819403,1.1633217874287083,2.1525650125712916
9.0675563,1.9239335,1.754424,1.6516559,1.2422061246767468,0.5874051399490409,Monotonic convergence,Included,0.47767514934959465,28.920984652408208,1.1739807506504052,2.1293310493495947
9.0775646,1.9182369,1.7520753,1.652541,1.271906321655044,0.5874051399490409,Monotonic convergence,Included,0.46264416310029405,27.995926461146443,1.189896836899706,2.115185163100294
9.087573,1.9145947,1.7516767,1.6548851,1.292230035534311,0.5874051399490409,Monotonic convergence,Included,0.44989585275767674,27.18592685121624,1.2049892472423234,2.1047809527576766
9.0975813,1.910947,1.7510012,1.6564599,1.3048552188886948,0.5874051399490409,Monotonic convergence,Included,0.43943626083585074,26.528638624807684,1.2170236391641494,2.0958961608358506
9.1075897,1.9065499,1.7492775,1.6565961,1.3122980330449308,0.5874051399490409,Monotonic convergence,Included,0.4307912823816877,26.00460561157229,1.2258048176183123,2.0873873823816878
9.117598,1.9012146,1.7463376,1.6552587,1.3174691143142172,0.5874051399490409,Monotonic convergence,Included,0.4233427217210079,25.575622814790695,1.2319159782789921,2.078601421721008
9.1276063,1.8950382,1.7423273,1.6525997,1.3196009363119046,0.5874051399490409,Monotonic convergence,Included,0.41706176070960427,25.236708000709687,1.2355379392903956,2.069661460709604
9.1376147,1.8881761,1.7373548,1.6488901,1.323858992913141,0.5874051399490409,Monotonic convergence,Included,0.4111916906575786,24.937483138359468,1.2376984093424215,2.060081790657579
9.147623,1.8806884,1.7316351,1.644293,1.3262778079913697,0.5874051399490409,Monotonic convergence,Included,0.405973747320494,24.689866545712597,1.238319252679506,2.050266747320494
9.1576314,1.8727814,1.7252925,1.6389862,1.3296838215760796,0.5874051399490409,Monotonic convergence,Included,0.4011592580023459,24.47606075038008,1.237826941997654,2.0401454580023457
9.1676397,1.8644933,1.7184463,1.6331223,1.333691126625148,0.5874051399490409,Monotonic convergence,Included,0.39659344138020347,24.284368744472076,1.2365288586197964,2.0297157413802034
9.177648,1.8559566,1.7112107,1.6268078,1.338397263566242,0.5874051399490409,Monotonic convergence,Included,0.3923120877299373,24.115454064698813,1.2344957122700626,2.0191198877299374
9.1876564,1.8471946,1.7036645,1.6201296,1.3430957799687528,0.5874051399490409,Monotonic convergence,Included,0.38827754754056343,23.9658325815764,1.2318520524594367,2.0084071475405634
9.1976647,1.8382814,1.6958726,1.6131589,1.3481254199161639,0.5874051399490409,Monotonic convergence,Included,0.3844605378590979,23.832775423369508,1.228698362140902,1.997619437859098
9.2076731,1.8292571,1.6878879,1.6059538,1.35341888083752,0.5874051399490409,Monotonic convergence,Included,0.3808368886291039,23.714062548318882,1.225116911370896,1.986790688629104
9.2176814,1.820146,1.6797535,1.598562,1.3587834143629571,0.5874051399490409,Monotonic convergence,Included,0.37738521864681296,23.60779366998671,1.221176781353187,1.975947218646813
9.2276897,1.8109725,1.6715005,1.5910225,1.3643372359846497,0.5874051399490409,Monotonic convergence,Included,0.37406880801879855,23.511220489892416,1.2169536919812014,1.9650913080187986
9.2376981,1.801762,1.66316,1.5833643,1.3699117852070648,0.5874051399490409,Monotonic convergence,Included,0.37089741772938734,23.424641930438078,1.2124668822706126,1.9542617177293873
9.2477064,1.7925294,1.6547578,1.575615,1.3753619451821888,0.5874051399490409,Monotonic convergence,Included,0.36786268122058424,23.34724416945664,1.2077523187794157,1.9434776812205843
9.2577148,1.7832871,1.6463119,1.5677975,1.3807327896213448,0.5874051399490409,Monotonic convergence,Included,0.364941822862287,23.27735711163508,1.202855677137713,1.932739322862287
9.2677231,1.7740456,1.6378364,1.5599294,1.3860638152531262,0.5874051399490409,Monotonic convergence,Included,0.3621185743472823,23.213779697163368,1.1978108256527176,1.9220479743472823
9.2777314,1.7648137,1.6293477,1.5520265,1.3911925239972915,0.5874051399490409,Monotonic convergence,Included,0.3593957245282331,23.15654562136878,1.1926307754717669,1.911422224528233
9.2877398,1.7555988,1.620856,1.5441028,1.3961824310667905,0.5874051399490409,Monotonic convergence,Included,0.35675561067159245,23.104395035848157,1.1873471893284075,1.9008584106715927
9.2977481,1.746407,1.6123709,1.5361689,1.400995924033212,0.5874051399490409,Monotonic convergence,Included,0.35419358468958506,23.056942806847935,1.181975315310415,1.890362484689585
9.3077565,1.7372437,1.6039018,1.5282344,1.4055596204513188,0.5874051399490409,Monotonic convergence,Included,0.35170871696465617,23.0140557603373,1.1765256830353439,1.8799431169646563
9.3177648,1.7281131,1.5954486,1.5203075,1.4102196295389695,0.5874051399490409,Monotonic convergence,Included,0.34926242836826704,22.973143812568644,1.1710450716317329,1.869569928368267
9.3277731,1.7190187,1.5870342,1.5123947,1.4140702339390794,0.5874051399490409,Monotonic convergence,Included,0.3469309475399374,22.939180330368615,1.1654637524600626,1.8593256475399373
9.3377815,1.7099632,1.5786462,1.5045017,1.41798208160521,0.5874051399490409,Monotonic convergence,Included,0.34463014409092935,22.906597187024072,1.1598715559090707,1.8491318440909295
9.3477898,1.7009487,1.5702936,1.4966331,1.4216771873202405,0.5874051399490409,Monotonic convergence,Included,0.3423804696074547,22.87671371209515,1.1542526303925453,1.8390135696074545
9.3577982,1.6919765,1.5619838,1.4887927,1.424913278181349,0.5874051399490409,Monotonic convergence,Included,0.34019865720550474,22.85063979730051,1.1485940427944954,1.8289913572055048
9.3678065,1.6830476,1.553714,1.4809836,1.4279543720457102,0.5874051399490409,Monotonic convergence,Included,0.3380572831672059,22.82653792838799,1.142926316832794,1.819040883167206
9.3778148,1.6741681,1.5454862,1.4732082,1.4308888131402469,0.5874051399490409,Monotonic convergence,Included,0.3359544882574459,22.80427764775175,1.137253711742554,1.8091626882574459
9.3878232,1.6653409,1.5373059,1.4654682,1.4335331991725957,0.5874051399490409,Monotonic convergence,Included,0.33390793520977147,22.785068636069447,1.1315602647902288,1.7993761352097715
9.3978315,1.6565596,1.5291736,1.4577667,1.4358379647593973,0.5874051399490409,Monotonic convergence,Included,0.3319055389959679,22.768083466028404,1.125861161004032,1.789672238995968
9.4078399,1.6478235,1.5210871,1.4501042,1.437920192043648,0.5874051399490409,Monotonic convergence,Included,0.3299347497790395,22.75248563372477,1.1201694502209605,1.7800389497790394
9.4178482,1.6391316,1.513047,1.4424805,1.439716523263378,0.5874051399490409,Monotonic convergence,Included,0.327999286029207,22.7385594487556,1.1144812139707931,1.770479786029207
9.4278565,1.6304974,1.5050538,1.4348956,1.4414603266538033,0.5874051399490409,Monotonic convergence,Included,0.3261014717903586,22.72649465162194,1.1087941282096414,1.7609970717903585
9.4378649,1.621914,1.4971077,1.4273534,1.4431407104039058,0.5874051399490409,Monotonic convergence,Included,0.3242241091377221,22.71505494979184,1.103129290862278,1.7515775091377221
9.4478732,1.613373,1.489208,1.419851,1.4445248733557472,0.5874051399490409,Monotonic convergence,Included,0.3223774238644081,22.705017911344786,1.0974735761355918,1.7422284238644081
9.4578816,1.6048726,1.4813589,1.4123861,1.4452550433161322,0.5874051399490409,Monotonic convergence,Included,0.3205916285409552,22.6985828125153,1.0917944714590448,1.732977728540955
9.4678899,1.5964385,1.4735554,1.4049675,1.4464345042764084,0.5874051399490409,Monotonic convergence,Included,0.3188025795560594,22.691099940465485,1.0861649204439405,1.7237700795560593
9.4778982,1.5880446,1.4657972,1.397585,1.4471904946979417,0.5874051399490409,Monotonic convergence,Included,0.3170562929786999,22.686011439640513,1.0805287070213,1.7146412929787
9.4879066,1.5796873,1.4580838,1.3902445,1.4476861176953326,0.5874051399490409,Monotonic convergence,Included,0.315323021047114,22.68111983518827,1.074921478952886,1.7055675210471142
9.4979149,1.5713904,1.4504143,1.3829418,1.4483007124750467,0.5874051399490409,Monotonic convergence,Included,0.31361810245096033,22.67760671135693,1.0693236975490397,1.6965599024509603
9.5079233,1.5631361,1.4427882,1.3756798,1.4488060708771937,0.5874051399490409,Monotonic convergence,Included,0.3119257336918014,22.674297732059554,1.0637540663081986,1.6876055336918012
9.5179316,1.5549137,1.4352046,1.3684543,1.4488760939622958,0.5874051399490409,Monotonic convergence,Included,0.3102612534592958,22.672386900994486,1.0581930465407043,1.6787155534592957
9.5279399,1.5467546,1.4276625,1.3612694,1.4493655747992038,0.5874051399490409,Monotonic convergence,Included,0.3086009565057888,22.670086942804176,1.0526684434942113,1.6698703565057889
9.5379483,1.5386302,1.4201612,1.3541185,1.4494787339373452,0.5874051399490409,Monotonic convergence,Included,0.30697226654915694,22.66952755974879,1.047146233450843,1.661090766549157
9.5479566,1.5305398,1.4127007,1.3470084,1.4494505629690504,0.5874051399490409,Monotonic convergence,Included,0.30534357659252614,22.668275609307717,1.041664823407474,1.652351976592526
9.557965,1.5225104,1.4052817,1.3399324,1.449553277042868,0.5874051399490409,Monotonic convergence,Included,0.3037492824854355,22.669000502222016,1.0361831175145644,1.6436816824854354
9.5679733,1.5145044,1.3979014,1.3328912,1.4491848018112055,0.5874051399490409,Monotonic convergence,Included,0.30217311592067064,22.670501232258914,1.0307180840793293,1.6350643159206706
9.5779817,1.5065506,1.3905586,1.3258877,1.4491331015503999,0.5874051399490409,Monotonic convergence,Included,0.30059601973835004,22.67130313814285,1.0252916802616499,1.6264837197383502
9.58799,1.498633,1.3832522,1.3189166,1.4489229957910021,0.5874051399490409,Monotonic convergence,Included,0.2990375159071321,22.67296627452654,1.019879084092868,1.6179541159071322
9.5979983,1.4907468,1.3759812,1.311978,1.4485126607041923,0.5874051399490409,Monotonic convergence,Included,0.29749249153046453,22.675112809091654,1.0144855084695354,1.6094704915304647
9.6080067,1.4829139,1.3687447,1.305076,1.4485862118764772,0.5874051399490409,Monotonic convergence,Included,0.29593770616946835,22.675898274849,1.0091382938305316,1.6010137061694683
9.618015,1.4750964,1.3615415,1.298205,1.448181508476856,0.5874051399490409,Monotonic convergence,Included,0.2943936114103554,22.67697408424366,1.0038113885896447,1.5925986114103554
9.6280234,1.4673425,1.3543733,1.2913646,1.4482253886740573,0.5874051399490409,Monotonic convergence,Included,0.29286996823745653,22.6791076848054,0.9984946317625436,1.5842345682374566
9.6380317,1.4596019,1.3472427,1.2845553,1.4474794556189612,0.5874051399490409,Monotonic convergence,Included,0.29137653763510024,22.683066866416745,0.9931787623648998,1.5759318376351004
9.64804,1.4519142,1.3401431,1.2777792,1.4472967608582752,0.5874051399490409,Monotonic convergence,Included,0.2898728812396375,22.68567849904252,0.9879063187603624,1.5676520812396375
9.6580484,1.4442473,1.3330733,1.2710323,1.4468883065459877,0.5874051399490409,Monotonic convergence,Included,0.2883720136968398,22.688016165823623,0.9826602863031602,1.5594043136968396
9.6680567,1.4366243,1.3260325,1.2643141,1.4467963144295417,0.5874051399490409,Monotonic convergence,Included,0.28687254058037454,22.689974000952336,0.9774415594196255,1.5511866405803745
9.6780651,1.429027,1.3190228,1.2576241,1.4464654341567622,0.5874051399490409,Monotonic convergence,Included,0.2853865469184597,22.692515746037287,0.9722375530815401,1.5430106469184597
9.6880734,1.4214678,1.3120484,1.250962,1.4458950140888163,0.5874051399490409,Monotonic convergence,Included,0.2839349491060851,22.69732806480813,0.9670270508939148,1.534896949106085
9.6980817,1.4139363,1.3051005,1.244329,1.445451506460604,0.5874051399490409,Monotonic convergence,Included,0.28247126626549357,22.70068979068185,0.9618577337345064,1.5268002662654936
9.7080901,1.4064399,1.298178,1.237724,1.445330847038397,0.5874051399490409,Monotonic convergence,Included,0.28099549839668525,22.702597541672073,0.9567285016033148,1.5187194983966852
9.7180984,1.39897,1.2912828,1.2311452,1.445145376844331,0.5874051399490409,Monotonic convergence,Included,0.2795248434244302,22.70445788396285,0.9516203565755699,1.5106700434244302
9.7281068,1.3915356,1.2844222,1.2245922,1.4446153551980399,0.5874051399490409,Monotonic convergence,Included,0.278095091624602,22.709199978948256,0.946497108375398,1.5026872916246021
9.7381151,1.3841233,1.2775847,1.2180646,1.444152002256179,0.5874051399490409,Monotonic convergence,Included,0.27665464922288957,22.71264177802143,0.9414099507771103,1.4947192492228896
9.7481234,1.3767498,1.2707695,1.211562,1.4441809377639443,0.5874051399490409,Monotonic convergence,Included,0.2752016569841824,22.714616089327862,0.9363603430158176,1.4867636569841824
9.7581318,1.3693913,1.2639847,1.205084,1.4436060910531405,0.5874051399490409,Monotonic convergence,Included,0.273775623654574,22.718385079759912,0.9313083763454261,1.4788596236545741
9.7681401,1.3620777,1.2572267,1.1986301,1.4433377025604264,0.5874051399490409,Monotonic convergence,Included,0.27236214016196125,22.722784966100992,0.9262679598380387,1.4709922401619613
9.7781485,1.3547691,1.2504887,1.1921998,1.4428637597005052,0.5874051399490409,Monotonic convergence,Included,0.27093192355335527,22.725379047484765,0.9212678764466448,1.4631317235533552
9.7881568,1.3475143,1.2437754,1.1857928,1.4430180282086216,0.5874051399490409,Monotonic convergence,Included,0.26950821426763605,22.728103448396386,0.9162845857323639,1.455301014267636
9.7981651,1.3402595,1.2370915,1.1794086,1.4421874962516077,0.5874051399490409,Monotonic convergence,Included,0.2681151823612363,22.73301910476457,0.9112934176387636,1.4475237823612361
9.8081735,1.3330548,1.2304254,1.1730468,1.4423235254732705,0.5874051399490409,Monotonic convergence,Included,0.26670076925106684,22.73573136647803,0.9063460307489333,1.4397475692510668
9.8181818,1.3258579,1.2237818,1.166707,1.4420836727132602,0.5874051399490409,Monotonic convergence,Included,0.2652886801847877,22.738243636558938,0.9014183198152123,1.4319956801847877
9.8281902,1.3186945,1.2171668,1.1603887,1.441651549087674,0.5874051399490409,Monotonic convergence,Included,0.26390959254171514,22.74320600861721,0.8964791074582847,1.4242982925417151
9.8381985,1.3115542,1.2105676,1.1540916,1.4416295310296563,0.5874051399490409,Monotonic convergence,Included,0.2625054052246532,22.74563000238917,0.891586194775347,1.4165970052246533
9.8482068,1.3044285,1.2039918,1.1478152,1.4412721466386984,0.5874051399490409,Monotonic convergence,Included,0.261113767744587,22.748763716022147,0.886701432255413,1.4089289677445869
9.8582152,1.2973438,1.1974407,1.1415591,1.4411194267583143,0.5874051399490409,Monotonic convergence,Included,0.25974258185073273,22.75331884706913,0.8818165181492673,1.401301681850733
9.8682235,1.2902592,1.1909033,1.135323,1.4409069581376541,0.5874051399490409,Monotonic convergence,Included,0.25834211300389154,22.754944011870766,0.8769808869961085,1.3936651130038915
9.8782319,1.2832222,1.1843937,1.1291063,1.44081175992043,0.5874051399490409,Monotonic convergence,Included,0.25698068809436797,22.759654081672203,0.872125611905632,1.3860869880943678
9.8882402,1.2761921,1.1779017,1.1229088,1.440518530883303,0.5874051399490409,Monotonic convergence,Included,0.25561182624440193,22.76336477587511,0.8672969737555981,1.378520626244402
9.8982485,1.2691849,1.1714245,1.11673,1.4406028951892829,0.5874051399490409,Monotonic convergence,Included,0.2542248368521111,22.765112144574886,0.8625051631478888,1.3709548368521112
9.9082569,1.2622083,1.1649762,1.1105695,1.4402500855651637,0.5874051399490409,Monotonic convergence,Included,0.25288711719024237,22.77094024194275,0.8576823828097576,1.3634566171902422
9.9182652,1.2552316,1.1585384,1.1044269,1.4399604753452337,0.5874051399490409,Monotonic convergence,Included,0.25151500167883445,22.77334984133712,0.8529118983211655,1.3559419016788343
9.9282736,1.2483032,1.1521248,1.0983028,1.4400250618014743,0.5874051399490409,Monotonic convergence,Included,0.25016938026774743,22.777815031314447,0.8481334197322525,1.3484721802677473
9.9382819,1.2413789,1.1457281,1.0921967,1.439810581261219,0.5874051399490409,Monotonic convergence,Included,0.24881864596010714,22.781486701077487,0.8433780540398927,1.341015345960107
9.9482902,1.2344726,1.1393456,1.0861086,1.4398687150973142,0.5874051399490409,Monotonic convergence,Included,0.24745024891891892,22.783195798184355,0.838658351081081,1.333558848918919
9.9582986,1.2275996,1.1329883,1.0800372,1.4397424353027217,0.5874051399490409,Monotonic convergence,Included,0.24612136062382517,22.788229944656088,0.8339158393761749,1.326158560623825
9.9683069,1.2207266,1.1266388,1.073982,1.439804015352593,0.5874051399490409,Monotonic convergence,Included,0.2447534283914148,22.789341757256157,0.8292285716085852,1.3187354283914148
9.9783153,1.2138895,1.1203173,1.0679427,1.4395041173883563,0.5874051399490409,Monotonic convergence,Included,0.24344173802109115,22.795393237960347,0.8245009619789088,1.311384438021091
9.9883236,1.2070666,1.1140046,1.061919,1.4396667175774278,0.5874051399490409,Monotonic convergence,Included,0.24209844065389127,22.798202184337153,0.8198205593461088,1.3040174406538914
9.9983319,1.2002459,1.1077131,1.0559115,1.4390855674185952,0.5874051399490409,Monotonic convergence,Included,0.24077838372557253,22.802894345366308,0.8151331162744273,1.2966898837255725
10.00834,1.1934709,1.1014358,1.0499208,1.4394680764568175,0.5874051399490409,Monotonic convergence,Included,0.23944624176903484,22.806124211372406,0.8104745582309651,1.2893670417690348
10.018349,1.186697,1.0951737,1.0439458,1.4394984099315864,0.5874051399490409,Monotonic convergence,Included,0.23811177576861,22.808825493489227,0.80583402423139,1.28205757576861
10.028357,1.1799354,1.0889305,1.037985,1.43912206947629,0.5874051399490409,Monotonic convergence,Included,0.23679915578073166,22.81335046081896,0.8011858442192683,1.2747841557807316
10.038365,1.1732094,1.0826974,1.0320382,1.4396276093868579,0.5874051399490409,Monotonic convergence,Included,0.23546840825052753,22.815861685209672,0.7965697917494724,1.2675066082505275
10.048374,1.1664834,1.0764867,1.0261052,1.4391024115149973,0.5874051399490409,Monotonic convergence,Included,0.23417763427519467,22.821990793458088,0.7919275657248053,1.2602828342751946
10.058382,1.1597772,1.0702822,1.0201891,1.4394742147963815,0.5874051399490409,Monotonic convergence,Included,0.23283712576066087,22.82293799852016,0.7873519742393392,1.253026225760661
10.06839,1.153098,1.0641028,1.0142872,1.4393624797795854,0.5874051399490409,Monotonic convergence,Included,0.2315472814028827,22.828571769700208,0.7827399185971173,1.2458344814028828
10.078399,1.1464189,1.057927,1.0083981,1.4396105638749852,0.5874051399490409,Monotonic convergence,Included,0.23021467463756923,22.8297410157327,0.7781834253624307,1.2386127746375692
10.088407,1.1397635,1.0517769,1.0025215,1.439143328013425,0.5874051399490409,Monotonic convergence,Included,0.22894342263089362,22.836759374326995,0.7735780773691064,1.2314649226308938
10.098415,1.13313,1.0456297,0.99665882,1.439762969019064,0.5874051399490409,Monotonic convergence,Included,0.2276209486969317,22.838402081961377,0.7690378713030682,1.2242797686969316
10.108424,1.1264965,1.0395073,0.99081178,1.4392209246187058,0.5874051399490409,Monotonic convergence,Included,0.22634105124699308,22.84400083000558,0.7644707287530069,1.217152831246993
10.118432,1.1198873,1.0333875,0.98497642,1.4397555649696288,0.5874051399490409,Monotonic convergence,Included,0.225018949160052,22.845110257568603,0.7599574708399479,1.209995369160052
10.12844,1.1132984,1.0272923,0.97915243,1.439493995732983,0.5874051399490409,Monotonic convergence,Included,0.2237583412743848,22.852247966579096,0.7553940887256152,1.2029107712743847
10.138449,1.1067095,1.0211991,0.97334148,1.439741397905749,0.5874051399490409,Monotonic convergence,Included,0.2224464184996722,22.853892808479937,0.7508950615003278,1.1957878984996722
10.148457,1.1001422,1.0151301,0.96754546,1.439434929904867,0.5874051399490409,Monotonic convergence,Included,0.2211775834986408,22.859658035979084,0.7463678765013592,1.1887230434986407
10.158465,1.0935968,1.0090625,0.96176003,1.4402037952891014,0.5874051399490409,Monotonic convergence,Included,0.21986603257095058,22.860799545906538,0.7418939974290494,1.1816260625709505
10.168474,1.0870514,1.0030192,0.95598491,1.4395326679284108,0.5874051399490409,Monotonic convergence,Included,0.21861950839124356,22.868510381742695,0.7373654016087564,1.1746044183912434
10.178482,1.0805218,0.99697768,0.95022415,1.4399327313391326,0.5874051399490409,Monotonic convergence,Included,0.21731451126731655,22.86981563953269,0.7329096387326834,1.1675386612673166
10.18849,1.0740188,0.9909578,0.94447545,1.4399759381816857,0.5874051399490409,Monotonic convergence,Included,0.2160540428242823,22.875559425528987,0.7284214071757177,1.1605294928242822
10.198499,1.0675157,0.98494207,0.93873633,1.4401827806779588,0.5874051399490409,Monotonic convergence,Included,0.21476833526462522,22.878451424653523,0.7239679947353748,1.1535046652646253
10.208507,1.0610198,0.97894445,0.93300818,1.4396798285023233,0.5874051399490409,Monotonic convergence,Included,0.21351581505168724,22.884666997419814,0.7194923649483127,1.1465239950516872
10.218515,1.0545582,0.97295406,0.92729439,1.440376024286874,0.5874051399490409,Monotonic convergence,Included,0.21223015397290762,22.887030943097542,0.7150642360270925,1.1395245439729076
10.228524,1.0480965,0.96697752,0.92158946,1.440384196928469,0.5874051399490409,Monotonic convergence,Included,0.21096768685213005,22.891720881023318,0.7106217731478699,1.13255714685213
10.238532,1.0416349,0.96101206,0.91589419,1.4399783550139469,0.5874051399490409,Monotonic convergence,Included,0.2097118200159927,22.896948392695087,0.7061823699840073,1.1256060100159928
10.24854,1.0352093,0.95505544,0.91021258,1.4406701494381307,0.5874051399490409,Monotonic convergence,Included,0.20843354939677705,22.899436239035175,0.701779030603223,1.118646129396777
10.258549,1.028788,0.94911447,0.90454009,1.4406565557454671,0.5874051399490409,Monotonic convergence,Included,0.20718563079073749,22.905079949605938,0.6973544592092625,1.1117257207907376
10.268557,1.0223667,0.94317666,0.89887615,1.4408447441742591,0.5874051399490409,Monotonic convergence,Included,0.20591265899158603,22.907789798581934,0.6929634910084139,1.104788808991586
10.278565,1.0159663,0.93725978,0.89322586,1.44062591869975,0.5874051399490409,Monotonic convergence,Included,0.20467352527144195,22.913972203115787,0.688552334728558,1.097899385271442
10.288574,1.0095841,0.9313429,0.88758413,1.4414621794230396,0.5874051399490409,Monotonic convergence,Included,0.20339460391993752,22.91552958703053,0.6841895260800626,1.0909787339199375
10.298582,1.0032019,0.9254465,0.88195069,1.4409658911565042,0.5874051399490409,Monotonic convergence,Included,0.20217234275841964,22.923315900849246,0.6797783472415804,1.0841230327584197
10.30859,0.99682319,0.9195533,0.87633019,1.4410292775473215,0.5874051399490409,Monotonic convergence,Included,0.20090480922196632,22.92569758688404,0.6754253807780337,1.0772349992219663
10.318599,0.99047907,0.91367317,0.87071757,1.4414871833095424,0.5874051399490409,Monotonic convergence,Included,0.19966139926106868,22.93067306096381,0.6710561707389313,1.0703789692610688
10.328607,0.98413495,0.90780327,0.86511298,1.441492432983227,0.5874051399490409,Monotonic convergence,Included,0.19842821509327807,22.936682223086983,0.666684764906722,1.063541195093278
10.338616,0.97779083,0.9019384,0.85952164,1.4418125846401044,0.5874051399490409,Monotonic convergence,Included,0.19715682364397058,22.937970897855532,0.6623648163560294,1.0566784636439706
10.348624,0.97146745,0.89609137,0.85393652,1.4415509208724273,0.5874051399490409,Monotonic convergence,Included,0.19593944297461752,22.94543427825496,0.6579970770253825,1.0498759629746175
10.358632,0.96516033,0.89024435,0.84836113,1.4423949582651288,0.5874051399490409,Monotonic convergence,Included,0.19467688289208346,22.94740718402356,0.6536842471079165,1.0430380128920835
10.368641,0.95885321,0.88441623,0.84279636,1.4421311929606744,0.5874051399490409,Monotonic convergence,Included,0.1934528089763332,22.953683494353633,0.6493435510236668,1.0362491689763331
10.378649,0.95254663,0.87859169,0.83723719,1.4418831566506185,0.5874051399490409,Monotonic convergence,Included,0.1922193459232762,22.958768222333294,0.6450178440767238,1.0294565359232761
10.388657,0.9462729,0.87277649,0.83169034,1.4426012817392475,0.5874051399490409,Monotonic convergence,Included,0.19097203156864692,22.96191531678087,0.640718308431353,1.022662371568647
10.398666,0.9400017,0.86697404,0.82615059,1.4426411051520531,0.5874051399490409,Monotonic convergence,Included,0.18975097890995063,22.968086110057808,0.6363996110900494,1.0159015689099506
10.408674,0.9337305,0.86117226,0.82061776,1.4430392738525124,0.5874051399490409,Monotonic convergence,Included,0.1885008757026563,22.970606400555642,0.6321168842973437,1.0091186357026563
10.418682,0.92746763,0.85539005,0.81509689,1.4425909858069474,0.5874051399490409,Monotonic convergence,Included,0.18728614444333536,22.977163419594863,0.6278107455566646,1.0023830344433353
10.428691,0.92123131,0.84960927,0.80958069,1.4432031555427263,0.5874051399490409,Monotonic convergence,Included,0.18605635337962054,22.98181709097095,0.6235243366203794,0.9956370433796206
10.438699,0.91499499,0.84383844,0.80407539,1.4435369609281248,0.5874051399490409,Monotonic convergence,Included,0.18482214663251928,22.985673847388775,0.6192532433674807,0.9888975366325192
10.448707,0.90875867,0.83807896,0.7985772,1.4432134499996256,0.5874051399490409,Monotonic convergence,Included,0.18360764777758723,22.991846972038175,0.6149695522224128,0.9821848477775872
10.458716,0.90253733,0.83231965,0.79308542,1.4437994302367605,0.5874051399490409,Monotonic convergence,Included,0.18236414485493363,22.994262693031683,0.6107212751450664,0.9754495648549337
10.468724,0.89633493,0.82657943,0.78760471,1.443879678800706,0.5874051399490409,Monotonic convergence,Included,0.18115791959624278,23.001121920187956,0.6064467904037572,0.9687626295962428
10.478732,0.89013253,0.82084087,0.78212779,1.4440377256663701,0.5874051399490409,Monotonic convergence,Included,0.1799417939105888,23.006699955078798,0.6021859960894111,0.9620695839105888
10.488741,0.88393014,0.81510946,0.77666258,1.4442346072348482,0.5874051399490409,Monotonic convergence,Included,0.17870447294467756,23.00928067690316,0.5979581070553224,0.9553670529446776
10.498749,0.87774571,0.80939139,0.77120232,1.4440584519407593,0.5874051399490409,Monotonic convergence,Included,0.17750614943520548,23.016806982012902,0.5936961705647945,0.9487084694352055
10.508757,0.87157589,0.80367331,0.76575011,1.4449366834038135,0.5874051399490409,Monotonic convergence,Included,0.17627036233825974,23.019306172644196,0.5894797476617403,0.9420204723382598
10.518766,0.86540606,0.79796977,0.76030597,1.4448697710292469,0.5874051399490409,Monotonic convergence,Included,0.1750646483692242,23.0255522482908,0.5852413216307758,0.9353706183692242
10.528774,0.85923623,0.79227169,0.7548666,1.4445549754090616,0.5874051399490409,Monotonic convergence,Included,0.17386214158075303,23.0321677473547,0.5810044584192471,0.928728741580753
10.538782,0.85308407,0.78657517,0.74943807,1.4454512792284129,0.5874051399490409,Monotonic convergence,Included,0.1726165005377237,23.032790492978787,0.5768215694622763,0.9220545705377237
10.548791,0.84694558,0.78089631,0.74401241,1.4452204134954136,0.5874051399490409,Monotonic convergence,Included,0.17143960471289776,23.042573270101474,0.5725728052871022,0.9154520147128977
10.558799,0.8408071,0.7752178,0.73859796,1.4457059398214434,0.5874051399490409,Monotonic convergence,Included,0.1702122306548261,23.04531556718977,0.568385729345174,0.908810190654826
10.568807,0.83466862,0.7695461,0.73318691,1.4457084692738063,0.5874051399490409,Monotonic convergence,Included,0.16900070657607055,23.05015327893273,0.5641862034239294,0.9021876165760706
10.578816,0.82854476,0.76388685,0.72778505,1.4455708786842723,0.5874051399490409,Monotonic convergence,Included,0.16780433526346378,23.05685384214251,0.5599807147365363,0.8955893852634638
10.588824,0.82243689,0.75822761,0.7223884,1.4464044696701328,0.5874051399490409,Monotonic convergence,Included,0.16658379389442332,23.060142423995636,0.5558046061055767,0.8889721938944234
10.598832,0.81632901,0.75257974,0.71699873,1.446504411086433,0.5874051399490409,Monotonic convergence,Included,0.16538365763071836,23.066101892637707,0.5516150723692816,0.8823823876307184
10.608841,0.81022113,0.7469394,0.71161601,1.4462713540649212,0.5874051399490409,Monotonic convergence,Included,0.16418621725792346,23.072305140791233,0.5474297927420765,0.8758022272579234
10.618849,0.80412189,0.74129905,0.70623837,1.446733539009576,0.5874051399490409,Monotonic convergence,Included,0.16296511811834918,23.07508697358785,0.5432732518816508,0.8692034881183492
10.628857,0.79804358,0.73567358,0.70086915,1.446983720254417,0.5874051399490409,Monotonic convergence,Included,0.1617740456258071,23.081918447374537,0.539095104374193,0.8626431956258072
10.638866,0.79196527,0.73005173,0.69550338,1.4470810165688275,0.5874051399490409,Monotonic convergence,Included,0.16058376330818674,23.08885447949753,0.5349196166918133,0.8560871433081867
10.648874,0.78588696,0.72443054,0.69014718,1.4477950998948321,0.5874051399490409,Monotonic convergence,Included,0.1593520665284841,23.08957728820744,0.5307951134715159,0.8494992465284841
10.658882,0.77981024,0.71882539,0.68479309,1.4469236635498803,0.5874051399490409,Monotonic convergence,Included,0.15818511761149825,23.09969535637374,0.5266079723885018,0.8429782076114982
10.668891,0.77375875,0.71322159,0.67944946,1.447679710982643,0.5874051399490409,Monotonic convergence,Included,0.15697582461487491,23.103384998624467,0.522473635385125,0.8364252846148749
10.678899,0.7677088,0.70761933,0.6741076,1.4484642134400423,0.5874051399490409,Monotonic convergence,Included,0.15576546255806295,23.106913875182975,0.518342137441937,0.829873062558063
10.688907,0.76165885,0.70203282,0.66877545,1.448159744497006,0.5874051399490409,Monotonic convergence,Included,0.15458317495141685,23.114361472362187,0.5141922750485832,0.8233586249514169
10.698916,0.7556089,0.6964466,0.66344521,1.4479596851982213,0.5874051399490409,Monotonic convergence,Included,0.15339335744257435,23.120727247781975,0.5100518525574257,0.8168385674425743
10.708924,0.74957552,0.6908627,0.65812451,1.4489007298596184,0.5874051399490409,Monotonic convergence,Included,0.15216998073999033,23.121761676979684,0.5059545292600097,0.8102944907399904
10.718932,0.74355294,0.68529375,0.65280547,1.4486700868036877,0.5874051399490409,Monotonic convergence,Included,0.15100837712394666,23.132216879853452,0.5017970928760533,0.8038138471239467
10.728941,0.73753035,0.67972479,0.64749605,1.449173789991175,0.5874051399490409,Monotonic convergence,Included,0.1498020124226218,23.135587070009432,0.4976940375773782,0.7972980624226218
10.738949,0.73150777,0.67415837,0.64218804,1.4494892953783152,0.5874051399490409,Monotonic convergence,Included,0.14860090006048418,23.13978006511678,0.49358713993951575,0.7907889400604842
10.748957,0.72548791,0.66860629,0.63688954,1.4489291806986866,0.5874051399490409,Monotonic convergence,Included,0.14742223796230333,23.14722235229414,0.4894673020376966,0.7843117779623033
10.758966,0.71949151,0.66305421,0.63159236,1.4494905068010884,0.5874051399490409,Monotonic convergence,Included,0.1462374403882581,23.153769685918636,0.4853549196117419,0.777829800388258
10.768974,0.71349516,0.65750405,0.62630437,1.4505538703278855,0.5874051399490409,Monotonic convergence,Included,0.14501885121608293,23.154692536487158,0.4812855187839171,0.771323221216083
10.778982,0.70749881,0.65196831,0.62101778,1.449954157819068,0.5874051399490409,Monotonic convergence,Included,0.14386078014674905,23.165323889236962,0.4771569998532509,0.764878560146749
10.788991,0.70150246,0.64643257,0.61574,1.450053463849189,0.5874051399490409,Monotonic convergence,Included,0.1426617594241102,23.16915571899019,0.47307824057588976,0.7584017594241101
10.798999,0.69551827,0.64089807,0.61046345,1.4506475140224935,0.5874051399490409,Monotonic convergence,Included,0.1414627851823488,23.17301472878496,0.46900066481765124,0.7519262351823488
10.809008,0.68954699,0.63537762,0.6051959,1.4507862689903983,0.5874051399490409,Monotonic convergence,Included,0.14028728378385538,23.18047491462771,0.46490861621614465,0.7454831837838554
10.819016,0.68357572,0.62985788,0.59992931,1.450915806595255,0.5874051399490409,Monotonic convergence,Included,0.13911062036341784,23.1878353073661,0.46081868963658223,0.7390399303634179
10.829024,0.67760444,0.62433818,0.59467148,1.4517711491516478,0.5874051399490409,Monotonic convergence,Included,0.13789342561757573,23.188168636837222,0.4567780543824243,0.7325649056175758
10.839033,0.67163317,0.61883251,0.58941503,1.4509232546864066,0.5874051399490409,Monotonic convergence,Included,0.13673502918209743,23.198429327819724,0.4526800008179025,0.7261500591820974
10.849041,0.66568004,0.61332841,0.5841662,1.4513548840108703,0.5874051399490409,Monotonic convergence,Included,0.1355485118155758,23.20375807699518,0.44861768818442416,0.7197147118155758
10.859049,0.65973281,0.60782431,0.57891978,1.452280763769544,0.5874051399490409,Monotonic convergence,Included,0.134350792557514,23.207151871285863,0.44456898744248596,0.713270572557514
10.869058,0.65378557,0.60233108,0.57367959,1.4523006621447394,0.5874051399490409,Monotonic convergence,Included,0.13317464042673177,23.214115117243715,0.44050494957326825,0.7068542304267318
10.879066,0.64783833,0.59684214,0.56844303,1.4520557284031474,0.5874051399490409,Monotonic convergence,Included,0.13200155603388203,23.221598131633705,0.43644147396611793,0.7004445860338819
10.889074,0.6418913,0.5913532,0.56321111,1.4522238632774793,0.5874051399490409,Monotonic convergence,Included,0.13080690451375218,23.2251996083231,0.4324042054862478,0.6940180145137522
10.899083,0.63596466,0.58587137,0.55798418,1.452862214347051,0.5874051399490409,Monotonic convergence,Included,0.1296221069397069,23.23042688050885,0.42836207306029317,0.6876062869397069
10.909091,0.63004034,0.5803972,0.55276018,1.452823711383105,0.5874051399490409,Monotonic convergence,Included,0.12845929482084112,23.239607241759185,0.4243008851791589,0.6812194748208411
10.919099,0.62411602,0.57492303,0.54754278,1.4533798373014835,0.5874051399490409,Monotonic convergence,Included,0.12726580532265588,23.243079805135203,0.42027697467734415,0.6748085853226559
10.929108,0.61819171,0.56945162,0.54232642,1.4536503732848487,0.5874051399490409,Monotonic convergence,Included,0.1260803105354449,23.248048755479203,0.4162461094645551,0.6684067305354449
10.939116,0.61226803,0.56399187,0.53711837,1.4530537981000937,0.5874051399490409,Monotonic convergence,Included,0.12491038684228205,23.255653468393206,0.4122079831577179,0.662028756842282
10.949124,0.60636358,0.55853213,0.53191031,1.4534366720543828,0.5874051399490409,Monotonic convergence,Included,0.12374055611087517,23.263425014430567,0.4081697538891248,0.6556508661108752
10.959133,0.60046104,0.55307239,0.52671036,1.4546861188043285,0.5874051399490409,Monotonic convergence,Included,0.12253302938760623,23.263835058723018,0.4041773306123938,0.6492433893876063
10.969141,0.5945585,0.54762446,0.52151142,1.454316535243271,0.5874051399490409,Monotonic convergence,Included,0.12137570201231657,23.27383396749329,0.4001357179876834,0.6428871220123165
10.979149,0.58865595,0.54217859,0.51631828,1.4541869713960867,0.5874051399490409,Monotonic convergence,Included,0.12020099078874487,23.2804057971267,0.39611728921125516,0.6365192707887449
10.989158,0.58275341,0.53673273,0.51112834,1.4543625626127823,0.5874051399490409,Monotonic convergence,Included,0.11901145216516876,23.284064461220986,0.39211688783483123,0.6301397921651687
10.999166,0.5768686,0.53129293,0.5059417,1.454905312739487,0.5874051399490409,Monotonic convergence,Included,0.11783474226385324,23.290181905119347,0.3881069577361468,0.6237764422638533
11.009174,0.5709869,0.52586053,0.5007606,1.4550410348192953,0.5874051399490409,Monotonic convergence,Included,0.11666667780580126,23.297894803585038,0.38409392219419874,0.6174272778058012
11.019183,0.5651052,0.52042813,0.49558042,1.4552709476751802,0.5874051399490409,Monotonic convergence,Included,0.11549433710699523,23.304862832755827,0.3800860828930048,0.6110747571069952
11.029191,0.5592235,0.51499669,0.49040771,1.4561058050202385,0.5874051399490409,Monotonic convergence,Included,0.11429173735676937,23.305452794934517,0.3761159726432306,0.6046994473567694
11.039199,0.5533418,0.50957649,0.48523523,1.4552063369630963,0.5874051399490409,Monotonic convergence,Included,0.11314031305295442,23.31659081162644,0.3720949169470456,0.5983755430529545
11.049208,0.54747258,0.50415722,0.48006916,1.455508628904158,0.5874051399490409,Monotonic convergence,Included,0.11196341722812797,23.32235156037267,0.368105742771872,0.592032577228128
11.059216,0.54161038,0.49873796,0.47490515,1.4564336667743512,0.5874051399490409,Monotonic convergence,Included,0.11077699282336154,23.326130033199583,0.3641281571766385,0.5856821428233615
11.069224,0.53574818,0.49332488,0.4697446,1.45673363991609,0.5874051399490409,Monotonic convergence,Included,0.10960321121734527,23.33251115975474,0.3601413887826547,0.5793478112173452
11.079233,0.52988598,0.48791823,0.46458891,1.456495422006659,0.5874051399490409,Monotonic convergence,Included,0.10843672710913674,23.340360644669012,0.35615218289086326,0.5730256371091368
11.089241,0.52402377,0.48251158,0.45943405,1.4563402400438343,0.5874051399490409,Monotonic convergence,Included,0.10726638508807455,23.347504410714567,0.3521676649119254,0.5667004350880746
11.099249,0.51816691,0.47710525,0.45428599,1.4571855434917218,0.5874051399490409,Monotonic convergence,Included,0.10606592345822519,23.34783061617753,0.3482200665417748,0.5603519134582251
11.109258,0.51232313,0.47170958,0.44913838,1.4570795146312012,0.5874051399490409,Monotonic convergence,Included,0.10491291880456653,23.358707132658434,0.34422546119543346,0.5540512988045665
11.119266,0.50647935,0.46631514,0.44399593,1.4573303743293853,0.5874051399490409,Monotonic convergence,Included,0.10374164716594915,23.3654500314787,0.34025428283405085,0.5477375771659492
11.129274,0.50063557,0.46092071,0.43885626,1.4578963890429544,0.5874051399490409,Monotonic convergence,Included,0.1025575003241927,23.36926909147717,0.3362987596758073,0.5414137603241926
11.139283,0.49479179,0.45552981,0.43371837,1.458055235330096,0.5874051399490409,Monotonic convergence,Included,0.10138148763604368,23.37495818681687,0.3323368823639563,0.5350998576360437
11.149291,0.48894801,0.4501472,0.42858649,1.457428899504922,0.5874051399490409,Monotonic convergence,Included,0.10021607258802405,23.38292851648778,0.3283704174119759,0.528802562588024
11.159299,0.48311853,0.44476458,0.42345462,1.457711735987417,0.5874051399490409,Monotonic convergence,Included,0.09905056457824843,23.391069526705937,0.32440405542175155,0.5225051845782485
11.169308,0.47729221,0.43938197,0.41832866,1.4588986347805102,0.5874051399490409,Monotonic convergence,Included,0.09785763285059573,23.392524158061686,0.3204710271494043,0.5161862928505958
11.179316,0.47146589,0.43400636,0.41320434,1.459016172153638,0.5874051399490409,Monotonic convergence,Included,0.09668961487342123,23.399951431638215,0.31651472512657874,0.5098939548734213
11.189324,0.46563957,0.4286351,0.40808229,1.4585962436743727,0.5874051399490409,Monotonic convergence,Included,0.09553126491882041,23.409804164454286,0.3125510250811796,0.5036135549188204
11.199333,0.45981325,0.42326383,0.40296537,1.458791998741164,0.5874051399490409,Monotonic convergence,Included,0.09434902379305231,23.41368038475671,0.30861634620694767,0.4973143937930523
11.209341,0.45399022,0.41789257,0.39784845,1.4592159240823779,0.5874051399490409,Monotonic convergence,Included,0.09316682914816167,23.417667995982306,0.30468162085183836,0.4910152791481617
11.219349,0.44817995,0.4125308,0.39273736,1.459420473139147,0.5874051399490409,Monotonic convergence,Included,0.09200164650453045,23.42574348020531,0.3007357134954695,0.48473900650453045
11.229358,0.44236968,0.40717041,0.38762767,1.459535942665249,0.5874051399490409,Monotonic convergence,Included,0.09083637089914376,23.43392330561535,0.2967912991008562,0.47846404089914374
11.239366,0.43655941,0.40181003,0.38251994,1.4599033773034964,0.5874051399490409,Monotonic convergence,Included,0.08966203152259418,23.439832057537753,0.29285790847740584,0.47218197152259417
11.249374,0.43074915,0.39645075,0.3774173,1.4607197561586818,0.5874051399490409,Monotonic convergence,Included,0.08846914627581948,23.440670651774433,0.28894815372418053,0.4658864462758195
11.259383,0.42493888,0.39110047,0.37231466,1.459716919515184,0.5874051399490409,Monotonic convergence,Included,0.08731809381902639,23.45276810185943,0.28499656618097363,0.4596327538190264
11.269391,0.41913542,0.38575058,0.36721698,1.4597708989090619,0.5874051399490409,Monotonic convergence,Included,0.08614579960109836,23.459100284822984,0.28107118039890167,0.4533627796010984
11.279399,0.41334011,0.38040068,0.3621212,1.4606964213145,0.5874051399490409,Monotonic convergence,Included,0.08496462753551863,23.463036004387106,0.27715657246448133,0.4470858275355186
11.289408,0.4075448,0.37505281,0.35702635,1.4613426310117232,0.5874051399490409,Monotonic convergence,Included,0.08378856836649215,23.468455022015082,0.27323778163350787,0.4408149183664921
11.299416,0.40174949,0.36971295,0.35193723,1.4610727190208963,0.5874051399490409,Monotonic convergence,Included,0.08262310683759427,23.476659982120754,0.2693141231624057,0.43456033683759426
11.309425,0.39595418,0.3643731,0.34684811,1.460792861116673,0.5874051399490409,Monotonic convergence,Included,0.08145769178957438,23.485119117291536,0.26539041821042564,0.42830580178957434
11.319433,0.39015887,0.35903325,0.34176242,1.460995351729881,0.5874051399490409,Monotonic convergence,Included,0.08027633380048346,23.488929473428783,0.2614860861995165,0.4220387538004835
11.329441,0.38437136,0.35369598,0.3366798,1.4616953630674006,0.5874051399490409,Monotonic convergence,Included,0.07909269824838258,23.49196424863701,0.25758710175161736,0.4157724982483826
11.33945,0.37858992,0.3483656,0.33159726,1.4613460761140529,0.5874051399490409,Monotonic convergence,Included,0.07794071617403432,23.504632147453304,0.2536565438259657,0.4095379761740343
11.349458,0.37280847,0.34303521,0.32652017,1.4618027412994754,0.5874051399490409,Monotonic convergence,Included,0.07676335554043053,23.50952945431534,0.2497568144595695,0.4032835255404305
11.359466,0.36702703,0.33770483,0.32144386,1.4623905053691897,0.5874051399490409,Monotonic convergence,Included,0.07558241587923946,23.513410982321904,0.24586144412076055,0.3970262758792395
11.369475,0.36124558,0.33237693,0.3163689,1.4626093756442449,0.5874051399490409,Monotonic convergence,Included,0.0744067285572351,23.51897691499863,0.2419621714427649,0.39077562855723513
11.379483,0.35546414,0.32705565,0.31129869,1.4619674379549648,0.5874051399490409,Monotonic convergence,Included,0.07323973315937125,23.52715752172656,0.23805895684062872,0.38453842315937126
11.389491,0.34968943,0.32173436,0.30622847,1.461900141408999,0.5874051399490409,Monotonic convergence,Included,0.07207273776150765,23.53560978883108,0.23415573223849234,0.3783012077615076
11.3995,0.34392079,0.31641307,0.30116138,1.4628826032814204,0.5874051399490409,Monotonic convergence,Included,0.0708911938489058,23.539271153859705,0.23027018615109418,0.3720525738489058
11.409508,0.33815215,0.3110937,0.29609715,1.4638775172662244,0.5874051399490409,Monotonic convergence,Included,0.06970528073379444,23.541354833639716,0.22639186926620553,0.3658024307337944
11.419516,0.33238352,0.30578109,0.29103292,1.4631473479628254,0.5874051399490409,Monotonic convergence,Included,0.06855078869204755,23.554307427505982,0.2224821313079524,0.35958370869204753
11.429525,0.32661488,0.30046848,0.28597326,1.463169618259489,0.5874051399490409,Monotonic convergence,Included,0.06737505488916519,23.559914269314966,0.21859820511083483,0.3533483148891652
11.439533,0.32084625,0.29515587,0.28091471,1.4633861570147504,0.5874051399490409,Monotonic convergence,Included,0.06619416170885187,23.563793333874138,0.21472054829114814,0.34710887170885185
11.449541,0.31508155,0.28984423,0.27585675,1.4638331581680408,0.5874051399490409,Monotonic convergence,Included,0.06501503480189344,23.568404543986485,0.21084171519810654,0.3408717848018934
11.45955,0.30932454,0.28453955,0.27080325,1.4639197499843666,0.5874051399490409,Monotonic convergence,Included,0.06384752811437426,23.577090789853617,0.20695572188562572,0.33465077811437427
11.469558,0.30356753,0.27923509,0.26575015,1.4640202022934987,0.5874051399490409,Monotonic convergence,Included,0.06267918477105562,23.585757062058335,0.2030709652289444,0.3284293347710556
11.479566,0.29781051,0.27393064,0.26069844,1.464379988682492,0.5874051399490409,Monotonic convergence,Included,0.06150442706660644,23.59217303586721,0.19919401293339353,0.3222028670666064
11.489575,0.2920535,0.26862634,0.25565075,1.4654755601603113,0.5874051399490409,Monotonic convergence,Included,0.06031168126246493,23.591435293057007,0.19533906873753504,0.3159624312624649
11.499583,0.28629649,0.26332878,0.25060306,1.4645815019637511,0.5874051399490409,Monotonic convergence,Included,0.059150263569931916,23.603168919777723,0.19145279643006807,0.3097533235699319
11.509591,0.28054025,0.25803218,0.24555767,1.4638957534959356,0.5874051399490409,Monotonic convergence,Included,0.05798261743977954,23.61262730656287,0.18757505256022047,0.30354028743977957
11.5196,0.27479287,0.25273558,0.24051522,1.4647681693674273,0.5874051399490409,Monotonic convergence,Included,0.05680130593156648,23.616512057559802,0.18371391406843351,0.2973165259315665
11.529608,0.26904627,0.24743898,0.23547276,1.4657644196343174,0.5874051399490409,Monotonic convergence,Included,0.055620040904231026,23.620583928362255,0.17985271909576897,0.291092800904231
11.539616,0.26329967,0.2421471,0.23043332,1.465893867911444,0.5874051399490409,Monotonic convergence,Included,0.05444667762611449,23.62795346875812,0.1759866423738855,0.2848799976261145
11.549625,0.25755307,0.2368579,0.22539591,1.4655690839940525,0.5874051399490409,Monotonic convergence,Included,0.05327633560505216,23.63678010175613,0.17211957439494785,0.27867224560505216
11.559633,0.25180647,0.2315687,0.2203585,1.465229664653405,0.5874051399490409,Monotonic convergence,Included,0.05210599358398971,23.6460102895916,0.1682525064160103,0.2724644935839897
11.569641,0.24605987,0.22627949,0.21532453,1.4656536081978575,0.5874051399490409,Monotonic convergence,Included,0.05091961566010114,23.64784711714041,0.16440491433989884,0.26624414566010113
11.57965,0.24031787,0.22099239,0.21029192,1.4662428426200473,0.5874051399490409,Monotonic convergence,Included,0.049736723802044254,23.651276664383616,0.16055519619795575,0.26002864380204427
11.589658,0.23458034,0.21570997,0.2052593,1.465724400587825,0.5874051399490409,Monotonic convergence,Included,0.04857563147565562,23.66549602169335,0.1566836685243444,0.2538349314756556
11.599666,0.2288428,0.21042755,0.20023041,1.4660824623263329,0.5874051399490409,Monotonic convergence,Included,0.04739720178186345,23.671330334819498,0.15283320821813656,0.24762761178186343
11.609675,0.22310527,0.20514513,0.1952024,1.4666787095073601,0.5874051399490409,Monotonic convergence,Included,0.04621468177082868,23.67526309657498,0.1489877182291713,0.24141708177082868
11.619683,0.21736773,0.19986289,0.19017443,1.4672436123823434,0.5874051399490409,Monotonic convergence,Included,0.04503281249208231,23.679741010440946,0.1451416175079177,0.2352072424920823
11.629691,0.2116302,0.19458593,0.1851502,1.4666720464105556,0.5874051399490409,Monotonic convergence,Included,0.04385810126851086,23.68784979357887,0.14129209873148912,0.22900830126851085
11.6397,0.20589267,0.18930973,0.18012657,1.4659126391332276,0.5874051399490409,Monotonic convergence,Included,0.0426841337389834,23.696744871666297,0.1374424362610166,0.22281070373898343
11.649708,0.2001619,0.18403353,0.17510307,1.466181489051584,0.5874051399490409,Monotonic convergence,Included,0.04150956195804516,23.70578765868877,0.13359350804195486,0.21661263195804514
11.659716,0.19443241,0.17875733,0.17008309,1.4676698172163538,0.5874051399490409,Monotonic convergence,Included,0.04031862890813615,23.705254242579997,0.12976446109186385,0.21040171890813614
11.669725,0.18870293,0.17348366,0.16506366,1.4682578969571094,0.5874051399490409,Monotonic convergence,Included,0.03913689907202324,23.710184950475007,0.12592676092797678,0.20420055907202322
11.679733,0.18297344,0.16821334,0.16004434,1.4673403503380762,0.5874051399490409,Monotonic convergence,Included,0.037970229040303644,23.724818409887938,0.12207411095969636,0.19801456904030365
11.689741,0.17724395,0.16294303,0.15502836,1.4674015571506034,0.5874051399490409,Monotonic convergence,Included,0.036788080876290874,23.72990391970274,0.11824027912370913,0.19181644087629088
11.69975,0.17151446,0.15767272,0.15001289,1.467631280116027,0.5874051399490409,Monotonic convergence,Included,0.035603562187512414,23.733668611752236,0.1144093278124876,0.18561645218751244
11.709758,0.16578563,0.1524025,0.14499743,1.4679553101927574,0.5874051399490409,Monotonic convergence,Included,0.03441941534575608,23.737948559333827,0.11057801465424394,0.17941684534575608
11.719766,0.16006214,0.14713678,0.13998523,1.4680345958764125,0.5874051399490409,Monotonic convergence,Included,0.03324103213284176,23.74609959410844,0.10674419786715822,0.17322626213284176
11.729775,0.15433899,0.1418717,0.1349736,1.4680352048962602,0.5874051399490409,Monotonic convergence,Included,0.032062974286071584,23.7549967446016,0.10291062571392842,0.16703657428607158
11.739783,0.14861584,0.13660662,0.12996198,1.46803957773947,0.5874051399490409,Monotonic convergence,Included,0.0308848699584238,23.764542490368182,0.09907711004157621,0.1608468499584238
11.749791,0.14289269,0.13134154,0.12495315,1.4691228089411594,0.5874051399490409,Monotonic convergence,Included,0.029693797465881532,23.763944699178477,0.09525935253411846,0.15464694746588153
11.7598,0.13716955,0.12607771,0.11994502,1.4697983818710636,0.5874051399490409,Monotonic convergence,Included,0.028505281421615944,23.765289648220445,0.09143973857838406,0.14845030142161594
11.769808,0.1314464,0.1208176,0.11493689,1.4681028643510043,0.5874051399490409,Monotonic convergence,Included,0.02733405626387617,23.781795613119662,0.08760283373612383,0.14227094626387618
11.779817,0.12572368,0.1155575,0.10993108,1.4673701698713182,0.5874051399490409,Monotonic convergence,Included,0.026152094023374397,23.789536156084697,0.0837789859766256,0.1360831740233744
11.789825,0.12000564,0.11029739,0.10492644,1.4683040327641856,0.5874051399490409,Monotonic convergence,Included,0.024964647039297256,23.792522684746817,0.07996179296070274,0.12989108703929725
11.799833,0.114288,0.10503728,0.099921791,1.4694332250765754,0.5874051399490409,Monotonic convergence,Included,0.023777241888010076,23.7958523862028,0.07614454911198992,0.12369903288801007
11.809842,0.10857035,0.099779671,0.094918915,1.4696051012169544,0.5874051399490409,Monotonic convergence,Included,0.02259322054462362,23.802653606632166,0.07232569445537639,0.11751213554462363
11.81985,0.10285271,0.09452368,0.089917277,1.4691153790783746,0.5874051399490409,Monotonic convergence,Included,0.021410965474591998,23.811848166389645,0.06850631152540801,0.111328242474592
11.829858,0.097135063,0.089267689,0.084915639,1.4685661014042453,0.5874051399490409,Monotonic convergence,Included,0.020228710404560375,23.822125868428518,0.06468692859543962,0.10514434940456038
11.839867,0.091417419,0.084011698,0.079915019,1.4685632065571326,0.5874051399490409,Monotonic convergence,Included,0.019041723581172988,23.827465499536437,0.060873295418827016,0.09895674258117299
11.849875,0.085699844,0.078755707,0.074916498,1.4699345485152797,0.5874051399490409,Monotonic convergence,Included,0.01784498042154429,23.819827271616848,0.05707151757845571,0.09276147842154428
11.859883,0.079986864,0.073501531,0.069917978,1.4713104906477419,0.5874051399490409,Monotonic convergence,Included,0.016656668893140793,23.82315588866256,0.05326130910685921,0.0865746468931408
11.869892,0.074274581,0.068247673,0.064920128,1.4733134987527028,0.5874051399490409,Monotonic convergence,Included,0.015466721237840313,23.82423096553401,0.04945340676215968,0.08038684923784031
11.8799,0.068562298,0.062993816,0.059924123,1.4771312560957073,0.5874051399490409,Monotonic convergence,Included,0.014268202508681202,23.810448604614876,0.0456559204913188,0.07419232550868121
11.889908,0.062850016,0.057739959,0.054928117,1.4816412047870127,0.5874051399490409,Monotonic convergence,Included,0.013069688427609963,23.79416798069004,0.041858428572390034,0.06799780542760996
11.899917,0.057137733,0.052486197,0.049932192,1.4869864157320076,0.5874051399490409,Monotonic convergence,Included,0.011871239419767518,23.774721165390694,0.03806095258023248,0.06180343141976752
11.909925,0.05142545,0.047238922,0.044933957,1.4802468174416359,0.5874051399490409,Monotonic convergence,Included,0.010713679640088616,23.84316974373883,0.03422027735991138,0.055647636640088614
11.919933,0.045713167,0.041993366,0.039934973,1.4677442022113973,0.5874051399490409,Monotonic convergence,Included,0.009567591341040257,23.957926154201374,0.03036738165895974,0.04950256434104026
11.929942,0.040193216,0.036747811,0.03493599,1.5936305532419142,0.5874051399490409,Monotonic convergence,Included,0.00842150304199193,24.105522820426525,0.026514486958008072,0.04335749304199193
11.93995,0.035023812,0.031502255,0.029944314,2.0205518619565996,0.5874051399490409,Monotonic convergence,Included,0.0072414465174782516,24.183043623835403,0.022702867482521746,0.03718576051747825
11.949958,0.029854408,0.026258006,0.0249623,2.5278194603308144,0.5874051399490409,Monotonic convergence,Included,0.006022555219597969,24.126603796917628,0.01893974478040203,0.03098485521959797
11.959967,0.024685003,0.021444415,0.019980287,1.9685695252660766,0.5874051399490409,Monotonic convergence,Included,0.006805395458969506,34.06054907504335,0.013174891541030492,0.026785682458969506
11.969975,0.019515599,0.016707618,0.015092901,1.372799511507233,0.5874051399490409,Monotonic convergence,Included,0.007505346349035636,49.72765904338493,0.007587554650964365,0.022598247349035636
11.979983,0.014346195,0.011970821,0.010590084,1.346201128625379,0.5874051399490409,Monotonic convergence,Included,0.006417786771259866,60.60184953452556,0.004172297228740134,0.017007870771259866
11.989992,0.0091767902,0.0072340244,0.0060872674,1.308255004930819,0.5874051399490409,Monotonic convergence,Included,0.005330227193484096,87.56354605818855,0.0007570402065159038,0.011417494593484095
12.0,0.0040178692,0.002506141,0.0015896121,1.2421596894220683,0.5874051399490409,Monotonic convergence,Included,0.0042601067762342544,267.9966248517015,-0.002670494676234254,0.005849718876234255
