station,x,r,Ux,Ur,Uz,k,epsilon,nut,wall_distance,r_over_R,U_over_Ubulk,yplus,uplus,nut_over_nu,u_tau,below_first_cell,mesh
expansion_4D,2.6,4.9969541e-08,2.5001329,2.2701031e-09,-2.3203976e-15,0.015532348,0.041126167,0.00051699968,0.049969491030459,1e-06,1.25006645,598.1999735990208,20.884382152321436,51.69996799999999,0.1197130411503265,False,coarse
expansion_4D,2.6,0.002350038,2.500132,0.00010677625,-7.578771e-13,0.015532922,0.041128202,0.00051701264,0.047619503,0.04702940937560343,1.250066,570.0675522197096,20.884374634343512,51.701263999999995,0.1197130411503265,False,coarse
expansion_4D,2.6,0.0045895552,2.4992634,0.00020992459,-1.340804e-12,0.015605241,0.041507689,0.00051732734,0.0453799858,0.09184705538920199,1.2496317,543.2576107476632,20.877118950320675,51.732733999999994,0.1197130411503265,False,coarse
expansion_4D,2.6,0.0067237492,2.4878385,0.00031347189,-9.3976793e-13,0.016554223,0.046497753,0.00052134966,0.0432457918,0.1345569534048752,1.24391925,517.7085253331852,20.781683232622605,52.134966,0.1197130411503265,False,coarse
expansion_4D,2.6,0.0087575733,2.4779007,0.00040372235,-1.1193016e-12,0.017379225,0.050838806,0.00052481787,0.0412119677,0.1752582298084347,1.23895035,493.36099851560255,20.69866972043958,52.481787,0.1197130411503265,False,coarse
expansion_4D,2.6,0.010695748,2.4658915,0.0004639769,-1.168252e-12,0.018307777,0.056121221,0.00052860121,0.039273793,0.2140453521476213,1.23294575,470.1585197538404,20.598353164410234,52.86012099999999,0.1197130411503265,False,coarse
expansion_4D,2.6,0.012542771,2.4497673,0.00050460085,-9.8386247e-13,0.019494311,0.063246957,0.0005331264,0.03742677,0.25100832925401495,1.22488365,448.04724571338045,20.463662742672867,53.312639999999995,0.1197130411503265,False,coarse
expansion_4D,2.6,0.01430293,2.4344759,0.00054317257,-1.0589444e-12,0.020619588,0.070004616,0.00053741978,0.035666611,0.28623296739908016,1.21723795,426.9758470335687,20.335928956503334,53.741978,0.1197130411503265,False,coarse
expansion_4D,2.6,0.01598031,2.4177638,0.00056923515,-9.9594312e-13,0.021753603,0.077516929,0.00054056171,0.033989230999999995,0.31980101638316033,1.2088819,406.8954209370952,20.19632762452302,54.056171,0.1197130411503265,False,coarse
expansion_4D,2.6,0.017578803,2.3993975,0.00058481932,-8.8212735e-13,0.022918497,0.08587987,0.00054252659,0.032390738,0.3517903636537306,1.19969875,387.75937510834444,20.042908249127343,54.252658999999994,0.1197130411503265,False,coarse
expansion_4D,2.6,0.019102121,2.3818413,0.00059976361,-9.6303236e-13,0.024032135,0.093873746,0.00054441438,0.03086742,0.38227529446388153,1.19092065,369.52327206644105,19.896255889189764,54.441438,0.1197130411503265,False,coarse
expansion_4D,2.6,0.020553797,2.3635551,0.00060477408,-8.8461299e-13,0.025100115,0.10247244,0.00054427452,0.029415744,0.4113265118845098,1.18177755,352.14481719394695,19.74350561382889,54.42745199999999,0.1197130411503265,False,coarse
expansion_4D,2.6,0.021937202,2.3444824,0.00060125619,-7.985652e-13,0.026135754,0.11167099,0.00054220414,0.028032339,0.4390114770115659,1.1722412,335.58365522469023,19.584185461097576,54.220414,0.1197130411503265,False,coarse
expansion_4D,2.6,0.023255547,2.3262009,0.00059793361,-8.7123466e-13,0.027128532,0.12048767,0.00054022753,0.026713993999999998,0.465394448990436,1.16310045,319.8013463011575,19.431474446288057,54.022753,0.1197130411503265,False,coarse
expansion_4D,2.6,0.02451189,2.307541,0.00058968037,-8.2136969e-13,0.028066367,0.12992693,0.00053629261,0.025457650999999998,0.4905366251012792,1.1537705,304.761282175365,19.275602539428988,53.629261,0.1197130411503265,False,coarse
expansion_4D,2.6,0.025709148,2.2884383,0.00057680213,-7.34802e-13,0.028957449,0.13998903,0.00053040446,0.024260392999999998,0.5144963809053199,1.14421915,290.42854255320924,19.116031787433702,53.04044599999999,0.1197130411503265,False,coarse
expansion_4D,2.6,0.0268501,2.2701087,0.00056448483,-7.8068059e-13,0.029812496,0.14964373,0.00052475711,0.023119441,0.5373293302814208,1.13505435,276.76985918055453,18.962918978470952,52.475711,0.1197130411503265,False,coarse
expansion_4D,2.6,0.027937394,2.2515366,0.00054972453,-7.8932846e-13,0.030621672,0.16000938,0.00051761271,0.022032147,0.5590884655114202,1.1257683,263.7535320441042,18.807780492124433,51.761270999999994,0.1197130411503265,False,coarse
expansion_4D,2.6,0.028973553,2.23268,0.00053222891,-6.8490668e-13,0.031382523,0.17114769,0.00050875374,0.020995988,0.579824277353278,1.11634,251.34935754357613,18.65026548942459,50.875373999999994,0.1197130411503265,False,coarse
expansion_4D,2.6,0.029960982,2.2145844,0.00051546595,-6.9083492e-13,0.032112621,0.1818369,0.00050024823,0.020008559,0.5995848951264131,1.1072922,239.5285446925735,18.499107354720813,50.02482299999999,0.1197130411503265,False,coarse
expansion_4D,2.6,0.030901973,2.1962579,0.00049775462,-7.842297e-13,0.032811446,0.19333184,0.00049074832,0.019067568,0.6184161867726582,1.09812895,228.26365526206484,18.346020441015337,49.074831999999994,0.1197130411503265,False,coarse
expansion_4D,2.6,0.031798709,2.1777464,0.00047867789,-6.4482258e-13,0.033462438,0.20583989,0.00047986248,0.018170831999999998,0.6363618389050242,1.0888732,217.5285558951669,18.191388165182044,47.986247999999996,0.1197130411503265,False,coarse
expansion_4D,2.6,0.032653273,2.1599505,0.00046036343,-6.2486198e-13,0.034088173,0.21786553,0.00046938949,0.017316268000000003,0.6534635369174193,1.07997525,207.2983103654082,18.04273351712533,46.938948999999994,0.1197130411503265,False,coarse
expansion_4D,2.6,0.033467647,2.1419419,0.0004418579,-7.9859193e-13,0.034695014,0.23070444,0.00045834927,0.016501893999999996,0.6697609449724584,1.07097095,197.54919154803252,17.89230212028707,45.83492699999999,0.1197130411503265,False,coarse
expansion_4D,2.6,0.034243721,2.1237955,0.00042296837,-6.1155965e-13,0.035255275,0.24492969,0.00044627306,0.01572582,0.6852918861111812,1.06189775,188.25857367826274,17.7407196374963,44.627306,0.1197130411503265,False,coarse
expansion_4D,2.6,0.034983297,2.1062528,0.0004047436,-5.952346e-13,0.035796803,0.25868396,0.00043458893,0.014986244000000003,0.7000924223018178,1.0531264,179.40488446608336,17.594180047227507,43.458892999999996,0.1197130411503265,False,coarse
expansion_4D,2.6,0.035688091,2.0886152,0.00038669349,-8.3435281e-13,0.036326981,0.27305179,0.00042270161,0.014281450000000001,0.7141968944641697,1.0443076,170.96758115363303,17.44684772795369,42.270160999999995,0.1197130411503265,False,coarse
expansion_4D,2.6,0.036359739,2.0708191,0.00036898428,-5.836639e-13,0.036812697,0.28939186,0.00041011819,0.013609801999999997,0.7276380425427562,1.03540955,162.92707868737952,17.29819140923522,41.011818999999996,0.1197130411503265,False,coarse
expansion_4D,2.6,0.0369998,2.053481,0.00035178139,-5.6923979e-13,0.037285818,0.3053151,0.00039784802,0.012969741,0.7404470655433877,1.0267405,155.26471380420767,17.15336090594671,39.784802,0.1197130411503265,False,coarse
expansion_4D,2.6,0.03760976,2.0362142,0.00033483714,-8.8733241e-13,0.037753165,0.32138455,0.00038563107,0.012359781,0.7526537015819297,1.0181071,147.96269714620234,17.009125993575566,38.563106999999995,0.1197130411503265,False,coarse
expansion_4D,2.6,0.038191033,2.0187381,0.0003188156,-5.5913982e-13,0.038177561,0.34030192,0.00037306278,0.011778508,0.7642862478964936,1.00936905,141.004101289345,16.86314273367279,37.306278,0.1197130411503265,False,coarse
expansion_4D,2.6,0.038744969,2.0015351,0.00030311129,-5.4639357e-13,0.038595237,0.35892913,0.00036068015,0.011224572000000002,0.7753717209449652,1.00076755,134.37276497308028,16.71944076240303,36.068014999999995,0.1197130411503265,False,coarse
expansion_4D,2.6,0.039272854,1.9846031,0.000287713,-8.2522811e-13,0.039006417,0.37725778,0.00034850268,0.010696686999999996,0.7859358564050049,0.99230155,128.05329310031618,16.578002537817806,34.85026799999999,0.1197130411503265,False,coarse
expansion_4D,2.6,0.039775913,1.9674472,0.0002734445,-5.3755386e-13,0.039384583,0.39884312,0.00033633515,0.010193627999999996,0.7960031692106198,0.9837236,122.03102082351198,16.43469400739248,33.633514999999996,0.1197130411503265,False,coarse
expansion_4D,2.6,0.040255313,1.9502952,0.00025943306,-5.2614727e-13,0.039757384,0.42083982,0.00032418221,0.009714227999999998,0.805597013588738,0.9751476,116.29197763076536,16.291418054871468,32.418220999999996,0.1197130411503265,False,coarse
expansion_4D,2.6,0.040712168,1.933657,0.00024586528,-6.62982e-13,0.040119042,0.44217458,0.00031239716,0.009257373,0.8147396831201632,0.9668285,110.82282748929212,16.1524340324114,31.239716,0.1197130411503265,False,coarse
expansion_4D,2.6,0.041147537,1.9168171,0.00023316344,-5.2793263e-13,0.040462039,0.46633212,0.00030078524,0.008822004000000001,0.8234523707151923,0.95840855,105.6108927880345,16.011765147566567,30.078523999999998,0.1197130411503265,False,coarse
expansion_4D,2.6,0.04156243,1.8996377,0.00022087911,-5.0793696e-13,0.040798204,0.49251358,0.00028911142,0.008407111000000002,0.8317552886867622,0.94981885,100.64408250983628,15.868260314384463,28.911141999999998,0.1197130411503265,False,coarse
expansion_4D,2.6,0.041957812,1.8832469,0.00020916056,-4.979713e-13,0.041118933,0.51749318,0.0002779734,0.008011729000000002,0.8396677487992135,0.94162345,95.91084434622643,15.731342900521277,27.79734,0.1197130411503265,False,coarse
expansion_4D,2.6,0.042334599,1.8664469,0.00019771937,-6.6117129e-13,0.041437411,0.54469008,0.00026679644,0.007634941999999999,0.8472080822195265,0.93322345,91.40021258263558,15.591007312697524,26.679644,0.1197130411503265,False,coarse
expansion_4D,2.6,0.042693666,1.8494455,0.0001872545,-4.91321e-13,0.041738305,0.57555426,0.0002559595,0.007275875000000001,0.8543937996148494,0.92472275,87.10171232796318,15.448989368481648,25.59595,0.1197130411503265,False,coarse
expansion_4D,2.6,0.043035846,1.8328981,0.00017709729,-4.819609e-13,0.042031165,0.60559825,0.0002454099,0.006933694999999997,0.8612415711403073,0.91644905,83.00537148588126,15.310763826460532,24.54099,0.1197130411503265,False,coarse
expansion_4D,2.6,0.043361933,1.8164629,0.00016703775,-7.660563e-13,0.042322039,0.63543118,0.00023493564,0.006607608000000001,0.8677672864755752,0.90823145,79.10168484092266,15.17347552568667,23.493563999999996,0.1197130411503265,False,coarse
expansion_4D,2.6,0.043672685,1.7996187,0.00015818911,-4.7600824e-13,0.042593659,0.6716318,0.00022501793,0.0062968559999999965,0.8739861148614514,0.89980935,75.38157814456798,15.032770721613998,22.501792999999996,0.1197130411503265,False,coarse
expansion_4D,2.6,0.043968823,1.7827787,0.00014947088,-4.670483e-13,0.042863855,0.70812539,0.00021514215,0.006000718000000002,0.8799124850876656,0.89138935,71.83642008655052,14.892101001438286,21.514215,0.1197130411503265,False,coarse
expansion_4D,2.6,0.044251033,1.7665432,0.00014107131,-5.3504606e-13,0.043124345,0.74330651,0.00020562163,0.005718507999999997,0.8855601255172627,0.8832716,68.45799835224709,14.75648085643159,20.562162999999998,0.1197130411503265,False,coarse
expansion_4D,2.6,0.044519971,1.7498569,0.00013314427,-5.5048477e-13,0.043379467,0.78290762,0.00019630688,0.005449570000000001,0.8909421641475553,0.87492845,65.23845976615847,14.617095039818288,19.630688,0.1197130411503265,False,coarse
expansion_4D,2.6,0.044776261,1.7327873,0.0001258078,-4.5313091e-13,0.043627103,0.82710123,0.00018727295,0.0051932800000000015,0.8960710885857446,0.86639365,62.17033423451677,14.474507399942318,18.727294999999998,0.1197130411503265,False,coarse
expansion_4D,2.6,0.045020498,1.7162962,0.00011873288,-4.4483235e-13,0.043866356,0.86980004,0.00017854466,0.004949043,0.9009588060854912,0.8581481,59.24649883137353,14.336752149206587,17.854466,0.1197130411503265,False,coarse
expansion_4D,2.6,0.045253249,1.6998912,0.00011170868,-6.9653496e-13,0.044104333,0.91226744,0.00016986341,0.004716291999999997,0.905616663559107,0.8499456,56.460165827295526,14.199716118358454,16.986341,0.1197130411503265,False,coarse
expansion_4D,2.6,0.045475053,1.6828744,0.00010562825,-4.4016044e-13,0.044326697,0.96421478,0.00016181577,0.004494487999999998,0.9100554475775553,0.8414372,53.80488268936483,14.057569533187072,16.181577,0.1197130411503265,False,coarse
expansion_4D,2.6,0.045686426,1.665724,9.9643402e-05,-4.3187907e-13,0.044548777,1.0172513,0.000153785,0.004283114999999997,0.914285484431406,0.832862,51.27447222465803,13.91430694596014,15.378499999999999,0.1197130411503265,False,coarse
expansion_4D,2.6,0.045887859,1.6493802,9.3940018e-05,-4.2398717e-13,0.044760413,1.0677936,0.0001461319,0.004081681999999996,0.9183166001064529,0.8246901,48.86305652285464,13.777782137610506,14.61319,0.1197130411503265,False,coarse
expansion_4D,2.6,0.046079818,1.6324943,8.8326823e-05,-6.156267e-13,0.044971958,1.1223185,0.00013847505,0.0038897229999999977,0.9221581202837145,0.81624715,46.56505695623711,13.63672900056092,13.847505,0.1197130411503265,False,coarse
expansion_4D,2.6,0.046262749,1.6149983,8.3439826e-05,-4.1971516e-13,0.045167114,1.1867341,0.00013138972,0.0037067920000000004,0.9258189704003885,0.80749915,44.3751343231701,13.490579509813042,13.138971999999999,0.1197130411503265,False,coarse
expansion_4D,2.6,0.046437077,1.5977436,7.8642837e-05,-4.1164316e-13,0.045359612,1.25027,0.00012440176,0.003532463999999999,0.9293076556376614,0.7988718,42.28820081940468,13.346445672478369,12.440176,0.1197130411503265,False,coarse
expansion_4D,2.6,0.046603207,1.5811407,7.4028143e-05,-4.5303826e-13,0.04554483,1.3114033,0.00011767788,0.0033663339999999986,0.9326322809328987,0.79057035,40.2994080667743,13.207756521818908,11.767788,0.1197130411503265,False,coarse
expansion_4D,2.6,0.046761524,1.563809,6.9615597e-05,-5.4276133e-13,0.045722275,1.3796635,0.00011109071,0.0032080170000000005,0.9358005509796458,0.7819045,38.404147113194696,13.06297947970671,11.109071,0.1197130411503265,False,coarse
expansion_4D,2.6,0.046912395,1.5457383,6.569474e-05,-4.0010281e-13,0.045881114,1.4582187,0.00010493601,0.0030571459999999967,0.9388198102520093,0.77286915,36.59802449005556,12.912029342392028,10.493601,0.1197130411503265,False,coarse
expansion_4D,2.6,0.047056171,1.5280426,6.1869604e-05,-3.9202635e-13,0.046036687,1.5351519,9.8908881e-05,0.0029133699999999985,0.9416970830290396,0.7640213,34.87683826961265,12.764211695876984,9.8908881,0.1197130411503265,False,coarse
expansion_4D,2.6,0.047193185,1.5110259,5.8191651e-05,-4.2565619e-13,0.046186282,1.6091306,9.3113055e-05,0.0027763560000000007,0.9444390333703485,0.75551295,33.23660200759559,12.62206594603648,9.3113055,0.1197130411503265,False,coarse
expansion_4D,2.6,0.047323755,1.4931779,5.4646995e-05,-5.3842536e-13,0.046321988,1.6908495,8.7424992e-05,0.002645785999999997,0.9470520251526826,0.74658895,31.673508829295734,12.472976090591343,8.7424992,0.1197130411503265,False,coarse
expansion_4D,2.6,0.047448185,1.4743075,5.1552749e-05,-3.8112016e-13,0.046421947,1.7858001,8.2216168e-05,0.0025213560000000024,0.9495421420821135,0.73715375,30.183919458262288,12.315345812230076,8.2216168,0.1197130411503265,False,coarse
expansion_4D,2.6,0.047566763,1.4557066,4.8516996e-05,-3.7279656e-13,0.04652052,1.8794062,7.7081678e-05,0.0024027780000000012,0.9519151476696573,0.7278533,28.764386158909932,12.159966750590145,7.7081678,0.1197130411503265,False,coarse
expansion_4D,2.6,0.047679764,1.4379806,4.5624012e-05,-3.6486441e-13,0.046614456,1.9686101,7.2188659e-05,0.002289777,0.9541765452678462,0.7189903,27.41161682260711,12.011895998818488,7.2188659,0.1197130411503265,False,coarse
expansion_4D,2.6,0.047787451,1.4199842,4.2697528e-05,-5.9697241e-13,0.046708402,2.0592857,6.7236682e-05,0.0021820899999999976,0.9563315980829202,0.7099921,26.12246299637156,11.861566512347576,6.7236682,0.1197130411503265,False,coarse
expansion_4D,2.6,0.047890073,1.4000089,4.0303498e-05,-3.6284702e-13,0.046703607,2.1704812,6.2991434e-05,0.002079468000000001,0.9583852891504446,0.70000445,24.893943825478726,11.694706663094255,6.299143399999999,0.1197130411503265,False,coarse
expansion_4D,2.6,0.04798787,1.3798291,3.7904796e-05,-3.539686e-13,0.046698844,2.2828408,5.8702676e-05,0.0019816709999999974,0.9603424213962662,0.68991455,23.72318619694083,11.526138562191534,5.870267599999999,0.1197130411503265,False,coarse
expansion_4D,2.6,0.048081066,1.3605983,3.5618903e-05,-3.4550772e-13,0.046694305,2.3899162,5.4615615e-05,0.0018884750000000006,0.9622074775511746,0.68029915,22.60750853863629,11.365497751339092,5.461561499999999,0.1197130411503265,False,coarse
expansion_4D,2.6,0.04816988,1.3418754,3.3392766e-05,-4.1187044e-13,0.046689859,2.4941554,5.0636508e-05,0.001799661000000001,0.9639848402850048,0.6709377,21.544289134963783,11.20909958602568,5.0636508,0.1197130411503265,False,coarse
expansion_4D,2.6,0.048254517,1.3218319,3.1291855e-05,-4.7701104e-13,0.046612411,2.6053966,4.6860998e-05,0.0017150240000000025,0.9656786120969172,0.66091595,20.53107386857978,11.041670041112267,4.686099799999999,0.1197130411503265,False,coarse
expansion_4D,2.6,0.048335174,1.2999598,2.9469039e-05,-3.3605726e-13,0.046409422,2.7262624,4.3531228e-05,0.0016343669999999977,0.967292735388544,0.6499799,19.565504392573537,10.858965635728941,4.3531227999999995,0.1197130411503265,False,coarse
expansion_4D,2.6,0.048412037,1.2782558,2.7670442e-05,-3.2662316e-13,0.046208055,2.8462227,4.0226984e-05,0.0015575040000000012,0.9688309324274161,0.6391279,18.645354044379825,10.677665421554732,4.0226984,0.1197130411503265,False,coarse
expansion_4D,2.6,0.048485286,1.2575724,2.5956433e-05,-3.1763275e-13,0.046016159,2.9605413,3.7078137e-05,0.0014842549999999968,0.9702968054079184,0.6287862,17.768467989257744,10.504890594340816,3.7078137,0.1197130411503265,False,coarse
expansion_4D,2.6,0.048555089,1.2374443,2.4287482e-05,-3.6978239e-13,0.045829384,3.0717807,3.4013833e-05,0.0014144519999999966,0.9716937163781433,0.61872215,16.93283504811612,10.336754359503004,3.4013832999999996,0.1197130411503265,False,coarse
expansion_4D,2.6,0.04862161,1.2160208,2.2683095e-05,-4.6561162e-13,0.045538189,3.1804567,3.1089451e-05,0.0013479309999999967,0.9730249473374191,0.6080104,16.136491927080034,10.157797248446924,3.1089450999999997,0.1197130411503265,False,coarse
expansion_4D,2.6,0.048685003,1.1917418,2.1339889e-05,-3.0975857e-13,0.044957684,3.277317,2.8689849e-05,0.0012845380000000017,0.9742935801631638,0.5958709,15.377595045315829,9.954987264115207,2.8689848999999996,0.1197130411503265,False,coarse
expansion_4D,2.6,0.048745414,1.1672867,1.9997417e-05,-2.9923115e-13,0.044373072,3.374921,2.6272736e-05,0.0012241269999999985,0.9755025366352675,0.58364335,14.654396592422554,9.75070626210398,2.6272735999999997,0.1197130411503265,False,coarse
expansion_4D,2.6,0.048802984,1.1439816,1.8718081e-05,-2.8919882e-13,0.043815954,3.4679347,2.3969298e-05,0.0011665569999999986,0.9766546384726648,0.5719908,13.965208614520124,9.55603156521164,2.3969297999999997,0.1197130411503265,False,coarse
expansion_4D,2.6,0.048857846,1.1217726,1.7498911e-05,-2.796383e-13,0.043285036,3.556574,2.177419e-05,0.0011116949999999959,0.9777525472967623,0.5608863,13.308438928161172,9.37051293009392,2.177419,0.1197130411503265,False,coarse
expansion_4D,2.6,0.048910129,1.0995683,1.627752e-05,-3.7961454e-13,0.042754153,3.6451642,1.9579618e-05,0.0010594120000000026,0.9787988446802023,0.54978415,12.682543235115,9.185033555527557,1.9579617999999999,0.1197130411503265,False,coarse
expansion_4D,2.6,0.048959952,1.0746997,1.5182002e-05,-3.8571955e-13,0.041864984,3.6852038,1.7695848e-05,0.0010095889999999982,0.9797959120737171,0.53734985,12.086096950191676,8.97729846032793,1.7695847999999998,0.1197130411503265,False,coarse
expansion_4D,2.6,0.049007433,1.04725,1.4225954e-05,-2.7385632e-13,0.040613349,3.6751357,1.6143157e-05,0.0009621079999999962,0.9807461109158478,0.523625,11.517687459505787,8.748002639787117,1.6143157,0.1197130411503265,False,coarse
expansion_4D,2.6,0.04905268,1.0197138,1.3273735e-05,-2.6210097e-13,0.039357855,3.6650706,1.458548e-05,0.000916860999999998,0.9816516025232251,0.5098569,10.976021862212926,8.51798425803519,1.458548,0.1197130411503265,False,coarse
expansion_4D,2.6,0.049095799,0.99347257,1.2366298e-05,-2.5089846e-13,0.038161406,3.6554789,1.310106e-05,0.0008737419999999968,0.982514508188098,0.496736285,10.459831200076819,8.298783160578747,1.3101059999999998,0.1197130411503265,False,coarse
expansion_4D,2.6,0.049136891,0.96846547,1.1501538e-05,-2.4022281e-13,0.037021226,3.6463382,1.1686452e-05,0.0008326499999999973,0.9833368491417602,0.484232735,9.967906371381902,8.089891132110454,1.1686451999999998,0.1197130411503265,False,coarse
expansion_4D,2.6,0.04917605,0.94441384,1.0669341e-05,-2.4529058e-13,0.035924596,3.6375415,1.0325906e-05,0.0007934910000000003,0.984120506530168,0.47220692,9.499122073541375,7.88898043960037,1.0325906,0.1197130411503265,False,coarse
expansion_4D,2.6,0.049213367,0.9200276,9.8224305e-06,-3.51391e-13,0.034812625,3.6285877,8.9465251e-06,0.0007561739999999983,0.9848673014627051,0.4600138,9.052388917880677,7.685274646433045,0.8946525099999999,0.1197130411503265,False,coarse
expansion_4D,2.6,0.04924893,0.89111379,9.1180499e-06,-3.1093938e-13,0.033023683,3.4955542,7.9397864e-06,0.000720610999999996,0.9855789950121816,0.445556895,8.626653429637745,7.443748662946482,0.7939786399999998,0.1197130411503265,False,coarse
expansion_4D,2.6,0.04928282,0.86087444,8.4823387e-06,-2.2895658e-13,0.030995939,3.3156304,7.096355e-06,0.0006867210000000012,0.9862572081660705,0.43043722,8.22094593317935,7.1911500345144495,0.7096354999999999,0.1197130411503265,False,coarse
expansion_4D,2.6,0.049315116,0.83043723,7.8472749e-06,-2.1607565e-13,0.028954829,3.13451,6.2473085e-06,0.0006544250000000001,0.9869035218874634,0.415218615,7.834320695480243,6.936898620403439,0.62473085,0.1197130411503265,False,coarse
expansion_4D,2.6,0.049345893,0.80143147,7.2420778e-06,-2.038005e-13,0.027009712,2.9619075,5.4381922e-06,0.0006236479999999975,0.9875194370906869,0.400715735,7.465879868731851,6.694604550172805,0.54381922,0.1197130411503265,False,coarse
expansion_4D,2.6,0.049375223,0.77378983,6.6653428e-06,-1.9210264e-13,0.025156072,2.7974224,4.6671281e-06,0.0005943179999999965,0.988106394653495,0.386894915,7.1147615190379305,6.4637053955411075,0.4667128099999999,0.1197130411503265,False,coarse
expansion_4D,2.6,0.049403173,0.74744816,6.1157313e-06,-1.8095493e-13,0.023389607,2.640673,3.9323267e-06,0.0005663679999999977,0.9886657353926865,0.37372408,6.780163569022783,6.243665291748889,0.39323267,0.1197130411503265,False,coarse
expansion_4D,2.6,0.049429809,0.72225024,5.589818e-06,-1.7416726e-13,0.021699848,2.4907306,3.2294356e-06,0.0005397320000000011,0.9891987801128691,0.36112512,6.4612959126148155,6.0331792848955645,0.32294355999999996,0.1197130411503265,False,coarse
expansion_4D,2.6,0.049455193,0.69655928,5.0506996e-06,-2.3539329e-13,0.019977122,2.3378735,2.5128859e-06,0.0005143479999999978,0.9897067695698867,0.34827964,6.157416328958786,5.818574762671964,0.25128859,0.1197130411503265,False,coarse
expansion_4D,2.6,0.049479382,0.67109294,4.5723316e-06,-2.6995134e-13,0.018374936,2.1912122,1.9301097e-06,0.000490158999999997,0.9901908444586274,0.33554647,5.867842453720252,5.605846560670802,0.19301096999999998,0.1197130411503265,False,coarse
expansion_4D,2.6,0.049502434,0.64315989,4.248326e-06,-2.1426137e-13,0.016995337,2.0477489,1.7475631e-06,0.0004671070000000013,0.9906521654861709,0.321579945,5.591879951260571,5.372513168321978,0.17475630999999997,0.1197130411503265,False,coarse
expansion_4D,2.6,0.049524402,0.61620446,3.9362092e-06,-1.6869634e-13,0.015663961,1.9092961,1.5713933e-06,0.0004451389999999972,0.9910917932986417,0.30810223,5.328894342461484,5.147346137721265,0.15713933,0.1197130411503265,False,coarse
expansion_4D,2.6,0.049545336,0.58908217,3.6244737e-06,-1.5731606e-13,0.01432408,1.7699412,1.394082e-06,0.00042420499999999695,0.9915107285055911,0.294541085,5.078287062117388,4.920785274014345,0.13940819999999998,0.1197130411503265,False,coarse
expansion_4D,2.6,0.049565287,0.56323543,3.327399e-06,-1.4647099e-13,0.013047213,1.6371401,1.2251095e-06,0.0004042539999999997,0.9919099917287614,0.281617715,4.839447573718405,4.704879473346032,0.12251095,0.1197130411503265,False,coarse
expansion_4D,2.6,0.049584298,0.53860424,3.0442955e-06,-1.3613596e-13,0.011830397,1.5105845,1.0640837e-06,0.0003852430000000004,0.9922904434923667,0.26930212,4.611861111187527,4.499127537188382,0.10640837,0.1197130411503265,False,coarse
expansion_4D,2.6,0.049602416,0.51513145,2.7745062e-06,-1.2628698e-13,0.010670806,1.3899808,9.1063087e-07,0.0003671249999999959,0.9926530243693854,0.257565725,4.394965023231312,4.303052073943534,0.09106308699999999,0.1197130411503265,False,coarse
expansion_4D,2.6,0.049619682,0.49276257,2.5174049e-06,-1.1690119e-13,0.0095657508,1.275049,7.6439482e-07,0.000349859000000001,0.9929985548596494,0.246381285,4.18826848638122,4.116197911815025,0.07643948199999999,0.1197130411503265,False,coarse
expansion_4D,2.6,0.049636136,0.47144568,2.272395e-06,-1.079568e-13,0.0085126653,1.1655224,6.2503616e-07,0.0003334050000000019,0.9933278354507998,0.23572284,3.9912926484724824,3.9381313470100094,0.062503616,0.1197130411503265,False,coarse
expansion_4D,2.6,0.049651815,0.45113131,2.0389077e-06,-9.9433072e-14,0.0075091058,1.0611467,4.9223146e-07,0.00031772599999999734,0.9936416065939049,0.225565655,3.8035945712528316,3.7684391413422014,0.049223145999999995,0.1197130411503265,False,coarse
expansion_4D,2.6,0.049666758,0.4303753,1.7987329e-06,-1.2270616e-13,0.006483972,0.95454358,3.5658677e-07,0.0003027830000000009,0.9939406487644142,0.21518765,3.6247073738619418,3.5950577803763886,0.03565867699999999,0.1197130411503265,False,coarse
expansion_4D,2.6,0.049680998,0.41056151,1.5694243e-06,-1.4564715e-13,0.0055053796,0.85278063,2.2710074e-07,0.0002885430000000022,0.9942256223646321,0.205280755,3.454236003263892,3.4295470740272,0.022710073999999997,0.1197130411503265,False,coarse
expansion_4D,2.6,0.049694568,0.39183036,1.3734429e-06,-1.5984428e-13,0.0046835728,0.7653577,1.2386657e-07,0.0002749729999999978,0.9944971877968621,0.19591518,3.291785406422846,3.273079993916196,0.012386657,0.1197130411503265,False,coarse
expansion_4D,2.6,0.0497075,0.37465676,1.2878257e-06,-1.3898201e-13,0.0043973952,0.7249146,1.1595288e-07,0.0002620409999999976,0.9947559854512172,0.18732838,3.1369725016072416,3.129623609925126,0.011595287999999999,0.1197130411503265,False,coarse
expansion_4D,2.6,0.049719823,0.35829083,1.206235e-06,-1.1910088e-13,0.0041246763,0.68637353,1.0841138e-07,0.000249717999999996,0.9950025956812372,0.179145415,2.989450120997675,2.992913942851771,0.010841138,0.1197130411503265,False,coarse
expansion_4D,2.6,0.049731567,0.34269457,1.1284815e-06,-1.0015475e-13,0.0038647833,0.64964501,1.0122454e-07,0.0002379740000000019,0.9952376188526526,0.171347285,2.8488591254708022,2.8626335669617675,0.010122453999999998,0.1197130411503265,False,coarse
expansion_4D,2.6,0.049742759,0.32685417,1.0501909e-06,-9.2955352e-14,0.0036007537,0.61232807,9.3923215e-08,0.00022678200000000176,0.9954615952946215,0.163427085,2.714876289815355,2.730313814261568,0.009392321499999998,0.1197130411503265,False,coarse
expansion_4D,2.6,0.049753425,0.31170851,9.7536668e-07,-8.6652262e-14,0.0033483008,0.57664714,8.694202e-08,0.0002161160000000023,0.9956750453241104,0.155854255,2.5871903601244237,2.6037974393164087,0.008694202,0.1197130411503265,False,coarse
expansion_4D,2.6,0.049763588,0.29727514,9.0406145e-07,-8.0645601e-14,0.0031077207,0.54264427,8.0289147e-08,0.00020595300000000177,0.9958784292215132,0.14863757,2.4655259964033402,2.4832310426957123,0.008028914699999999,0.1197130411503265,False,coarse
expansion_4D,2.6,0.049773274,0.28352056,8.3610966e-07,-7.4921431e-14,0.0028784548,0.51024054,7.3949155e-08,0.00019626699999999997,0.9960722673037962,0.14176028,2.3495719447451124,2.3683347885547117,0.0073949155,0.1197130411503265,False,coarse
expansion_4D,2.6,0.049782505,0.27041285,7.713536e-07,-6.9466465e-14,0.0026599712,0.47936073,6.7907329e-08,0.00018703600000000153,0.9962569998391619,0.135206425,2.239064836459265,2.258842039276541,0.0067907329,0.1197130411503265,False,coarse
expansion_4D,2.6,0.049791301,0.25792159,7.0964299e-07,-6.4268042e-14,0.0024517628,0.44993318,6.2149646e-08,0.00017823999999999618,0.9964330270714314,0.128960795,2.1337652454633735,2.1544986872075342,0.006214964599999999,0.1197130411503265,False,coarse
expansion_4D,2.6,0.049799683,0.24601778,6.5083458e-07,-5.9314099e-14,0.0022533463,0.42188959,5.6662744e-08,0.0001698580000000019,0.9966007692566157,0.12300889,2.0334217743712384,2.0550624863925195,0.0056662744,0.1197130411503265,False,coarse
expansion_4D,2.6,0.049807672,0.2346738,5.947919e-07,-5.4593136e-14,0.0020642612,0.39516488,5.1433887e-08,0.00016186900000000198,0.9967606466507266,0.1173369,1.9377830257962434,1.9603027184424673,0.0051433887,0.1197130411503265,False,coarse
expansion_4D,2.6,0.049815284,0.22386333,5.4138488e-07,-5.0094198e-14,0.0018840687,0.36969701,4.6450941e-08,0.00015425699999999792,0.9969129794488206,0.111931665,1.8466574588725664,1.869999524269787,0.004645094099999999,0.1197130411503265,False,coarse
expansion_4D,2.6,0.049822539,0.21356126,4.9048955e-07,-4.5806842e-14,0.0017123505,0.34542688,4.1702339e-08,0.00014700200000000024,0.9970581678947181,0.10678063,1.7598056475180321,1.7839431522905351,0.0041702339,0.1197130411503265,False,coarse
expansion_4D,2.6,0.049829452,0.2037437,4.419878e-07,-4.1721118e-14,0.0015487081,0.32229816,3.7177062e-08,0.00014008899999999602,0.9971965121712846,0.10187185,1.6770480221707609,1.7019340419575026,0.0037177062,0.1197130411503265,False,coarse
expansion_4D,2.6,0.049836041,0.19438785,3.9576707e-07,-3.7827543e-14,0.0013927617,0.30025718,3.2864605e-08,0.00013350000000000167,0.9973283724979582,0.097193925,1.5981690993568785,1.6237817378300714,0.0032864605,0.1197130411503265,False,coarse
expansion_4D,2.6,0.049842319,0.185472,3.5172006e-07,-3.411708e-14,0.0012441494,0.27925276,2.8754961e-08,0.00012722199999999628,0.9974540090332229,0.092736,1.5230132521226392,1.5493048895742145,0.0028754960999999996,0.1197130411503265,False,coarse
expansion_4D,2.6,0.049848302,0.17681135,3.0884223e-07,-3.2420764e-14,0.0010998017,0.2588517,2.4763265e-08,0.00012123900000000215,0.9975737419721346,0.088405675,1.451388939602469,1.476959805723871,0.0024763265,0.1197130411503265,False,coarse
expansion_4D,2.6,0.049854004,0.16811461,2.6554281e-07,-3.5774942e-14,0.00095488087,0.23837126,2.0755762e-08,0.00011553699999999889,0.9976878514853679,0.084057305,1.3831285635385138,1.4043132509589704,0.0020755762,0.1197130411503265,False,coarse
expansion_4D,2.6,0.049859438,0.15982688,2.2427974e-07,-3.8971375e-14,0.0008167756,0.21885399,1.6936729e-08,0.00011010300000000028,0.997796597731406,0.07991344,1.3180764969774432,1.3350832830259622,0.0016936728999999999,0.1197130411503265,False,coarse
expansion_4D,2.6,0.049864616,0.15192891,1.8495725e-07,-4.2017482e-14,0.00068516533,0.20025461,1.3297304e-08,0.00010492499999999877,0.9979002208565414,0.075964455,1.2560890842697858,1.269109100730465,0.0013297303999999998,0.1197130411503265,False,coarse
expansion_4D,2.6,0.04986955,0.14440238,1.4748407e-07,-4.4920332e-14,0.00055974462,0.18252995,9.829038e-09,9.999100000000066e-05,0.9979989610070663,0.07220119,1.1970226697662374,1.2062376714552805,0.0009829037999999999,0.1197130411503265,False,coarse
expansion_4D,2.6,0.049874253,0.13722981,1.1177323e-07,-4.7686663e-14,0.00044022237,0.16563887,6.523883e-09,9.528799999999893e-05,0.9980930783414641,0.068614905,1.140721626513218,1.1463229793626017,0.0006523882999999999,0.1197130411503265,False,coarse
expansion_4D,2.6,0.049878734,0.13039457,7.7741857e-08,-5.0322895e-14,0.00032632118,0.14954216,3.3741673e-09,9.08069999999983e-05,0.9981827529694539,0.065197285,1.0870782127737495,1.0892261089271005,0.00033741673,0.1197130411503265,False,coarse
expansion_4D,2.6,0.049883005,0.12509731,5.6085577e-08,-5.1092953e-14,0.00025330354,0.13836892,1.4016555e-09,8.653599999999817e-05,0.9982682250373283,0.062548655,1.0359487728984433,1.044976460358336,0.00014016554999999998,0.1197130411503265,True,coarse
expansion_4D,2.6,0.049887075,0.12223338,5.4793164e-08,-4.8698758e-14,0.00024750683,0.13520181,1.3695702e-09,8.246599999999632e-05,0.9983496746548063,0.06111669,0.9872255651502383,1.021053168689522,0.00013695701999999997,0.1197130411503265,True,coarse
expansion_4D,2.6,0.049890953,0.11950414,5.3561533e-08,-4.6417161e-14,0.00024198274,0.13218365,1.3389938e-09,7.858799999999749e-05,0.9984272819316071,0.05975207,0.9408008477921557,0.9982549841828496,0.00013389937999999999,0.1197130411503265,True,coarse
expansion_4D,2.6,0.049894649,0.11690325,5.2387825e-08,-4.4242867e-14,0.00023671845,0.12930743,1.3098554e-09,7.489200000000001e-05,0.9985012469896412,0.058451625,0.8965549077830254,0.9765289468605332,0.00013098554,0.1197130411503265,True,coarse
expansion_4D,2.6,0.049898171,0.11442468,5.1269316e-08,-4.2170828e-14,0.00023170173,0.12656647,1.2820874e-09,7.137000000000115e-05,0.9985717299264366,0.05721234,0.8543919746898939,0.9558246862705144,0.00012820874,0.1197130411503265,True,coarse
expansion_4D,2.6,0.049901528,0.11206268,5.0203409e-08,-4.0196236e-14,0.00022692095,0.12395443,1.2556253e-09,6.801299999999871e-05,0.9986389108517126,0.05603134,0.8142043067757001,0.9360941708871988,0.00012556253,0.1197130411503265,True,coarse
expansion_4D,2.6,0.049904726,0.10981176,4.9187631e-08,-3.8314507e-14,0.000222365,0.12146522,1.2304077e-09,6.481499999999585e-05,0.9987029098386155,0.05490588,0.7759200762157914,0.9172915410452799,0.00012304077,0.1197130411503265,True,coarse
expansion_4D,2.6,0.049907774,0.1076667,4.8219625e-08,-3.6521276e-14,0.00021802332,0.11909308,1.206376e-09,6.17669999999973e-05,0.9987639069968645,0.05383335,0.7394315412731892,0.8993731924728267,0.0001206376,0.1197130411503265,True,coarse
expansion_4D,2.6,0.049910679,0.10562252,4.7297144e-08,-3.4812379e-14,0.00021388582,0.11683251,1.1834746e-09,5.88619999999998e-05,0.9988220424117964,0.05281126,0.7046549028190494,0.8822975256920197,0.00011834746,0.1197130411503265,True,coarse
expansion_4D,2.6,0.049913448,0.10367448,4.6418046e-08,-3.318385e-14,0.00020994291,0.11467824,1.1616502e-09,5.6093000000000115e-05,0.9988774561687489,0.05183724,0.6715063617245277,0.8660249460191518,0.00011616502,0.1197130411503265,True,coarse
expansion_4D,2.6,0.049916086,0.10181806,4.5580292e-08,-3.163191e-14,0.00020618543,0.11262529,1.1408522e-09,5.345500000000086e-05,0.9989302483286768,0.05090903,0.6399260614690805,0.8505176964984513,0.00011408521999999998,0.1197130411503265,True,coarse
expansion_4D,2.6,0.0499186,0.098345857,4.4028862e-08,-3.0145895e-14,0.0001991558,0.10878427,1.1019453e-09,5.094099999999879e-05,0.9989805589769176,0.0491729285,0.6098302029238637,0.8215133126265232,0.00011019452999999999,0.1197130411503265,True,coarse
expansion_4D,2.6,0.049920995,0.094912197,4.249523e-08,-2.8729249e-14,0.00019220412,0.10498583,1.06347e-09,4.8545999999996536e-05,0.9990284881744261,0.0474560985,0.5811589295683335,0.7928308903356361,0.00010634699999999999,0.1197130411503265,True,coarse
expansion_4D,2.6,0.049923278,0.091640019,4.1033723e-08,-2.7379227e-14,0.00018557938,0.10136602,1.0268041e-09,4.626299999999778e-05,0.9990741760065397,0.0458200095,0.5538284422737288,0.7654973770562346,0.00010268041,0.1197130411503265,True,coarse
expansion_4D,2.6,0.049925454,0.08852173,3.964095e-08,-2.6092695e-14,0.00017926619,0.097916459,9.9186268e-10,4.408699999999821e-05,0.9991177225342134,0.044260865,0.527778884519423,0.7394493461146073,9.9186268e-05,0.1197130411503265,True,coarse
expansion_4D,2.6,0.049927528,0.085550092,3.8313678e-08,-2.4866669e-14,0.00017324991,0.094629125,9.5856449e-10,4.201300000000047e-05,0.9991592278184024,0.042775046,0.5029503997848722,0.7146263362616669,9.585644899999999e-05,0.1197130411503265,True,coarse
expansion_4D,2.6,0.049929503,0.082718209,3.7048827e-08,-2.3698301e-14,0.00016751657,0.091496393,9.268323e-10,4.0037999999999185e-05,0.9991987518956799,0.0413591045,0.47930707415766743,0.6909707430799356,9.268323e-05,0.1197130411503265,True,coarse
expansion_4D,2.6,0.049931386,0.080019507,3.5843461e-08,-2.2584882e-14,0.00016205287,0.088510991,8.9659245e-10,3.815499999999805e-05,0.9992364348513828,0.0400097535,0.45676510850904734,0.6684276519173681,8.965924499999999e-05,0.1197130411503265,True,coarse
expansion_4D,2.6,0.049933181,0.077447724,3.4694783e-08,-2.1523826e-14,0.00015684612,0.08566599,8.6777477e-10,3.635999999999917e-05,0.9992723567342754,0.038723862,0.43527661762257713,0.646944754354265,8.677747699999999e-05,0.1197130411503265,True,coarse
expansion_4D,2.6,0.049934891,0.07499689,3.3600127e-08,-2.051267e-14,0.00015188424,0.082954789,8.4031236e-10,3.464999999999718e-05,0.9993065775809308,0.037498445,0.41480568758584757,0.6264721811370962,8.4031236e-05,0.1197130411503265,True,coarse
expansion_4D,2.6,0.04993652,0.072661317,3.2556951e-08,-1.9549069e-14,0.00014715572,0.080371093,8.141415e-10,3.302100000000113e-05,0.9993391774401129,0.0363306585,0.3953044331825067,0.6069624186454128,8.141415e-05,0.1197130411503265,True,coarse
expansion_4D,2.6,0.049938073,0.070435586,3.1562836e-08,-1.8630785e-14,0.00014264958,0.077908908,7.8920143e-10,3.1467999999999774e-05,0.9993702563727772,0.035217793,0.3767129978918447,0.5883702002988327,7.8920143e-05,0.1197130411503265,True,coarse
expansion_4D,2.6,0.049939553,0.068314529,3.0615473e-08,-1.7755688e-14,0.00013835535,0.075562517,7.6543428e-10,2.9988000000001624e-05,0.9993998744154964,0.0341572645,0.3589954678016185,0.5706523561974826,7.654342799999999e-05,0.1197130411503265,True,coarse
expansion_4D,2.6,0.049940964,0.066293224,2.9712664e-08,-1.6921746e-14,0.00013426309,0.073326476,7.4278489e-10,2.857700000000185e-05,0.9994281116170348,0.033146612,0.34210395769531016,0.5537677713554535,7.4278489e-05,0.1197130411503265,True,coarse
expansion_4D,2.6,0.049942308,0.064366979,2.8852314e-08,-1.6127024e-14,0.00013036328,0.071195595,7.2120068e-10,2.7233000000001506e-05,0.9994550080017744,0.0321834895,0.3260145249647022,0.5376772520478605,7.2120068e-05,0.1197130411503265,True,coarse
expansion_4D,2.6,0.049943588,0.062531325,2.8032425e-08,-1.5369677e-14,0.00012664687,0.069164927,7.0063157e-10,2.595300000000217e-05,0.9994806236062884,0.0312656625,0.31069125569746825,0.5223434673376808,7.006315699999999e-05,0.1197130411503265,True,coarse
expansion_4D,2.6,0.049944809,0.060782001,2.7251095e-08,-1.4647947e-14,0.00012310525,0.067229761,6.8102981e-10,2.4731999999999532e-05,0.9995050584915319,0.0303910005,0.29607429337298186,0.5077308237761216,6.810298099999999e-05,0.1197130411503265,True,coarse
expansion_4D,2.6,0.049945972,0.059114946,2.6506511e-08,-1.396016e-14,0.00011973018,0.065385604,6.6234991e-10,2.356900000000106e-05,0.9995283326696957,0.029557473,0.2821516666872172,0.49380539857614986,6.6234991e-05,0.1197130411503265,True,coarse
expansion_4D,2.6,0.049947081,0.057526292,2.5796944e-08,-1.330472e-14,0.00011651384,0.063628177,6.4454851e-10,2.2460000000001923e-05,0.9995505261895441,0.028763146,0.26887549042365627,0.4805348811393311,6.445485099999999e-05,0.1197130411503265,True,coarse
expansion_4D,2.6,0.049948137,0.056012351,2.5120748e-08,-1.2680104e-14,0.00011344877,0.061953401,6.2758431e-10,2.1404000000002643e-05,0.9995716590632681,0.0280061755,0.25623379327819046,0.4678884644628146,6.2758431e-05,0.1197130411503265,True,coarse
expansion_4D,2.6,0.049949144,0.05456961,2.4476353e-08,-1.2084864e-14,0.00011052784,0.060357388,6.1141792e-10,2.039699999999839e-05,0.9995918113396319,0.027284805,0.24417869003430165,0.4558368033727892,6.1141792e-05,0.1197130411503265,True,coarse
expansion_4D,2.6,0.049950103,0.053194721,2.3862263e-08,-1.1517617e-14,0.00010774429,0.058836436,5.9601182e-10,1.9437999999996625e-05,0.9996110030308264,0.0265973605,0.23269820938796423,0.44435193099139575,5.9601182e-05,0.1197130411503265,True,coarse
expansion_4D,2.6,0.049951017,0.051884491,2.3277053e-08,-1.0977048e-14,0.00010509164,0.057387012,5.8133027e-10,1.852399999999893e-05,0.9996292941734246,0.0259422455,0.22175643742685197,0.433407175203639,5.8133026999999994e-05,0.1197130411503265,True,coarse
expansion_4D,2.6,0.049951888,0.050635881,2.2719366e-08,-1.0461901e-14,0.00010256374,0.056005754,5.6733918e-10,1.765299999999942e-05,0.9996467247918087,0.0253179405,0.2113294315426644,0.4229771503040786,5.673391799999999e-05,0.1197130411503265,True,coarse
expansion_4D,2.6,0.049952718,0.049445993,2.2187906e-08,-9.9709819e-15,0.00010015473,0.054689456,5.5400608e-10,1.6822999999999144e-05,0.9996633349103607,0.0247229965,0.20139324912718398,0.41303764840381507,5.5400608e-05,0.1197130411503265,True,coarse
expansion_4D,2.6,0.04995351,0.048312064,2.1681441e-08,-9.5031499e-15,9.7859019e-05,0.053435062,5.4130003e-10,1.6030999999999684e-05,0.9996791845656537,0.024156032,0.1919119762680846,0.40356558931063663,5.4130003e-05,0.1197130411503265,True,coarse
expansion_4D,2.6,0.049954264,0.047231463,2.1198794e-08,-9.0573199e-15,9.567127e-05,0.052239663,5.2919154e-10,1.527700000000104e-05,0.9996942737576877,0.0236157315,0.1828856129653662,0.39453899546909293,5.2919154e-05,0.1197130411503265,True,coarse
expansion_4D,2.6,0.049954982,0.046201682,2.0738846e-08,-8.6324569e-15,9.358641e-05,0.051100481,5.176525e-10,1.4558999999997324e-05,0.9997086425108448,0.023100841,0.1742902166107283,0.3859369167807161,5.176525e-05,0.1197130411503265,True,coarse
expansion_4D,2.6,0.049955667,0.045220331,2.0300529e-08,-8.2275751e-15,9.1599599e-05,0.050014875,5.0665614e-10,1.3873999999997055e-05,0.999722350861698,0.0226101655,0.16608987329192773,0.3777393888374765,5.066561399999999e-05,0.1197130411503265,True,coarse
expansion_4D,2.6,0.049956319,0.044285132,1.9882826e-08,-7.8417346e-15,8.9706227e-05,0.048980325,4.9617693e-10,1.3222000000000234e-05,0.9997353988102472,0.022142566,0.15828458300896447,0.36992738280192977,4.9617693e-05,0.1197130411503265,True,coarse
expansion_4D,2.6,0.049956941,0.043393916,1.9484767e-08,-7.4740399e-15,8.7901898e-05,0.047994428,4.8619055e-10,1.2600000000001499e-05,0.9997478463930657,0.021696958,0.1508384318494293,0.3624827803472909,4.8619055e-05,0.1197130411503265,True,coarse
expansion_4D,2.6,0.049957534,0.042544612,1.9105429e-08,-7.1236377e-15,8.6182427e-05,0.047054898,4.7667382e-10,1.2007000000001378e-05,0.9997597136223444,0.021272306,0.1437394485092135,0.3553882817710372,4.7667382e-05,0.1197130411503265,True,coarse
expansion_4D,2.6,0.049958098,0.041735251,1.874393e-08,-6.7897147e-15,8.4543821e-05,0.046159553,4.6760466e-10,1.144299999999987e-05,0.9997710004980834,0.0208676255,0.13698763298831704,0.34862743940814317,4.6760465999999994e-05,0.1197130411503265,True,coarse
expansion_4D,2.6,0.049958637,0.040963954,1.8399433e-08,-6.4714959e-15,8.2982277e-05,0.045306316,4.5896202e-10,1.0903999999999081e-05,0.9997817870690467,0.020481977,0.130535100070305,0.34218455739137554,4.5896201999999995e-05,0.1197130411503265,True,coarse
expansion_4D,2.6,0.049959149,0.04022893,1.8071137e-08,-6.1682427e-15,8.1494173e-05,0.044493206,4.5072584e-10,1.0391999999997958e-05,0.9997920333108523,0.020114465,0.12440579236339484,0.33604467494467527,4.5072583999999996e-05,0.1197130411503265,True,coarse
expansion_4D,2.6,0.049959638,0.039528474,1.7758281e-08,-5.8792514e-15,8.0076053e-05,0.043718336,4.42877e-10,9.902999999998607e-06,0.9998018192722643,0.019764237,0.11855182465115163,0.33019354967653997,4.42877e-05,0.1197130411503265,True,coarse
expansion_4D,2.6,0.049960104,0.038860961,1.7460138e-08,-5.6038512e-15,7.8724626e-05,0.042979908,4.3539728e-10,9.437000000001028e-06,0.9998111449532826,0.0194304805,0.1129731969335754,0.32461760746017115,4.3539727999999996e-05,0.1197130411503265,True,coarse
expansion_4D,2.6,0.049960548,0.038224839,1.7176017e-08,-5.3414028e-15,7.7436756e-05,0.042276208,4.2826934e-10,8.992999999998808e-06,0.9998200303660985,0.0191124195,0.10765793790647434,0.31930388396031273,4.2826934e-05,0.1197130411503265,True,coarse
expansion_4D,2.6,0.049960971,0.037618635,1.6905258e-08,-5.0912973e-15,7.6209454e-05,0.041605602,4.2147661e-10,8.569999999999411e-06,0.9998284955229026,0.0188093175,0.10259407626582276,0.3142400747531039,4.2147660999999996e-05,0.1197130411503265,True,coarse
expansion_4D,2.6,0.049961374,0.037040939,1.6647232e-08,-4.852954e-15,7.5039871e-05,0.040966535,4.1500334e-10,8.166999999996427e-06,0.9998365604358864,0.0185204695,0.09776964070742887,0.30941440167313783,4.1500334e-05,0.1197130411503265,True,coarse
expansion_4D,2.6,0.049961758,0.036490413,1.6401341e-08,-4.62582e-15,7.3925293e-05,0.040357522,4.0883451e-10,7.78299999999732e-06,0.9998442451172406,0.0182452065,0.09317265992726702,0.3048156879932415,4.0883450999999995e-05,0.1197130411503265,True,coarse
expansion_4D,2.6,0.049962124,0.035965777,1.6167015e-08,-4.4093679e-15,7.2863133e-05,0.039777151,4.0295579e-10,7.417000000002616e-06,0.9998515695791562,0.0179828885,0.08879116262122848,0.3004332414781521,4.0295579e-05,0.1197130411503265,True,coarse
expansion_4D,2.6,0.049962473,0.035465815,1.5943708e-08,-4.2030954e-15,7.1850925e-05,0.039224075,3.9735355e-10,7.067999999998964e-06,0.9998585538338245,0.0177329075,0.08461317748503835,0.29625690450437003,3.9735354999999996e-05,0.1197130411503265,True,coarse
expansion_4D,2.6,0.049962805,0.034989365,1.5730904e-08,-4.0065237e-15,7.0886322e-05,0.038697009,3.9201478e-10,6.736000000000242e-06,0.9998651978812453,0.0174946825,0.08063870451886282,0.2922769705270709,3.9201478e-05,0.1197130411503265,True,coarse
expansion_4D,2.6,0.049963122,0.034535323,1.5528107e-08,-3.8191968e-15,6.9967082e-05,0.038194731,3.8692708e-10,6.419000000000563e-06,0.9998715417458007,0.0172676615,0.07684380111440131,0.2884842174933404,3.8692708e-05,0.1197130411503265,True,coarse
expansion_4D,2.6,0.049963424,0.034102634,1.5334848e-08,-3.6406797e-15,6.9091074e-05,0.037716074,3.8207866e-10,6.116999999999928e-06,0.9998775854274907,0.017051317,0.07322846727165386,0.2848698326623957,3.8207866e-05,0.1197130411503265,True,coarse
expansion_4D,2.6,0.049963712,0.033690294,1.5150678e-08,-3.4705581e-15,6.8256265e-05,0.037259929,3.7745825e-10,5.828999999998863e-06,0.9998833489385064,0.016845147,0.0697807316865117,0.28142542931220255,3.7745825e-05,0.1197130411503265,True,coarse
expansion_4D,2.6,0.049963986,0.033297347,1.4975169e-08,-3.3084373e-15,6.7460716e-05,0.036825236,3.7305514e-10,5.554999999997368e-06,0.9998888322788477,0.0166486735,0.06650059435897485,0.27814302167954896,3.7305513999999995e-05,0.1197130411503265,True,coarse
expansion_4D,2.6,0.049964247,0.032922879,1.4807915e-08,-3.1539409e-15,6.6702581e-05,0.036410986,3.6885911e-10,5.293999999995969e-06,0.9998940554607056,0.0164614395,0.06337608398493458,0.27501497484019277,3.6885911e-05,0.1197130411503265,True,coarse
expansion_4D,2.6,0.049964496,0.032566022,1.4648526e-08,-3.0067104e-15,6.5980101e-05,0.036016219,3.6486041e-10,5.045000000002131e-06,0.9998990384962712,0.016283011,0.06039522926036523,0.2720340381220963,3.6486040999999995e-05,0.1197130411503265,True,coarse
expansion_4D,2.6,0.049964733,0.032225949,1.4496633e-08,-2.8664041e-15,6.5291598e-05,0.035640016,3.6104977e-10,4.808000000001977e-06,0.9999037813855444,0.0161129745,0.057558030185100646,0.2691933033388828,3.6104977e-05,0.1197130411503265,True,coarse
expansion_4D,2.6,0.049964959,0.031901868,1.4351884e-08,-2.7326963e-15,6.4635476e-05,0.035281507,3.5741834e-10,4.581999999996034e-06,0.9999083041407165,0.015950934,0.05485251545503212,0.26648615466998343,3.5741834e-05,0.1197130411503265,True,coarse
expansion_4D,2.6,0.049965175,0.031593029,1.4213942e-08,-2.6052767e-15,6.401021e-05,0.034939858,3.539577e-10,4.365999999998704e-06,0.9999126267739782,0.0157965145,0.05226671376621703,0.26390632713379897,3.5395769999999995e-05,0.1197130411503265,True,coarse
expansion_4D,2.6,0.04996538,0.031298715,1.4082487e-08,-2.4838495e-15,6.3414351e-05,0.034614276,3.5065981e-10,4.161000000002524e-06,0.9999167292731386,0.0156493575,0.04981259642268106,0.2614478314079204,3.5065980999999994e-05,0.1197130411503265,True,coarse
expansion_4D,2.6,0.049965576,0.031018241,1.3957215e-08,-2.368133e-15,6.2846514e-05,0.034304007,3.4751701e-10,3.965000000001606e-06,0.9999206516625798,0.0155091205,0.04746622081612368,0.25910494547582047,3.4751701e-05,0.1197130411503265,True,coarse
expansion_4D,2.6,0.049965762,0.030750959,1.3837834e-08,-2.2578586e-15,6.2305382e-05,0.034008329,3.4452202e-10,3.779000000002364e-06,0.9999243739301107,0.0153754795,0.04523955825073668,0.2568722563933974,3.4452202e-05,0.1197130411503265,True,coarse
expansion_4D,2.6,0.04996594,0.030496246,1.3724068e-08,-2.1527703e-15,6.1789699e-05,0.033726557,3.4166788e-10,3.6009999999989106e-06,0.9999279361001134,0.015248123,0.04310866611821953,0.2547445600492694,3.416678799999999e-05,0.1197130411503265,True,coarse
expansion_4D,2.6,0.04996611,0.030253513,1.3615651e-08,-2.0526243e-15,6.1298269e-05,0.033458036,3.3894797e-10,3.4309999999981855e-06,0.9999313381725881,0.0151267565,0.041073544418655294,0.2527169363445537,3.3894797e-05,0.1197130411503265,True,coarse
expansion_4D,2.6,0.049966271,0.030022195,1.3512334e-08,-1.9571881e-15,6.0829951e-05,0.033202144,3.3635598e-10,3.269999999999662e-06,0.9999345601353432,0.0150110975,0.03914616445615272,0.2507846656597791,3.3635597999999995e-05,0.1197130411503265,True,coarse
expansion_4D,2.6,0.049966425,0.029801756,1.3413876e-08,-1.8662401e-15,6.0383657e-05,0.032958286,3.3388589e-10,3.115999999997454e-06,0.9999376420127614,0.014900878,0.037302583622411255,0.24894327062142904,3.3388589e-05,0.1197130411503265,True,coarse
expansion_4D,2.6,0.049966571,0.029591684,1.3320048e-08,-1.7795695e-15,5.9958352e-05,0.032725897,3.3153196e-10,2.9699999999979743e-06,0.9999405637926513,0.014795842,0.03555477322162272,0.24718847433539862,3.3153195999999995e-05,0.1197130411503265,True,coarse
expansion_4D,2.6,0.049966711,0.029391491,1.3230633e-08,-1.6969748e-15,5.9553048e-05,0.032504436,3.2928874e-10,2.830000000002275e-06,0.9999433654993949,0.0146957455,0.03387879064556963,0.24551620038699384,3.2928874e-05,0.1197130411503265,True,coarse
expansion_4D,2.6,0.049966844,0.029200713,1.3145422e-08,-1.6182646e-15,5.9166807e-05,0.032293391,3.2715101e-10,2.6969999999959526e-06,0.9999460271208015,0.0146003565,0.0322866071981946,0.24392257284093197,3.2715101e-05,0.1197130411503265,True,coarse
expansion_4D,2.6,0.049966971,0.029018908,1.306422e-08,-1.543256e-15,5.8798729e-05,0.032092272,3.2511382e-10,2.5700000000003498e-06,0.9999485686690618,0.014509454,0.03076625157563809,0.2424038995347238,3.251138199999999e-05,0.1197130411503265,True,coarse
expansion_4D,2.6,0.049967092,0.028845653,1.2986836e-08,-1.4717751e-15,5.8447963e-05,0.03190061,3.2317244e-10,2.449000000001589e-06,0.999950990144176,0.0144228265,0.029317723777733975,0.24095664701874736,3.2317243999999996e-05,0.1197130411503265,True,coarse
expansion_4D,2.6,0.049967207,0.028680546,1.2913091e-08,-1.4036558e-15,5.8113692e-05,0.031717963,3.2132236e-10,2.3339999999996697e-06,0.9999532915461441,0.014340273,0.027941023804482247,0.23957745726286547,3.2132235999999996e-05,0.1197130411503265,True,coarse
expansion_4D,2.6,0.049967317,0.028523204,1.2842815e-08,-1.3387402e-15,5.7795142e-05,0.031543905,3.1955929e-10,2.2240000000020577e-06,0.9999554928871569,0.014261602,0.026624180351857242,0.23826313094980803,3.1955929e-05,0.1197130411503265,True,coarse
expansion_4D,2.6,0.049967421,0.028373261,1.2775844e-08,-1.2768775e-15,5.7491574e-05,0.031378033,3.1787913e-10,2.1200000000012875e-06,0.9999575741550237,0.0141866305,0.025379164723884625,0.23701061076855467,3.1787912999999997e-05,0.1197130411503265,True,coarse
expansion_4D,2.6,0.049967521,0.02823037,1.2712022e-08,-1.2179242e-15,5.7202282e-05,0.031219962,3.1627799e-10,2.019999999998412e-06,0.9999595753741265,0.014115185,0.024182034312346938,0.23581699812095208,3.1627799e-05,0.1197130411503265,True,coarse
expansion_4D,2.6,0.049967616,0.0280942,1.2651202e-08,-1.1617435e-15,5.6926595e-05,0.031069325,3.1475216e-10,1.9249999999998435e-06,0.999961476532274,0.0140471,0.023044760421435974,0.23467952806178777,3.1475216e-05,0.1197130411503265,True,coarse
expansion_4D,2.6,0.049967707,0.027964433,1.2593242e-08,-1.1082048e-15,5.6663873e-05,0.030925773,3.1329808e-10,1.8339999999991696e-06,0.9999632976416574,0.0139822165,0.021955371746959936,0.23359554423886367,3.1329808e-05,0.1197130411503265,True,coarse
expansion_4D,2.6,0.049967793,0.027840769,1.2538008e-08,-1.0571841e-15,5.6413508e-05,0.030788971,3.1191238e-10,1.747999999995864e-06,0.9999650186900857,0.0139203845,0.020925839593027556,0.2325625406595401,3.1191238e-05,0.1197130411503265,True,coarse
expansion_4D,2.6,0.049967875,0.027722921,1.2485372e-08,-1.0085628e-15,5.6174917e-05,0.030658604,3.1059186e-10,1.6659999999973918e-06,0.9999666596897498,0.0138614605,0.019944192655613167,0.23157811992419167,3.1059186e-05,0.1197130411503265,True,coarse
expansion_4D,2.6,0.049967954,0.027610615,1.2435211e-08,-9.622282e-16,5.5947546e-05,0.030534367,3.0933343e-10,1.5869999999973405e-06,0.999968240652841,0.0138053075,0.018998459630524975,0.23063999322620748,3.0933342999999995e-05,0.1197130411503265,True,coarse
expansion_4D,2.6,0.049968028,0.027503591,1.2387409e-08,-9.1807264e-16,5.5730869e-05,0.030415973,3.0813419e-10,1.5130000000015964e-06,0.9999697215549769,0.0137517955,0.01811258312606351,0.2297459887052998,3.0813419e-05,0.1197130411503265,True,coarse
expansion_4D,2.6,0.049968099,0.027401601,1.2341855e-08,-8.759937100000001e-16,5.5524382e-05,0.030303147,3.0699135e-10,1.4419999999973343e-06,0.9999711424205397,0.0137008005,0.017262620533845165,0.22889403474088646,3.0699135e-05,0.1197130411503265,True,coarse
expansion_4D,2.6,0.049968167,0.027304406,1.2298443e-08,-8.358936800000001e-16,5.5327605e-05,0.030195627,3.0590226e-10,1.373999999998432e-06,0.9999725032495296,0.013652203,0.016448571854036087,0.22808213489216445,3.0590225999999995e-05,0.1197130411503265,True,coarse
expansion_4D,2.6,0.049968232,0.027211783,1.2257074e-08,-7.976795900000001e-16,5.5140084e-05,0.030093164,3.0486439e-10,1.3089999999979507e-06,0.9999738040419464,0.0136058915,0.015670437086553204,0.22730842637127163,3.0486438999999997e-05,0.1197130411503265,True,coarse
expansion_4D,2.6,0.049968293,0.027123516,1.2217649e-08,-7.612626800000001e-16,5.4961381e-05,0.02999552,3.0387532e-10,1.2480000000023028e-06,0.9999750247855989,0.013561758,0.014940187535588314,0.2265711048635074,3.0387531999999994e-05,0.1197130411503265,True,coarse
expansion_4D,2.6,0.049968352,0.0270394,1.2180079e-08,-7.265583900000001e-16,5.4791082e-05,0.029902468,3.0293278e-10,1.1889999999986633e-06,0.9999762055048694,0.0135197,0.014233880592757818,0.22586845794056795,3.0293277999999997e-05,0.1197130411503265,True,coarse
expansion_4D,2.6,0.049968408,0.02695924,1.2144276e-08,-6.934863e-16,5.4628793e-05,0.029813792,3.0203456e-10,1.1330000000003837e-06,0.999977326187567,0.01347962,0.013563487562336584,0.22519885670723747,3.0203455999999996e-05,0.1197130411503265,True,coarse
expansion_4D,2.6,0.049968461,0.02688285,1.2110157e-08,-6.619694900000001e-16,5.4474136e-05,0.029729286,3.0117858e-10,1.080000000000525e-06,0.9999783868336913,0.013441425,0.012929008444241543,0.22456074744807936,3.0117858e-05,0.1197130411503265,True,coarse
expansion_4D,2.6,0.049968512,0.026810052,1.2077642e-08,-6.319349300000001e-16,5.4326752e-05,0.029648755,3.0036286e-10,1.0289999999996136e-06,0.9999794074554337,0.013405026,0.012318471934363967,0.22395264327412737,3.0036285999999997e-05,0.1197130411503265,True,coarse
expansion_4D,2.6,0.049968561,0.026740678,1.2046656e-08,-6.033129e-16,5.41863e-05,0.029572011,2.995855e-10,9.799999999976494e-07,0.9999803880527941,0.013370339,0.011731878032703855,0.22337314082950327,2.9958549999999998e-05,0.1197130411503265,True,coarse
expansion_4D,2.6,0.049968607,0.026674567,1.2017128e-08,-5.7603694e-16,5.4052453e-05,0.029498876,2.988447e-10,9.340000000010451e-07,0.9999813086135813,0.0133372835,0.011181198043453005,0.2228208952314904,2.988447e-05,0.1197130411503265,True,coarse
expansion_4D,2.6,0.049968651,0.026611565,1.1988988e-08,-5.500437100000001e-16,5.39249e-05,0.029429181,2.9813874e-10,8.899999999964492e-07,0.9999821891499865,0.0133057825,0.01065446066233655,0.22229462007053374,2.9813873999999995e-05,0.1197130411503265,True,coarse
expansion_4D,2.6,0.049968693,0.026551525,1.1962172e-08,-5.2527297e-16,5.3803347e-05,0.029362763,2.9746598e-10,8.479999999977395e-07,0.9999830296620096,0.0132757625,0.010151665889520625,0.22179308741023981,2.9746597999999995e-05,0.1197130411503265,True,coarse
expansion_4D,2.6,0.049968732,0.02649431,1.1936616e-08,-5.0166717e-16,5.368751e-05,0.029299469,2.9682486e-10,8.089999999974506e-07,0.9999838101374596,0.013247155,0.009684785029030894,0.22131515284730316,2.9682485999999997e-05,0.1197130411503265,True,coarse
expansion_4D,2.6,0.04996877,0.026439785,1.1912263e-08,-4.791715700000001e-16,5.3577121e-05,0.029239152,2.9621389e-10,7.709999999966355e-07,0.9999845706007187,0.0132198925,0.009229875472649893,0.2208596886850359,2.9621389e-05,0.1197130411503265,True,coarse
expansion_4D,2.6,0.049968807,0.026387824,1.1889055e-08,-4.5773389e-16,5.3471924e-05,0.029181671,2.9563166e-10,7.340000000022329e-07,0.9999853110517865,0.013193912,0.008786937220460695,0.22042564240652934,2.9563165999999995e-05,0.1197130411503265,True,coarse
expansion_4D,2.6,0.049968841,0.026338308,1.1866939e-08,-4.373044e-16,5.3371673e-05,0.029126894,2.950768e-10,6.999999999993123e-07,0.9999859914662814,0.013169154,0.008379912880514621,0.22001201996803646,2.9507679999999997e-05,0.1197130411503265,True,coarse
expansion_4D,2.6,0.049968874,0.026291119,1.1845862e-08,-4.1783573000000003e-16,5.3276138e-05,0.029074692,2.9454804e-10,6.669999999958653e-07,0.9999866518685854,0.0131455595,0.007984859844677278,0.21961783567911888,2.9454803999999995e-05,0.1197130411503265,True,coarse
expansion_4D,2.6,0.049968906,0.02624615,1.1825777e-08,-3.992826e-16,5.3185095e-05,0.029024946,2.9404415e-10,6.349999999988309e-07,0.9999872922586982,0.013123075,0.007601778113031736,0.21924219573573517,2.9404414999999997e-05,0.1197130411503265,True,coarse
expansion_4D,2.6,0.049968935,0.026203296,1.1806636e-08,-3.8160207000000005e-16,5.3098334e-05,0.028977539,2.9356396e-10,6.060000000002175e-07,0.9999878726122379,0.013101648,0.0072546102937123885,0.21888422304046143,2.9356395999999995e-05,0.1197130411503265,True,coarse
expansion_4D,2.6,0.049968964,0.026162458,1.1788396e-08,-3.6475305000000005e-16,5.3015654e-05,0.028932362,2.9310635e-10,5.77000000001604e-07,0.9999884529657777,0.013081229,0.00690744247439304,0.21854309061572652,2.9310635e-05,0.1197130411503265,True,coarse
expansion_4D,2.6,0.049968991,0.02612354,1.1771013e-08,-3.4869638000000004e-16,5.2936862e-05,0.02888931,2.9267026e-10,5.500000000019378e-07,0.9999889932949354,0.01306177,0.006584217263291155,0.21821799654388577,2.9267025999999997e-05,0.1197130411503265,True,coarse
expansion_4D,2.6,0.049969017,0.026086452,1.1754448e-08,-3.3339489000000004e-16,5.2861775e-05,0.028848282,2.9225468e-10,5.240000000017453e-07,0.999989513611902,0.013043226,0.006272963356298,0.21790818902714723,2.9225468e-05,0.1197130411503265,True,coarse
expansion_4D,2.6,0.049969042,0.026051109,1.1738662e-08,-3.1881302000000005e-16,5.279022e-05,0.028809184,2.9185864e-10,4.990000000010264e-07,0.9999900139166777,0.0130255545,0.005973680753413578,0.217612958034263,2.9185864e-05,0.1197130411503265,True,coarse
expansion_3D,2.7,4.9969541e-08,2.4910161,2.2080912e-09,-2.312124e-15,0.016617686,0.044351814,0.000549937,0.049969491030459,1e-06,1.24550805,599.0019061242838,20.780369042740965,54.9937,0.1198735255796704,False,coarse
expansion_3D,2.7,0.002350038,2.4910151,0.00010408829,-7.6367259e-13,0.016617808,0.044352183,0.00054994058,0.047619503,0.04702940937560343,1.24550755,570.8317710961691,20.780360700615418,54.994057999999995,0.1198735255796704,False,coarse
expansion_3D,2.7,0.0045895552,2.4901966,0.00020471816,-1.3514245e-12,0.016684007,0.044711086,0.00055010651,0.0453799858,0.09184705538920199,1.2450983,543.985888860138,20.773532670856202,55.010650999999996,0.1198735255796704,False,coarse
expansion_3D,2.7,0.0067237492,2.4780466,0.00031900764,-7.3370118e-14,0.017666307,0.050040299,0.00055252706,0.0432457918,0.1345569534048752,1.2390233,518.40255295504,20.672175845475063,55.252705999999996,0.1198735255796704,False,coarse
expansion_3D,2.7,0.0087575733,2.4700986,0.00039398317,-1.1401836e-12,0.018308936,0.05352623,0.00055411617,0.0412119677,0.1752582298084347,1.2350493,494.02238642745004,20.605872631637265,55.41161699999999,0.1198735255796704,False,coarse
expansion_3D,2.7,0.010695748,2.458741,0.00045265324,-1.1901804e-12,0.019164059,0.058541953,0.00055604291,0.039273793,0.2140453521476213,1.2293705,470.788802979618,20.511126106538597,55.604290999999996,0.1198735255796704,False,coarse
expansion_3D,2.7,0.012542771,2.4430641,0.00049301582,-7.2896579e-14,0.020291242,0.065494249,0.00055839973,0.03742677,0.25100832925401495,1.22153205,448.647887095944,20.380347438570073,55.83997299999999,0.1198735255796704,False,coarse
expansion_3D,2.7,0.01430293,2.4288248,0.00053003394,-1.0897118e-12,0.021315172,0.07180871,0.00056055077,0.035666611,0.28623296739908016,1.2144124,427.5482406048653,20.261561410286156,56.055077,0.1198735255796704,False,coarse
expansion_3D,2.7,0.01598031,2.4128288,0.00055528782,-1.0247745e-12,0.022375799,0.079035226,0.00056160359,0.033989230999999995,0.31980101638316033,1.2064144,407.44089517118255,20.128120770055975,56.16035899999999,0.1198735255796704,False,coarse
expansion_3D,2.7,0.017578803,2.3952726,0.00056995894,-6.5953585e-14,0.023468032,0.087073339,0.00056165582,0.032390738,0.3517903636537306,1.1976363,388.2791960187402,19.98166474554928,56.16558199999999,0.1198735255796704,False,coarse
expansion_3D,2.7,0.019102121,2.3782004,0.00058465042,-9.9888763e-13,0.024530261,0.094889533,0.00056171616,0.03086742,0.38227529446388153,1.1891002,370.01864609484295,19.83924630980674,56.17161599999999,0.1198735255796704,False,coarse
expansion_3D,2.7,0.020553797,2.3605077,0.000588934,-9.1752075e-13,0.025543665,0.10327021,0.00055985555,0.029415744,0.4113265118845098,1.18025385,352.6168940829036,19.691651585163047,55.985555,0.1198735255796704,False,coarse
expansion_3D,2.7,0.021937202,2.3423771,0.00058461289,-6.0763773e-14,0.02651236,0.11208243,0.00055640638,0.028032339,0.4390114770115659,1.17118855,336.03353061744923,19.540403843742865,55.64063799999999,0.1198735255796704,False,coarse
expansion_3D,2.7,0.023255547,2.3241618,0.00058071303,-9.0570594e-13,0.027485635,0.12093549,0.0005529465,0.026713993999999998,0.465394448990436,1.1620809,320.23006430941615,19.38844952428895,55.29464999999999,0.1198735255796704,False,coarse
expansion_3D,2.7,0.02451189,2.3059642,0.00057183858,-8.5375581e-13,0.02838532,0.13022698,0.00054770271,0.025457650999999998,0.4905366251012792,1.1529821,305.16983783468214,19.2366428604572,54.770271,0.1198735255796704,False,coarse
expansion_3D,2.7,0.025709148,2.2878523,0.00055876122,-5.7115015e-14,0.029218713,0.13985662,0.00054095199,0.024260392999999998,0.5144963809053199,1.14392615,290.8178840858356,19.085551116784718,54.095198999999994,0.1198735255796704,False,coarse
expansion_3D,2.7,0.0268501,2.2692953,0.00054578386,-8.139588e-13,0.030072594,0.14972286,0.00053403568,0.023119441,0.5373293302814208,1.13464765,277.1408902101181,18.930746293031817,53.40356799999999,0.1198735255796704,False,coarse
expansion_3D,2.7,0.027937394,2.2510806,0.00053064296,-8.2300644e-13,0.030855235,0.15999582,0.00052591097,0.022032147,0.5590884655114202,1.1255403,264.1071136979558,18.77879697885323,52.591097,0.1198735255796704,False,coarse
expansion_3D,2.7,0.028973553,2.2332302,0.00051341363,-5.4545367e-14,0.031567312,0.1706459,0.0005166228,0.020995988,0.579824277353278,1.1166151,251.68631045884524,18.62988670101097,51.66227999999999,0.1198735255796704,False,coarse
expansion_3D,2.7,0.029960982,2.2147002,0.00049591368,-7.2173003e-13,0.032306467,0.18170205,0.00050697626,0.020008559,0.5995848951264131,1.1073501,239.8496509098844,18.4753071146478,50.69762599999999,0.1198735255796704,False,coarse
expansion_3D,2.7,0.030901973,2.1966518,0.00047803651,-8.1943222e-13,0.032986766,0.19314602,0.00049674413,0.019067568,0.6184161867726582,1.0983259,228.56966003901044,18.32474509594748,49.674413,0.1198735255796704,False,coarse
expansion_3D,2.7,0.031798709,2.1790914,0.00045956075,-9.7594893e-14,0.033598622,0.20513263,0.0004857272,0.018170831999999998,0.6363618389050242,1.0895457,217.82016945558928,18.178254034513493,48.57272,0.1198735255796704,False,coarse
expansion_3D,2.7,0.032653273,2.1608098,0.00044064595,-6.231369e-13,0.034235585,0.21761246,0.0004742533,0.017316268000000003,0.6534635369174193,1.0804049,207.57620950424283,18.025746632135895,47.425329999999995,0.1198735255796704,False,coarse
expansion_3D,2.7,0.033467647,2.1429775,0.0004221445,-8.3640343e-13,0.034830971,0.23046051,0.00046264436,0.016501893999999996,0.6697609449724584,1.07148875,197.81402125220092,17.876987346766015,46.264435999999996,0.1198735255796704,False,coarse
expansion_3D,2.7,0.034243721,2.1256802,0.00040402066,-1.603296e-13,0.035361254,0.24415356,0.00045061596,0.01572582,0.6852918861111812,1.0628401,188.51094860312924,17.732691098563123,45.061595999999994,0.1198735255796704,False,coarse
expansion_3D,2.7,0.034983297,2.107757,0.00038548725,-5.1761696e-13,0.035910712,0.25834305,0.00043814895,0.014986244000000003,0.7000924223018178,1.0538785,179.6453903477182,17.583173513981126,43.814895,0.1198735255796704,False,coarse
expansion_3D,2.7,0.035688091,2.0901322,0.00036749566,-8.7488881e-13,0.036436894,0.27284135,0.00042575556,0.014281450000000001,0.7141968944641697,1.0450661,171.1967761889784,17.436145219662,42.57555599999999,0.1198735255796704,False,coarse
expansion_3D,2.7,0.036359739,2.0730448,0.00035058674,-2.364114e-13,0.036900976,0.28867533,0.00041329271,0.013609801999999997,0.7276380425427562,1.0365224,163.1454948181249,17.29359998361116,41.32927099999999,0.1198735255796704,False,coarse
expansion_3D,2.7,0.0369998,2.0555386,0.0003334374,-4.012414e-13,0.037376428,0.30489849,0.00040052189,0.012969741,0.7404470655433877,1.0277693,155.47285795251997,17.147561065381755,40.052189,0.1198735255796704,False,coarse
expansion_3D,2.7,0.03760976,2.0380879,0.00031653182,-9.3245264e-13,0.037846486,0.3212875,0.00038778614,0.012359781,0.7526537015819297,1.01904395,148.1610523862624,17.001985135120137,38.778614,0.1198735255796704,False,coarse
expansion_3D,2.7,0.038191033,2.021139,0.00030125021,-3.2675706e-13,0.038256911,0.33978974,0.00037532288,0.011778508,0.7642862478964936,1.0105695,141.19312800283524,16.860595283457393,37.532287999999994,0.1198735255796704,False,coarse
expansion_3D,2.7,0.038744969,2.0040911,0.00028598611,-2.7205605e-13,0.038669735,0.35840116,0.00036278508,0.011224572000000002,0.7753717209449652,1.00204555,134.55290187628523,16.718379561365616,36.278508,0.1198735255796704,False,coarse
expansion_3D,2.7,0.039272854,1.9867305,0.00027055949,-8.6904247e-13,0.039090132,0.37735288,0.00035001909,0.010696686999999996,0.7859358564050049,0.99336525,128.22495827122273,16.573555256615673,35.001909,0.1198735255796704,False,coarse
expansion_3D,2.7,0.039775913,1.9698786,0.00025690084,-4.329365e-13,0.039461236,0.39871578,0.00033786462,0.010193627999999996,0.7960031692106198,0.9849393,122.1946126807644,16.43297459113087,33.786462,0.1198735255796704,False,coarse
expansion_3D,2.7,0.040255313,1.9533268,0.00024370938,-1.2767503e-13,0.039820754,0.42009914,0.00032595742,0.009714227999999998,0.805597013588738,0.9766634,116.44787586447502,16.294897397522348,32.595741999999994,0.1198735255796704,False,coarse
expansion_3D,2.7,0.040712168,1.9359601,0.00023000955,-6.9910403e-13,0.040197968,0.44253406,0.00031346525,0.009257373,0.8147396831201632,0.96798005,110.971393911605,16.15002220580658,31.346524999999996,0.1198735255796704,False,coarse
expansion_3D,2.7,0.041147537,1.9191658,0.00021776657,-5.5631868e-13,0.040540092,0.46680188,0.00030173133,0.008822004000000001,0.8234523707151923,0.9595829,105.75247221579546,16.00992204675321,30.173132999999996,0.1198735255796704,False,coarse
expansion_3D,2.7,0.04156243,1.9030051,0.00020654852,-4.043857e-14,0.040856664,0.49159075,0.00029063331,0.008407111000000002,0.8317552886867622,0.95150255,100.77900355096286,15.87510745844564,29.063330999999998,0.1198735255796704,False,coarse
expansion_3D,2.7,0.041957812,1.8856919,0.00019467903,-5.1362466e-13,0.04119582,0.51814833,0.00027874328,0.008011729000000002,0.8396677487992135,0.94284595,96.03942012188874,15.730678570446571,27.874328,0.1198735255796704,False,coarse
expansion_3D,2.7,0.042334599,1.8689045,0.0001836914,-6.9828452e-13,0.041514527,0.54550406,0.00026746027,0.007634941999999999,0.8472080822195265,0.93445225,91.52274151362997,15.590635972059466,26.746027,0.1198735255796704,False,coarse
expansion_3D,2.7,0.042693666,1.8526097,0.00017405382,-1.9604147e-13,0.041803668,0.57525827,0.00025699729,0.007275875000000001,0.8543937996148494,0.92630485,87.21847879269845,15.45470270471621,25.699728999999998,0.1198735255796704,False,coarse
expansion_3D,2.7,0.043035846,1.8358194,0.00016420444,-3.1020464e-13,0.042101613,0.60591868,0.00024621564,0.006933694999999997,0.8612415711403073,0.9179097,83.11664649441323,15.314635914165024,24.621563999999996,0.1198735255796704,False,coarse
expansion_3D,2.7,0.043361933,1.8189851,0.00015437184,-8.1054508e-13,0.04240033,0.63665829,0.00023540616,0.006607608000000001,0.8677672864755752,0.90949255,79.20772666084349,15.174202070089823,23.540615999999996,0.1198735255796704,False,coarse
expansion_3D,2.7,0.043672685,1.8024322,0.00014610269,-3.793466e-13,0.042668314,0.67241762,0.00022560971,0.0062968559999999965,0.8739861148614514,0.9012161,75.48263287875005,15.036115700143203,22.560971,0.1198735255796704,False,coarse
expansion_3D,2.7,0.043968823,1.786251,0.0001381141,-8.6804245e-14,0.042928964,0.70766122,0.00021607599,0.006000718000000002,0.8799124850876656,0.8931255,71.93272226693888,14.901130098261946,21.607599,0.1198735255796704,False,coarse
expansion_3D,2.7,0.044251033,1.7690901,0.00012971928,-5.6635937e-13,0.043205383,0.74503735,0.00020596528,0.005718507999999997,0.8855601255172627,0.88454505,68.54977150155494,14.757971715983498,20.596528,0.1198735255796704,False,coarse
expansion_3D,2.7,0.044519971,1.7524086,0.00012222957,-5.8275307e-13,0.043461582,0.78482915,0.00019661505,0.005449570000000001,0.8909421641475553,0.8762043,65.32591687932045,14.618812548691691,19.661505,0.1198735255796704,False,coarse
expansion_3D,2.7,0.044776261,1.7361737,0.00011561819,-1.4414993e-13,0.043698291,0.827052,0.00018799835,0.0051932800000000015,0.8960710885857446,0.86808685,62.25367829223909,14.483378974668625,18.799834999999998,0.1198735255796704,False,coarse
expansion_3D,2.7,0.045020498,1.7192692,0.00010879191,-3.0101827e-13,0.043944778,0.871018,0.00017902608,0.004949043,0.9009588060854912,0.8596346,59.325923265538876,14.342359513380112,17.902607999999997,0.1198735255796704,False,coarse
expansion_3D,2.7,0.045253249,1.7024415,0.00010201733,-7.3859037e-13,0.044190131,0.91478271,0.00017009472,0.004716291999999997,0.905616663559107,0.85122075,56.53585497031944,14.201980727333513,17.009472,0.1198735255796704,False,coarse
expansion_3D,2.7,0.045475053,1.6856299,9.6392392e-05,-3.8791786e-13,0.044411168,0.96631432,0.0001621294,0.004494487999999998,0.9100554475775553,0.84281495,53.87701222355214,14.0617362495082,16.21294,0.1198735255796704,False,coarse
expansion_3D,2.7,0.045686426,1.6694175,9.1068158e-05,-3.3810193e-14,0.044622358,1.0166519,0.00015452663,0.004283114999999997,0.914285484431406,0.83470875,51.34320955131696,13.926490373309917,15.452662999999998,0.1198735255796704,False,coarse
expansion_3D,2.7,0.045887859,1.6519551,8.5388773e-05,-4.3135529e-13,0.044849825,1.0708697,0.00014633769,0.004081681999999996,0.9183166001064529,0.82597755,48.92856116350798,13.780816840179416,14.633769,0.1198735255796704,False,coarse
expansion_3D,2.7,0.046079818,1.6350118,8.013554e-05,-6.5320635e-13,0.045063468,1.1258026,0.00013864322,0.0038897229999999977,0.9221581202837145,0.8175059,46.6274809538332,13.639473704419727,13.864321999999998,0.1198735255796704,False,coarse
expansion_3D,2.7,0.046262749,1.618031,7.5721016e-05,-2.7151903e-13,0.045254233,1.188558,0.00013176237,0.0037067920000000004,0.9258189704003885,0.8090155,44.43462256305176,13.49781773895207,13.176236999999999,0.1198735255796704,False,coarse
expansion_3D,2.7,0.046437077,1.6012579,7.1376545e-05,-1.0116394e-13,0.04544268,1.250548,0.00012496567,0.003532463999999999,0.9293076556376614,0.80062895,42.344891366326465,13.357894432960272,12.496566999999999,0.1198735255796704,False,coarse
expansion_3D,2.7,0.046603207,1.5836183,6.6838049e-05,-4.8068922e-13,0.045640847,1.3157383,0.00011781785,0.0033663339999999986,0.9326322809328987,0.79180915,40.3534324858714,13.21074267518306,11.781785,0.1198735255796704,False,coarse
expansion_3D,2.7,0.046761524,1.5662722,6.2755487e-05,-5.7620052e-13,0.045819849,1.384317,0.00011122241,0.0032080170000000005,0.9358005509796458,0.7831361,38.45563079095175,13.066039331253533,11.122240999999999,0.1198735255796704,False,coarse
expansion_3D,2.7,0.046912395,1.5488611,5.9263254e-05,-2.3000552e-13,0.04597426,1.4602725,0.00010529234,0.0030571459999999967,0.9388198102520093,0.77443055,36.64708692317866,12.920793749163533,10.529233999999999,0.1198735255796704,False,coarse
expansion_3D,2.7,0.047056171,1.5315405,5.5803526e-05,-1.0912151e-13,0.046127884,1.5358358,9.9393102e-05,0.0029133699999999985,0.9416970830290396,0.76577025,34.92359332180441,12.776303129435421,9.9393102,0.1198735255796704,False,coarse
expansion_3D,2.7,0.047193185,1.5134391,5.2208032e-05,-4.519322e-13,0.046288419,1.6148033,9.3227876e-05,0.0027763560000000007,0.9444390333703485,0.75671955,33.28115819842715,12.625298978081172,9.3227876,0.1198735255796704,False,coarse
expansion_3D,2.7,0.047323755,1.4955737,4.8952691e-05,-5.720688e-13,0.046425695,1.6969024,8.7534642e-05,0.002645785999999997,0.9470520251526826,0.74778685,31.715969574933347,12.476263568355726,8.7534642,0.1198735255796704,False,coarse
expansion_3D,2.7,0.047448185,1.4772766,4.6204069e-05,-2.595592e-13,0.046524043,1.7892919,8.248549e-05,0.0025213560000000024,0.9495421420821135,0.7386383,30.22438329614557,12.323626863032167,8.248548999999999,0.1198735255796704,False,coarse
expansion_3D,2.7,0.047566763,1.4595131,4.3541936e-05,-4.1594045e-14,0.046619539,1.8789902,7.7583606e-05,0.0024027780000000012,0.9519151476696573,0.72975655,28.802947004526942,12.175441515899836,7.758360599999999,0.1198735255796704,False,coarse
expansion_3D,2.7,0.047679764,1.4404775,4.0708139e-05,-3.489087e-13,0.046721857,1.9751091,7.2330636e-05,0.002289777,0.9541765452678462,0.72023875,27.44836417812409,12.016644150860726,7.2330635999999995,0.1198735255796704,False,coarse
expansion_3D,2.7,0.047787451,1.4223054,3.8012812e-05,-6.3486187e-13,0.046818175,2.0669992,6.733156e-05,0.0021820899999999976,0.9563315980829202,0.7111527,26.15748214321427,11.86505021123039,6.733155999999999,0.1198735255796704,False,coarse
expansion_3D,2.7,0.047890073,1.4024608,3.5859898e-05,-3.5485938e-13,0.04681499,2.1778911,6.3115305e-05,0.002079468000000001,0.9583852891504446,0.7012304,24.927316049010614,11.699504066624751,6.311530499999999,0.1198735255796704,False,coarse
expansion_3D,2.7,0.04798787,1.3835495,3.3808234e-05,-8.8025229e-14,0.046811954,2.2835679,5.9097337e-05,0.0019816709999999974,0.9603424213962662,0.69177475,23.75498893089907,11.54174362779098,5.909733699999999,0.1198735255796704,False,coarse
expansion_3D,2.7,0.048081066,1.3638033,3.1680632e-05,-1.7819565e-13,0.046808802,2.3939137,5.4902023e-05,0.0018884750000000006,0.9622074775511746,0.68190165,22.63781562190681,11.377018348339044,5.4902023,0.1198735255796704,False,coarse
expansion_3D,2.7,0.04816988,1.3441173,2.9562508e-05,-4.3768579e-13,0.046805642,2.5039193,5.0719469e-05,0.001799661000000001,0.9639848402850048,0.67205865,21.573170891823533,11.212795264844964,5.0719468999999995,0.1198735255796704,False,coarse
expansion_3D,2.7,0.048254517,1.3240537,2.7666146e-05,-5.0712717e-13,0.046729737,2.6157393,4.6940938e-05,0.0017150240000000025,0.9656786120969172,0.66202685,20.558597333374895,11.045422194744798,4.6940938,0.1198735255796704,False,coarse
expansion_3D,2.7,0.048335174,1.3027167,2.6066729e-05,-2.7080574e-13,0.046533419,2.7341862,4.3692743e-05,0.0016343669999999977,0.967292735388544,0.65135835,19.59173343810689,10.867426261974648,4.3692743,0.1198735255796704,False,coarse
expansion_3D,2.7,0.048412037,1.2823831,2.4542532e-05,-4.5598365e-14,0.046346333,2.8470626,4.0597308e-05,0.0015575040000000012,0.9688309324274161,0.64119155,18.67034955844391,10.697800817977127,4.0597308,0.1198735255796704,False,coarse
expansion_3D,2.7,0.048485286,1.2607644,2.2933908e-05,-1.7767477e-13,0.046147443,2.9670782,3.7306263e-05,0.0014842549999999968,0.9702968054079184,0.6303822,17.79228797092533,10.517454908440731,3.7306262999999995,0.1198735255796704,False,coarse
expansion_3D,2.7,0.048555089,1.2395877,2.135814e-05,-3.9251925e-13,0.0459526,3.0846349,3.4082479e-05,0.0014144519999999966,0.9716937163781433,0.61979385,16.95553480032155,10.340796218395568,3.4082478999999997,0.1198735255796704,False,coarse
expansion_3D,2.7,0.04862161,1.2181445,1.9921948e-05,-4.9456778e-13,0.045662897,3.1939915,3.1155183e-05,0.0013479309999999967,0.9730249473374191,0.60907225,16.15812412081303,10.161914351892454,3.1155183,0.1198735255796704,False,coarse
expansion_3D,2.7,0.048685003,1.1941098,1.8739992e-05,-2.9898143e-13,0.045090187,3.2905871,2.8778676e-05,0.0012845380000000017,0.9742935801631638,0.5970549,15.398209880105886,9.961413867037473,2.8778675999999996,0.1198735255796704,False,coarse
expansion_3D,2.7,0.048745414,1.1712053,1.7613623e-05,-1.125934e-13,0.044544411,3.3826399,2.6513936e-05,0.0012241269999999985,0.9755025366352675,0.58560265,14.6740419247265,9.770341652474324,2.6513935999999996,0.1198735255796704,False,coarse
expansion_3D,2.7,0.048802984,1.1482002,1.6487151e-05,-6.6405075e-14,0.043996258,3.4751054,2.4239232e-05,0.0011665569999999986,0.9766546384726648,0.5741001,13.98393003796434,9.57843022008127,2.4239232,0.1198735255796704,False,coarse
expansion_3D,2.7,0.048857846,1.1243364,1.5320948e-05,-2.39002e-13,0.043427621,3.5710139,2.187963e-05,0.0011116949999999959,0.9777525472967623,0.5621682,13.32627990192912,9.379355404482059,2.187963,0.1198735255796704,False,coarse
expansion_3D,2.7,0.048910129,1.1015948,1.4209591e-05,-4.034818e-13,0.042885727,3.6624119,1.9630999e-05,0.0010594120000000026,0.9787988446802023,0.5507974,12.699545148141008,9.189642122170316,1.9630998999999998,0.1198735255796704,False,coarse
expansion_3D,2.7,0.048959952,1.0767053,1.3241303e-05,-4.0998848e-13,0.041997605,3.7031533,1.7744418e-05,0.0010095889999999982,0.9797959120737171,0.53835265,12.102299281645363,8.982010788398808,1.7744418,0.1198735255796704,False,coarse
expansion_3D,2.7,0.049007433,1.0496478,1.2412769e-05,-2.6030183e-13,0.040765559,3.6938773,1.6212498e-05,0.0009621079999999962,0.9807461109158478,0.5248239,11.533127794840507,8.756293726444063,1.6212497999999997,0.1198735255796704,False,coarse
expansion_3D,2.7,0.04905268,1.0238628,1.1623201e-05,-1.1765486e-13,0.039591456,3.6850376,1.4752623e-05,0.000916860999999998,0.9816516025232251,0.5119314,10.990736053650194,8.541192019246317,1.4752622999999998,0.1198735255796704,False,coarse
expansion_3D,2.7,0.049095799,0.99879154,1.0857851e-05,-1.8292268e-14,0.038449874,3.6764508,1.3333144e-05,0.0008737419999999968,0.982514508188098,0.49939577,10.473853398703199,8.332044420735608,1.3333144,0.1198735255796704,False,coarse
expansion_3D,2.7,0.049136891,0.97192668,1.0039335e-05,-1.4190631e-13,0.0372266,3.6672409,1.181213e-05,0.0008326499999999973,0.9833368491417602,0.48596334,9.981269107391222,8.107934385846002,1.1812129999999998,0.1198735255796704,False,coarse
expansion_3D,2.7,0.04917605,0.9463163,9.2590218e-06,-2.6036455e-13,0.036060448,3.6584611,1.0362142e-05,0.0007934910000000003,0.984120506530168,0.47315815,9.511856368573827,7.894289380611057,1.0362141999999999,0.1198735255796704,False,coarse
expansion_3D,2.7,0.049213367,0.92191037,8.5154066e-06,-3.7325177e-13,0.034949139,3.6500941,8.9803465e-06,0.0007561739999999983,0.9848673014627051,0.460955185,9.064524333168148,7.690692048489718,0.8980346499999999,0.1198735255796704,False,coarse
expansion_3D,2.7,0.04924893,0.89296555,7.9017809e-06,-3.3021264e-13,0.033157453,3.5168165,7.9710261e-06,0.000720610999999996,0.9855789950121816,0.446482775,8.638218114149138,7.449230726149927,0.7971026099999999,0.1198735255796704,False,coarse
expansion_3D,2.7,0.04928282,0.86305283,7.3559311e-06,-2.2750759e-13,0.031149951,3.3384847,7.1351155e-06,0.0006867210000000012,0.9862572081660705,0.431526415,8.231966735959698,7.199695060494382,0.71351155,0.1198735255796704,False,coarse
expansion_3D,2.7,0.049315116,0.83454688,6.8357524e-06,-1.296327e-13,0.029236862,3.1685397,6.3385173e-06,0.0006544250000000001,0.9869035218874634,0.41727344,7.844823197747582,6.961894846792864,0.63385173,0.1198735255796704,False,coarse
expansion_3D,2.7,0.049345893,0.80738155,6.3400373e-06,-3.6360808e-14,0.027413744,3.0065871,5.5793827e-06,0.0006236479999999975,0.9875194370906869,0.403690775,7.475888448070998,6.73527825344052,0.55793827,0.1198735255796704,False,coarse
expansion_3D,2.7,0.049375223,0.7792288,5.8289934e-06,-4.4638875e-14,0.025524332,2.838742,4.7926316e-06,0.0005943179999999965,0.988106394653495,0.3896144,7.124299397545812,6.5004244784817695,0.47926315999999997,0.1198735255796704,False,coarse
expansion_3D,2.7,0.049403173,0.75090765,5.3139844e-06,-1.1656777e-13,0.023623645,2.6698988,4.0011977e-06,0.0005663679999999977,0.9886657353926865,0.375453825,6.789252893550648,6.26416588958111,0.40011976999999993,0.1198735255796704,False,coarse
expansion_3D,2.7,0.049429809,0.72391844,4.8231959e-06,-1.8511388e-13,0.021812346,2.5089961,3.2469845e-06,0.0005397320000000011,0.9891987801128691,0.36195922,6.469957770816679,6.039018511379887,0.32469844999999997,0.1198735255796704,False,coarse
expansion_3D,2.7,0.049455193,0.69819851,4.355489e-06,-2.5043632e-13,0.020086232,2.3556606,2.5282415e-06,0.0005143479999999978,0.9897067695698867,0.349099255,6.165670813485204,5.824459626291403,0.25282414999999997,0.1198735255796704,False,coarse
expansion_3D,2.7,0.049479382,0.67269754,3.9410029e-06,-2.8730652e-13,0.018479797,2.2083878,1.943517e-06,0.000490158999999997,0.9901908444586274,0.33634877,5.87570874246053,5.611727333012421,0.1943517,0.1198735255796704,False,coarse
expansion_3D,2.7,0.049502434,0.64470535,3.6623361e-06,-2.2789055e-13,0.017092349,2.0637622,1.7596419e-06,0.0004671070000000013,0.9906521654861709,0.322352675,5.599376291294326,5.378212969731298,0.17596419,0.1198735255796704,False,coarse
expansion_3D,2.7,0.049524402,0.61802962,3.3967749e-06,-1.7126888e-13,0.015770152,1.9259382,1.5844143e-06,0.0004451389999999972,0.9910917932986417,0.30901481,5.336038130300857,5.155680681046165,0.15844143,0.1198735255796704,False,coarse
expansion_3D,2.7,0.049545336,0.59260843,3.1437029e-06,-1.1731009e-13,0.014510137,1.7945961,1.4174276e-06,0.00042420499999999695,0.9915107285055911,0.296304215,5.085094891852371,4.943613922543224,0.14174275999999997,0.1198735255796704,False,coarse
expansion_3D,2.7,0.049565287,0.56838279,2.9025328e-06,-6.5888947e-14,0.01330938,1.6694308,1.2582942e-06,0.0004042539999999997,0.9919099917287614,0.284191395,4.845935220968404,4.741520592236533,0.12582942,0.1198735255796704,False,coarse
expansion_3D,2.7,0.049584298,0.54529646,2.6727047e-06,-1.6886113e-14,0.012165094,1.550152,1.1066447e-06,0.0003852430000000004,0.9922904434923667,0.27264823,4.618043661488901,4.5489315289853955,0.11066447,0.1198735255796704,False,coarse
expansion_3D,2.7,0.049602416,0.52121038,2.4343782e-06,-1.9919168e-14,0.010971157,1.4256906,9.4840997e-07,0.0003671249999999959,0.9926530243693854,0.26060519,4.4008568078436,4.348002425719871,0.09484099699999998,0.1198735255796704,False,coarse
expansion_3D,2.7,0.049619682,0.49713582,2.195251e-06,-4.9604543e-14,0.009777889,1.301306,7.9026902e-07,0.000349859000000001,0.9929985548596494,0.24856791,4.193883178577802,4.147169423740635,0.079026902,0.1198735255796704,False,coarse
expansion_3D,2.7,0.049636136,0.47419348,1.9673698e-06,-7.7893833e-14,0.0086407393,1.1827711,6.3956535e-07,0.0003334050000000019,0.9933278354507998,0.23709674,3.9966432795890237,3.9557815431468333,0.063956535,0.1198735255796704,False,coarse
expansion_3D,2.7,0.049651815,0.4523301,1.7502058e-06,-1.0485269e-13,0.0075570691,1.0698109,4.9594918e-07,0.00031772599999999734,0.9936416065939049,0.22616505,3.808693578832604,3.7733944823318986,0.049594917999999995,0.1198735255796704,False,coarse
expansion_3D,2.7,0.049666758,0.43149494,1.5432548e-06,-1.305437e-13,0.0065243633,0.96216307,3.590872e-07,0.0003027830000000009,0.9939406487644142,0.21574747,3.6295665695589454,3.599584961845638,0.03590871999999999,0.1198735255796704,False,coarse
expansion_3D,2.7,0.049680998,0.41163965,1.3460367e-06,-1.5502647e-13,0.005540225,0.85957787,2.2866175e-07,0.0002885430000000022,0.9942256223646321,0.205819825,3.45886666913351,3.433949639917914,0.022866175,0.1198735255796704,False,coarse
expansion_3D,2.7,0.049694568,0.39286722,1.1775748e-06,-1.7017774e-13,0.0047137058,0.77144624,1.2467921e-07,0.0002749729999999978,0.9944971877968621,0.19643361,3.2961982949218442,3.277347672058685,0.012467920999999998,0.1198735255796704,False,coarse
expansion_3D,2.7,0.0497075,0.37564653,1.1044454e-06,-1.4791339e-13,0.0044256074,0.73066374,1.1671125e-07,0.0002620409999999976,0.9947559854512172,0.187823265,3.1411778516422117,3.133690514093853,0.011671125,0.1198735255796704,False,coarse
expansion_3D,2.7,0.049719823,0.35923572,1.0347553e-06,-1.2669612e-13,0.004151058,0.69179923,1.0911802e-07,0.000249717999999996,0.9950025956812372,0.17961786,2.993457706070365,2.9967894767660317,0.010911802,0.1198735255796704,False,coarse
expansion_3D,2.7,0.049731567,0.3435967,9.683426e-07,-1.0647668e-13,0.0038894206,0.65476249,1.018819e-07,0.0002379740000000019,0.9952376188526526,0.17179835,2.852678237629671,2.866326808513182,0.01018819,0.1198735255796704,False,coarse
expansion_3D,2.7,0.049742759,0.32869318,9.0505328e-07,-8.7208152e-14,0.0036400877,0.61946756,9.4986085e-08,0.00022678200000000176,0.9954615952946215,0.16434659,2.7185157878009023,2.7419997735992485,0.0094986085,0.1198735255796704,False,coarse
expansion_3D,2.7,0.049753425,0.31449056,8.4474043e-07,-6.8845811e-14,0.0034024809,0.58583253,8.8414578e-08,0.0002161160000000023,0.9956750453241104,0.15724528,2.5906586854176323,2.623519734480347,0.008841457799999999,0.1198735255796704,False,coarse
expansion_3D,2.7,0.049763588,0.30095588,7.8726405e-07,-5.1347041e-14,0.0031760486,0.55377934,8.2152125e-08,0.00020595300000000177,0.9958784292215132,0.15047794,2.4688312213710066,2.510611734698489,0.0082152125,0.1198735255796704,False,coarse
expansion_3D,2.7,0.049773274,0.28805773,7.3249076e-07,-3.4671228e-14,0.0029602652,0.5232336,7.6184192e-08,0.00019626699999999997,0.9960722673037962,0.144028865,2.3527217244945167,2.4030137480902813,0.007618419199999999,0.1198735255796704,False,coarse
expansion_3D,2.7,0.049782505,0.27576617,6.8029342e-07,-1.8779668e-14,0.00275463,0.4941244,7.0496928e-08,0.00018703600000000153,0.9962569998391619,0.137883085,2.2420664730319415,2.300476011416884,0.0070496928,0.1198735255796704,False,coarse
expansion_3D,2.7,0.049791301,0.26382724,6.2973693e-07,-6.3055516e-15,0.0025548843,0.46584826,6.4972543e-08,0.00017823999999999618,0.9964330270714314,0.13191362,2.1366257199319993,2.200879958474693,0.0064972543,0.1198735255796704,False,coarse
expansion_3D,2.7,0.049799683,0.25164658,5.7838598e-07,-3.9476259e-15,0.0023510799,0.43699667,5.9335903e-08,0.0001698580000000019,0.9966007692566157,0.12582329,2.036147730791188,2.0992673635243215,0.0059335902999999995,0.1198735255796704,False,coarse
expansion_3D,2.7,0.049807672,0.23942909,5.2657162e-07,-8.962673e-15,0.002146684,0.40806289,5.3682913e-08,0.00016186900000000198,0.9967606466507266,0.119714545,1.9403807712055905,1.9973475280900996,0.0053682912999999995,0.1198735255796704,False,coarse
expansion_3D,2.7,0.049815284,0.22778619,4.7719406e-07,-1.3741865e-14,0.0019519007,0.38048986,4.8295779e-08,0.00015425699999999792,0.9969129794488206,0.113893095,1.8491330435342965,1.9002209945732231,0.0048295779,0.1198735255796704,False,coarse
expansion_3D,2.7,0.049822539,0.21669085,4.301387e-07,-1.8296295e-14,0.0017662779,0.35421357,4.3161999e-08,0.00014700200000000024,0.9970581678947181,0.108345425,1.7621648007262736,1.8076622753201899,0.0043161999,0.1198735255796704,False,coarse
expansion_3D,2.7,0.049829452,0.20611731,3.8529632e-07,-2.2636533e-14,0.0015893849,0.32917303,3.8269657e-08,0.00014008899999999602,0.9971965121712846,0.103058655,1.6792962324929968,1.719456477176941,0.0038269656999999993,0.1198735255796704,False,coarse
expansion_3D,2.7,0.049836041,0.19604104,3.4256286e-07,-2.6772652e-14,0.001420811,0.30531014,3.36074e-08,0.00013350000000000167,0.9973283724979582,0.09802052,1.6003115664886198,1.6353989678038383,0.0033607399999999996,0.1198735255796704,False,coarse
expansion_3D,2.7,0.049842319,0.18643865,3.0183912e-07,-3.0714251e-14,0.0012601651,0.28256951,2.9164405e-08,0.00012722199999999628,0.9974540090332229,0.093219325,1.525054967129638,1.5552946248843666,0.0029164404999999995,0.1198735255796704,False,coarse
expansion_3D,2.7,0.049848302,0.17728786,2.630306e-07,-3.447048e-14,0.0011070742,0.26089835,2.4930362e-08,0.00012123900000000215,0.9975737419721346,0.08864393,1.4533346367753917,1.4789575858613655,0.0024930361999999998,0.1198735255796704,False,coarse
expansion_3D,2.7,0.049854004,0.16856742,2.2604722e-07,-3.8050055e-14,0.00096118313,0.24024638,2.0895444e-08,0.00011553699999999889,0.9976878514853679,0.08428371,1.3849827524898246,1.406210580566988,0.0020895443999999997,0.1198735255796704,False,coarse
expansion_3D,2.7,0.049859438,0.1602571,1.9080314e-07,-4.1461285e-14,0.00082215322,0.22056565,1.7050285e-08,0.00011010300000000028,0.997796597731406,0.08012855,1.3198434786898483,1.3368848478014428,0.0017050284999999997,0.1198735255796704,False,coarse
expansion_3D,2.7,0.049864616,0.15233761,1.5721657e-07,-4.4712087e-14,0.00068966181,0.2018105,1.3385962e-08,0.00010492499999999877,0.9979002208565414,0.076168805,1.2577729671446767,1.2708194679629516,0.0013385962,0.1198735255796704,False,coarse
expansion_3D,2.7,0.04986955,0.14479057,1.2520956e-07,-4.7810005e-14,0.00056340139,0.18393739,9.8939702e-09,9.999100000000066e-05,0.9979989610070663,0.072395285,1.1986273696236902,1.2078611127839836,0.0009893970199999999,0.1198735255796704,False,coarse
expansion_3D,2.7,0.049874253,0.13759846,9.4707824e-08,-5.076223e-14,0.00044307892,0.16690485,6.5662046e-09,9.528799999999893e-05,0.9980930783414641,0.06879923,1.1422508505435505,1.1478636282249766,0.0006566204599999999,0.1198735255796704,False,coarse
expansion_3D,2.7,0.049878734,0.13074459,6.5640562e-08,-5.3575614e-14,0.00032841515,0.15067333,3.3949416e-09,9.08069999999983e-05,0.9981827529694539,0.065372295,1.0885355237312926,1.0906877842105716,0.00033949416,0.1198735255796704,False,coarse
expansion_3D,2.7,0.049883005,0.12544273,4.7155394e-08,-5.4397364e-14,0.00025492898,0.13941817,1.4090636e-09,8.653599999999817e-05,0.9982682250373283,0.062721365,1.0373375409562138,1.0464590024644616,0.00014090636,0.1198735255796704,True,coarse
expansion_3D,2.7,0.049887075,0.12259804,4.6084859e-08,-5.1842132e-14,0.00024914936,0.13625659,1.3771102e-09,8.246599999999632e-05,0.9983496746548063,0.06129902,0.9885490160452657,1.0227282413456575,0.00013771102,0.1198735255796704,True,coarse
expansion_3D,2.7,0.049890953,0.11988714,4.5064671e-08,-4.9407071e-14,0.00024364156,0.1332437,1.3466595e-09,7.858799999999749e-05,0.9984272819316071,0.05994357,0.9420620628254837,1.0001135732036224,0.00013466594999999998,0.1198735255796704,True,coarse
expansion_3D,2.7,0.049894649,0.11730373,4.4092461e-08,-4.7086529e-14,0.00023839278,0.1303725,1.3176409e-09,7.489200000000001e-05,0.9985012469896412,0.058651865,0.8977568077712677,0.9785624426474179,0.00013176409,0.1198735255796704,True,coarse
expansion_3D,2.7,0.049898171,0.11484181,4.3165974e-08,-4.4875121e-14,0.00023339085,0.12763633,1.289987e-09,7.137000000000115e-05,0.9985717299264366,0.057420905,0.8555373520621214,0.9580247969237693,0.0001289987,0.1198735255796704,True,coarse
expansion_3D,2.7,0.049901528,0.11249568,4.2283059e-08,-4.2767715e-14,0.00022862415,0.12502884,1.2636337e-09,6.801299999999871e-05,0.9986389108517126,0.05624784,0.8152958095249969,0.9384530859170657,0.00012636336999999998,0.1198735255796704,True,coarse
expansion_3D,2.7,0.049904726,0.11025989,4.1441667e-08,-4.0759418e-14,0.00022408164,0.12254399,1.2385197e-09,6.481499999999585e-05,0.9987029098386155,0.055129945,0.7769602560445839,0.9198018450430826,0.00012385197,0.1198735255796704,True,coarse
expansion_3D,2.7,0.049907774,0.10812924,4.0639845e-08,-3.884557e-14,0.00021975275,0.12017599,1.2145869e-09,6.17669999999973e-05,0.9987639069968645,0.05406462,0.7404228054479177,0.9020276952489822,0.00012145869,0.1198735255796704,True,coarse
expansion_3D,2.7,0.049910679,0.10609879,3.9875732e-08,-3.702173e-14,0.00021562745,0.11791936,1.1917796e-09,5.88619999999998e-05,0.9988220424117964,0.053049395,0.7055995462670535,0.885089426434568,0.00011917796,0.1198735255796704,True,coarse
expansion_3D,2.7,0.049913448,0.10416384,3.9147555e-08,-3.5283663e-14,0.00021169616,0.11576885,1.1700449e-09,5.6093000000000115e-05,0.9988774561687489,0.05208192,0.6724065670340466,0.8689478306097752,0.00011700448999999999,0.1198735255796704,True,coarse
expansion_3D,2.7,0.049916086,0.10231989,3.8453624e-08,-3.3627337e-14,0.00020794975,0.11371949,1.1493324e-09,5.345500000000086e-05,0.9989302483286768,0.051159945,0.6407839309861385,0.8535653682096478,0.00011493323999999998,0.1198735255796704,True,coarse
expansion_3D,2.7,0.0499186,0.10056265,3.7792328e-08,-3.2048907e-14,0.00020437954,0.1117665,1.1295939e-09,5.094099999999879e-05,0.9989805589769176,0.050281325,0.6106477266553845,0.8389062515155943,0.00011295938999999999,0.1198735255796704,True,coarse
expansion_3D,2.7,0.049920995,0.098888061,3.7162132e-08,-3.054471e-14,0.00020097723,0.10990536,1.1107838e-09,4.8545999999996536e-05,0.9990284881744261,0.0494440305,0.5819380172790264,0.8249366198400243,0.00011107837999999998,0.1198735255796704,True,coarse
expansion_3D,2.7,0.049923278,0.097292224,3.6561574e-08,-2.9111254e-14,0.00019773493,0.10813175,1.0928583e-09,4.626299999999778e-05,0.9990741760065397,0.048646112,0.5545708913892025,0.8116239472354352,0.00010928582999999998,0.1198735255796704,True,coarse
expansion_3D,2.7,0.049925454,0.095771438,3.598926e-08,-2.7745213e-14,0.00019464512,0.10644155,1.0757758e-09,4.408699999999821e-05,0.9991177225342134,0.047885719,0.5284864122230715,0.7989373594951817,0.00010757758,0.1198735255796704,True,coarse
expansion_3D,2.7,0.049927528,0.094322174,3.5443862e-08,-2.6443415e-14,0.00019170061,0.10483084,1.0594967e-09,4.201300000000047e-05,0.9991592278184024,0.047161087,0.5036246430178748,0.786847417258213,0.00010594967,0.1198735255796704,True,coarse
expansion_3D,2.7,0.049929503,0.092941068,3.4924113e-08,-2.5202841e-14,0.00018889459,0.10329589,1.0439832e-09,4.0037999999999185e-05,0.9991987518956799,0.046470534,0.4799496217158746,0.7753260576141933,0.00010439831999999998,0.1198735255796704,True,coarse
expansion_3D,2.7,0.049931386,0.091624914,3.4428808e-08,-2.402061e-14,0.00018622053,0.10183312,1.0291993e-09,3.815499999999805e-05,0.9992364348513828,0.045812457,0.45737743684920906,0.7643465357086223,0.00010291992999999998,0.1198735255796704,True,coarse
expansion_3D,2.7,0.049933181,0.090370659,3.3956796e-08,-2.2893978e-14,0.00018367222,0.10043914,1.0151106e-09,3.635999999999917e-05,0.9992723567342754,0.0451853295,0.4358601390076717,0.7538833830322094,0.00010151105999999999,0.1198735255796704,True,coarse
expansion_3D,2.7,0.049934891,0.08917539,3.3506983e-08,-2.1820332e-14,0.00018124377,0.099110719,1.0016846e-09,3.464999999999718e-05,0.9993065775809308,0.044587695,0.41536176613352416,0.7439122989732391,0.00010016846,0.1198735255796704,True,coarse
expansion_3D,2.7,0.04993652,0.088036334,3.3078325e-08,-2.0797178e-14,0.00017892952,0.097844774,9.8888993e-10,3.302100000000113e-05,0.9993391774401129,0.044018167,0.39583436881664325,0.7344101508175734,9.8888993e-05,0.1198735255796704,True,coarse
expansion_3D,2.7,0.049938073,0.086950847,3.2669826e-08,-1.9822143e-14,0.00017672411,0.096638367,9.7669702e-10,3.1467999999999774e-05,0.9993702563727772,0.0434754235,0.37721801029410407,0.7253548819852694,9.766970199999998e-05,0.1198735255796704,True,coarse
expansion_3D,2.7,0.049939553,0.08591641,3.2280539e-08,-1.8892963e-14,0.00017462242,0.095488696,9.6507753e-10,2.9988000000001624e-05,0.9993998744154964,0.042958205,0.35947672850833506,0.716725478662077,9.6507753e-05,0.1198735255796704,True,coarse
expansion_3D,2.7,0.049940964,0.084930622,3.1909559e-08,-1.8007482e-14,0.00017261957,0.094393093,9.540045e-10,2.857700000000185e-05,0.9994281116170348,0.042465311,0.3425625740490463,0.7085019114045609,9.540044999999999e-05,0.1198735255796704,True,coarse
expansion_3D,2.7,0.049942308,0.083991195,3.1556027e-08,-1.7163644e-14,0.00017071092,0.093349015,9.4345222e-10,2.7233000000001506e-05,0.9994550080017744,0.0419955975,0.3264515722111344,0.7006650934294724,9.4345222e-05,0.1198735255796704,True,coarse
expansion_3D,2.7,0.049943588,0.083095949,3.121912e-08,-1.6359492e-14,0.00016889203,0.09235404,9.3339622e-10,2.595300000000217e-05,0.9994806236062884,0.0415479745,0.31110776093694453,0.6931968389031216,9.333962199999999e-05,0.1198735255796704,True,coarse
expansion_3D,2.7,0.049944809,0.082242805,3.0898059e-08,-1.5593159e-14,0.00016715867,0.091405859,9.2381314e-10,2.4731999999999532e-05,0.9995050584915319,0.0411214025,0.2964712034636352,0.6860798045464989,9.238131399999999e-05,0.1198735255796704,True,coarse
expansion_3D,2.7,0.049945972,0.081429785,3.0592097e-08,-1.4862865e-14,0.00016550684,0.090502269,9.1468075e-10,2.356900000000106e-05,0.9995283326696957,0.0407148925,0.2825299124387379,0.6792974896352748,9.1468075e-05,0.1198735255796704,True,coarse
expansion_3D,2.7,0.049947081,0.080655,3.0300524e-08,-1.4166917e-14,0.00016393269,0.089641175,9.0597785e-10,2.2460000000001923e-05,0.9995505261895441,0.0403275,0.26923593845196275,0.6728341358942933,9.0597785e-05,0.1198735255796704,True,coarse
expansion_3D,2.7,0.049948137,0.079916653,3.0022663e-08,-1.3503699e-14,0.00016243258,0.088820578,8.9768424e-10,2.1404000000002643e-05,0.9995716590632681,0.0399583265,0.2565772941507582,0.6666747525239487,8.9768424e-05,0.1198735255796704,True,coarse
expansion_3D,2.7,0.049949144,0.07921303,2.975787e-08,-1.2871672e-14,0.00016100301,0.088038573,8.8978068e-10,2.039699999999839e-05,0.9995918113396319,0.039606515,0.24450603012483438,0.6608050411210555,8.8978068e-05,0.1198735255796704,True,coarse
expansion_3D,2.7,0.049950103,0.078542498,2.950553e-08,-1.2269369e-14,0.00015964067,0.087293345,8.8224881e-10,1.9437999999996625e-05,0.9996110030308264,0.039271249,0.23301015902172287,0.6552113789945975,8.822488099999999e-05,0.1198735255796704,True,coarse
expansion_3D,2.7,0.049951017,0.077903501,2.9265058e-08,-1.1695391e-14,0.00015834241,0.086583164,8.7507116e-10,1.852399999999893e-05,0.9996292941734246,0.0389517505,0.22205371878376862,0.6498807857972254,8.750711599999998e-05,0.1198735255796704,True,coarse
expansion_3D,2.7,0.049951888,0.077294555,2.9035895e-08,-1.1148408e-14,0.0001571052,0.085906383,8.6823108e-10,1.765299999999942e-05,0.9996467247918087,0.0386472775,0.21161273470578518,0.6448008818146294,8.6823108e-05,0.1198735255796704,True,coarse
expansion_3D,2.7,0.049952718,0.076714248,2.8817509e-08,-1.0627148e-14,0.00015592617,0.085261431,8.6171268e-10,1.6822999999999144e-05,0.9996633349103607,0.038357124,0.20166323208266923,0.6399598879655386,8.617126799999999e-05,0.1198735255796704,True,coarse
expansion_3D,2.7,0.04995351,0.076161232,2.8609393e-08,-1.0130404e-14,0.0001548026,0.08464681,8.5550084e-10,1.6030999999999684e-05,0.9996791845656537,0.038080616,0.1921692488567658,0.6353465590647176,8.5550084e-05,0.1198735255796704,True,coarse
expansion_3D,2.7,0.049954264,0.075634225,2.8411066e-08,-9.6570204e-15,0.00015373186,0.084061095,8.4958113e-10,1.527700000000104e-05,0.9996942737576877,0.0378171125,0.18313078502807492,0.6309502005072166,8.495811299999999e-05,0.1198735255796704,True,coarse
expansion_3D,2.7,0.049954982,0.075132002,2.8222065e-08,-9.2059002e-15,0.00015271149,0.083502926,8.4393983e-10,1.4558999999997324e-05,0.9997086425108448,0.037566001,0.17452386589141006,0.626760593189242,8.439398299999999e-05,0.1198735255796704,True,coarse
expansion_3D,2.7,0.049955667,0.074653398,2.8041953e-08,-8.7759959e-15,0.0001517391,0.082971006,8.3856383e-10,1.3873999999997055e-05,0.999722350861698,0.037326699,0.1663125293891994,0.622768018534533,8.385638299999999e-05,0.1198735255796704,True,coarse
expansion_3D,2.7,0.049956319,0.074197303,2.7870312e-08,-8.3663097e-15,0.00015081244,0.082464103,8.3344067e-10,1.3222000000000234e-05,0.9997353988102472,0.0370986515,0.158496775521443,0.6189632167837339,8.334406699999998e-05,0.1198735255796704,True,coarse
expansion_3D,2.7,0.049956941,0.073762657,2.7706743e-08,-7.9758908e-15,0.00014992936,0.081981039,8.2855844e-10,1.2600000000001499e-05,0.9997478463930657,0.0368813285,0.15104064223040267,0.6153373452837659,8.2855844e-05,0.1198735255796704,True,coarse
expansion_3D,2.7,0.049957534,0.073348453,2.7550866e-08,-7.6038331e-15,0.00014908781,0.081520693,8.2390582e-10,1.2007000000001378e-05,0.9997597136223444,0.0366742265,0.14393214216352676,0.6118820035142047,8.2390582e-05,0.1198735255796704,True,coarse
expansion_3D,2.7,0.049958098,0.072953729,2.7402321e-08,-7.2492731e-15,0.00014828584,0.081081998,8.1947201e-10,1.144299999999987e-05,0.9997710004980834,0.0364768645,0.13717127532081527,0.6085891663502752,8.194720099999999e-05,0.1198735255796704,True,coarse
expansion_3D,2.7,0.049958637,0.072577568,2.7260761e-08,-6.9113878e-15,0.00014752158,0.080663933,8.1524672e-10,1.0903999999999081e-05,0.9997817870690467,0.036288784,0.13071009229206157,0.6054511840628518,8.1524672e-05,0.1198735255796704,True,coarse
expansion_3D,2.7,0.049959149,0.072219098,2.7125859e-08,-6.5893931e-15,0.00014679327,0.08026553,8.1122015e-10,1.0391999999997958e-05,0.9997920333108523,0.036109549,0.124572567782369,0.6024607823184587,8.1122015e-05,0.1198735255796704,True,coarse
expansion_3D,2.7,0.049959638,0.071877486,2.6997301e-08,-6.2825416e-15,0.00014609921,0.079885864,8.0738294e-10,9.902999999998607e-06,0.9998018192722643,0.035938743,0.1187107523815309,0.5996110121265162,8.073829399999999e-05,0.1198735255796704,True,coarse
expansion_3D,2.7,0.049960104,0.071551941,2.6874789e-08,-5.9901211e-15,0.00014543779,0.079524053,8.0372619e-10,9.437000000001028e-06,0.9998111449532826,0.0357759705,0.11312464608954728,0.5968952748657176,8.037261899999999e-05,0.1198735255796704,True,coarse
expansion_3D,2.7,0.049960548,0.071241705,2.6758038e-08,-5.711453e-15,0.00014480748,0.079179258,8.0024142e-10,8.992999999998808e-06,0.9998200303660985,0.0356208525,0.1078022615537833,0.5943072472048994,8.002414199999999e-05,0.1198735255796704,True,coarse
expansion_3D,2.7,0.049960971,0.07094606,2.6646779e-08,-5.4458905e-15,0.00014420681,0.078850678,7.9692053e-10,8.569999999999411e-06,0.9998284955229026,0.03547303,0.10273161142177047,0.5918409394979194,7.969205299999999e-05,0.1198735255796704,True,coarse
expansion_3D,2.7,0.049961374,0.070664319,2.6540752e-08,-5.1928172e-15,0.00014363439,0.078537552,7.9375582e-10,8.166999999996427e-06,0.9998365604358864,0.0353321595,0.09790070834087397,0.5894906207045278,7.9375582e-05,0.1198735255796704,True,coarse
expansion_3D,2.7,0.049961758,0.070395827,2.6439711e-08,-4.9516459e-15,0.00014308889,0.078239151,7.9073995e-10,7.78299999999732e-06,0.9998442451172406,0.0351979135,0.09329756495862535,0.5872508267324922,7.907399499999999e-05,0.1198735255796704,True,coarse
expansion_3D,2.7,0.049962124,0.070139963,2.6343422e-08,-4.7218166e-15,0.00014256905,0.077954784,7.8786591e-10,7.417000000002616e-06,0.9998515695791562,0.0350699815,0.08891019392247289,0.5851163771218486,7.878659099999998e-05,0.1198735255796704,True,coarse
expansion_3D,2.7,0.049962473,0.069896132,2.6251662e-08,-4.5027961e-15,0.00014207365,0.077683791,7.8512704e-10,7.067999999998964e-06,0.9998585538338245,0.034948066,0.08472660787969861,0.5830823083078973,7.851270399999999e-05,0.1198735255796704,True,coarse
expansion_3D,2.7,0.049962805,0.069663768,2.6164217e-08,-4.294076e-15,0.00014160155,0.077425542,7.8251697e-10,6.736000000000242e-06,0.9998651978812453,0.034831884,0.08074680683046888,0.5811438986475794,7.8251697e-05,0.1198735255796704,True,coarse
expansion_3D,2.7,0.049963122,0.069442333,2.6080884e-08,-4.0951719e-15,0.00014115165,0.077179439,7.8002966e-10,6.419000000000563e-06,0.9998715417458007,0.0347211665,0.07694681606959718,0.5792966600773513,7.800296599999999e-05,0.1198735255796704,True,coarse
expansion_3D,2.7,0.049963424,0.069231311,2.6001471e-08,-3.9056221e-15,0.00014072291,0.07694491,7.7765932e-10,6.116999999999928e-06,0.9998775854274907,0.0346156555,0.07332663559708352,0.5775362880604312,7.776593199999999e-05,0.1198735255796704,True,coarse
expansion_3D,2.7,0.049963712,0.069030213,2.5925792e-08,-3.7249868e-15,0.00014031434,0.07672141,7.7540046e-10,5.828999999998863e-06,0.9998833489385064,0.0345151065,0.06987427806037624,0.5758587032974275,7.7540046e-05,0.1198735255796704,True,coarse
expansion_3D,2.7,0.049963986,0.068838573,2.5853673e-08,-3.5528466e-15,0.00013992498,0.076508422,7.7324783e-10,5.554999999997368e-06,0.9998888322788477,0.0344192865,0.06658974345947535,0.5742600183578356,7.7324783e-05,0.1198735255796704,True,coarse
expansion_3D,2.7,0.049964247,0.068655946,2.5784945e-08,-3.388802e-15,0.00013955393,0.07630545,7.7119643e-10,5.293999999995969e-06,0.9998940554607056,0.034327973,0.06346104444182918,0.5727365209957878,7.7119643e-05,0.1198735255796704,True,coarse
expansion_3D,2.7,0.049964496,0.068481907,2.571945e-08,-3.2324724e-15,0.00013920033,0.076112024,7.6924151e-10,5.045000000002131e-06,0.9998990384962712,0.0342409535,0.06047619365496926,0.571284665807927,7.692415099999999e-05,0.1198735255796704,True,coarse
expansion_3D,2.7,0.049964733,0.068316053,2.5657034e-08,-3.0834949e-15,0.00013886336,0.075927694,7.6737854e-10,4.808000000001977e-06,0.9999037813855444,0.0341580265,0.05763519109872923,0.5699010909176585,7.6737854e-05,0.1198735255796704,True,coarse
expansion_3D,2.7,0.049964959,0.068158,2.5597554e-08,-2.9415237e-15,0.00013854224,0.075752034,7.6560317e-10,4.581999999996034e-06,0.9999083041407165,0.034079,0.05492604942055743,0.5685825929487724,7.656031699999999e-05,0.1198735255796704,True,coarse
expansion_3D,2.7,0.049965175,0.068007379,2.5540872e-08,-2.8062294e-15,0.00013823622,0.075584635,7.639113e-10,4.365999999998704e-06,0.9999126267739782,0.0340036895,0.052336781268068566,0.5673260936569426,7.639112999999999e-05,0.1198735255796704,True,coarse
expansion_3D,2.7,0.04996538,0.067863842,2.5486855e-08,-2.6772978e-15,0.0001379446,0.075425108,7.62299e-10,4.161000000002524e-06,0.9999167292731386,0.033931921,0.0498793739937311,0.566128689982479,7.62299e-05,0.1198735255796704,True,coarse
expansion_3D,2.7,0.049965576,0.067727056,2.5435378e-08,-2.5544298e-15,0.00013766668,0.075273084,7.6076252e-10,3.965000000001606e-06,0.9999206516625798,0.033863528,0.047529852892358566,0.564987603997575,7.607625199999999e-05,0.1198735255796704,True,coarse
expansion_3D,2.7,0.049965762,0.067467281,2.5338636e-08,-2.4370042e-15,0.00013713881,0.074984309,7.5784425e-10,3.779000000002364e-06,0.9999243739301107,0.0337336405,0.045300205316585775,0.5628205283339219,7.578442499999999e-05,0.1198735255796704,True,coarse
expansion_3D,2.7,0.04996594,0.067211872,2.5243552e-08,-2.3250807e-15,0.00013661981,0.074700387,7.5497502e-10,3.6009999999989106e-06,0.9999279361001134,0.033605936,0.04316645656122625,0.5606898743904017,7.549750199999999e-05,0.1198735255796704,True,coarse
expansion_3D,2.7,0.04996611,0.066968476,2.515294e-08,-2.2184209e-15,0.00013612521,0.074429818,7.5224073e-10,3.4309999999981855e-06,0.9999313381725881,0.033484238,0.04112860662636316,0.5586594344010628,7.5224073e-05,0.1198735255796704,True,coarse
expansion_3D,2.7,0.049966271,0.066736526,2.5066589e-08,-2.1167773e-15,0.00013565388,0.074171974,7.4963504e-10,3.269999999999662e-06,0.9999345601353432,0.033368263,0.03919864286454817,0.5567244783807208,7.4963504e-05,0.1198735255796704,True,coarse
expansion_3D,2.7,0.049966425,0.066515485,2.4984299e-08,-2.0199139e-15,0.00013520471,0.073926256,7.4715189e-10,3.115999999997454e-06,0.9999376420127614,0.0332577425,0.03735259057059478,0.5548805266079577,7.4715189e-05,0.1198735255796704,True,coarse
expansion_3D,2.7,0.049966571,0.066304839,2.4905879e-08,-1.9276059e-15,0.00013477667,0.073692094,7.4478552e-10,2.9699999999979743e-06,0.9999405637926513,0.0331524195,0.035602437097137826,0.553123291230243,7.447855199999999e-05,0.1198735255796704,True,coarse
expansion_3D,2.7,0.049966711,0.0661041,2.4831147e-08,-1.8396391e-15,0.00013436876,0.073468944,7.4253044e-10,2.830000000002275e-06,0.9999433654993949,0.03305205,0.033924207739073994,0.55144870129031,7.4253044e-05,0.1198735255796704,True,coarse
expansion_3D,2.7,0.049966844,0.065912802,2.4759929e-08,-1.7558094e-15,0.00013398003,0.073256289,7.4038141e-10,2.6969999999959526e-06,0.9999460271208015,0.032956401,0.03232988984878859,0.5498528693576549,7.403814099999999e-05,0.1198735255796704,True,coarse
expansion_3D,2.7,0.049966971,0.0657305,2.4692061e-08,-1.6759221e-15,0.00013360958,0.073053636,7.3833345e-10,2.5700000000003498e-06,0.9999485686690618,0.03286525,0.030807496073979482,0.5483320831864094,7.3833345e-05,0.1198735255796704,True,coarse
expansion_3D,2.7,0.049967092,0.065556771,2.4627385e-08,-1.5997919e-15,0.00013325656,0.072860512,7.3638181e-10,2.449000000001589e-06,0.999950990144176,0.0327783855,0.029357026414480323,0.5468828140574679,7.3638181e-05,0.1198735255796704,True,coarse
expansion_3D,2.7,0.049967207,0.065391213,2.4565751e-08,-1.5272419e-15,0.00013292013,0.072676472,7.3452195e-10,2.3339999999996697e-06,0.9999532915461441,0.0326956065,0.027978480870291113,0.5455017084363608,7.3452195e-05,0.1198735255796704,True,coarse
expansion_3D,2.7,0.049967317,0.065233441,2.4507015e-08,-1.4581041e-15,0.00013259953,0.072501086,7.3274956e-10,2.2240000000020577e-06,0.9999554928871569,0.0326167205,0.026659872088943364,0.5441855546047532,7.327495599999999e-05,0.1198735255796704,True,coarse
expansion_3D,2.7,0.049967421,0.065083089,2.4451041e-08,-1.3922176e-15,0.00013229401,0.072333949,7.3106052e-10,2.1200000000012875e-06,0.9999575741550237,0.0325415445,0.025413187422905558,0.5429312993446951,7.3106052e-05,0.1198735255796704,True,coarse
expansion_3D,2.7,0.049967521,0.064939808,2.43977e-08,-1.3294299e-15,0.00013200286,0.072174672,7.2945092e-10,2.019999999998412e-06,0.9999595753741265,0.032469904,0.024214452167074383,0.5417360312543713,7.294509199999999e-05,0.1198735255796704,True,coarse
expansion_3D,2.7,0.049967616,0.064803266,2.4346867e-08,-1.269595e-15,0.00013172539,0.072022886,7.2791702e-10,1.9249999999998435e-06,0.999961476532274,0.032401633,0.023075653674084675,0.5405969807481004,7.279170199999999e-05,0.1198735255796704,True,coarse
expansion_3D,2.7,0.049967707,0.064673145,2.4298425e-08,-1.212574e-15,0.00013146098,0.071878238,7.2645525e-10,1.8339999999991696e-06,0.9999632976416574,0.0323365725,0.021984804591301595,0.5395114950299589,7.2645525e-05,0.1198735255796704,True,coarse
expansion_3D,2.7,0.049967793,0.064549143,2.4252262e-08,-1.1582348e-15,0.000131209,0.071740393,7.2506223e-10,1.747999999995864e-06,0.9999650186900857,0.0322745715,0.020953892271276805,0.538477054778032,7.250622299999999e-05,0.1198735255796704,True,coarse
expansion_3D,2.7,0.049967875,0.064430973,2.4208269e-08,-1.106451e-15,0.00013096888,0.071609031,7.2373473e-10,1.6659999999973918e-06,0.9999666596897498,0.0322154865,0.019970929361541823,0.5374912658022881,7.2373473e-05,0.1198735255796704,True,coarse
expansion_3D,2.7,0.049967954,0.064318361,2.4166345e-08,-1.0571027e-15,0.00013074004,0.071483847,7.2246965e-10,1.5869999999973405e-06,0.999968240652841,0.0321591805,0.019023928509461812,0.5365518423603275,7.224696499999999e-05,0.1198735255796704,True,coarse
expansion_3D,2.7,0.049968028,0.064211044,2.4126393e-08,-1.0100752e-15,0.00013052197,0.07136455,7.2126407e-10,1.5130000000015964e-06,0.9999697215549769,0.032105522,0.01813686442022327,0.5356565904731317,7.2126407e-05,0.1198735255796704,True,coarse
expansion_3D,2.7,0.049968099,0.064108775,2.408832e-08,-9.652593200000002e-16,0.00013031415,0.071250863,7.2011519e-10,1.4419999999973343e-06,0.9999711424205397,0.0320543875,0.017285762388556516,0.5348034496356913,7.201151899999999e-05,0.1198735255796704,True,coarse
expansion_3D,2.7,0.049968167,0.064011315,2.4052037e-08,-9.225510800000002e-16,0.00013011611,0.071142523,7.1902034e-10,1.373999999998432e-06,0.9999725032495296,0.0320056575,0.016470622414627916,0.5339904260800001,7.1902034e-05,0.1198735255796704,True,coarse
expansion_3D,2.7,0.049968232,0.063918439,2.4017461e-08,-8.818514400000001e-16,0.00012992738,0.071039278,7.1797698e-10,1.3089999999979507e-06,0.9999738040419464,0.0319592195,0.015691444498354287,0.533215642827811,7.179769799999999e-05,0.1198735255796704,True,coarse
expansion_3D,2.7,0.049968293,0.063829931,2.3984511e-08,-8.430658800000001e-16,0.00012974753,0.070940889,7.1698269e-10,1.2480000000023028e-06,0.9999750247855989,0.0319149655,0.01496021599237047,0.5324772979800058,7.1698269e-05,0.1198735255796704,True,coarse
expansion_3D,2.7,0.049968352,0.063745585,2.395311e-08,-8.0610434e-16,0.00012957613,0.070847127,7.1603516e-10,1.1889999999986633e-06,0.9999762055048694,0.0318727925,0.014252962191406785,0.5317736730587219,7.1603516e-05,0.1198735255796704,True,coarse
expansion_3D,2.7,0.049968408,0.063665206,2.3923187e-08,-7.708811600000001e-16,0.0001294128,0.070757775,7.1513219e-10,1.1330000000003837e-06,0.999977326187567,0.031832603,0.013581670448181255,0.5311031413494783,7.1513219e-05,0.1198735255796704,True,coarse
expansion_3D,2.7,0.049968461,0.063588607,2.389467e-08,-7.3731441e-16,0.00012925714,0.070672624,7.1427169e-10,1.080000000000525e-06,0.9999783868336913,0.0317943035,0.012946340762610696,0.5304641428747978,7.1427169e-05,0.1198735255796704,True,coarse
expansion_3D,2.7,0.049968512,0.063515611,2.3867495e-08,-7.0532633e-16,0.00012910881,0.070591479,7.1345166e-10,1.0289999999996136e-06,0.9999794074554337,0.0317578055,0.01233498578214345,0.5298552010784585,7.134516599999999e-05,0.1198735255796704,True,coarse
expansion_3D,2.7,0.049968561,0.063446048,2.3841597e-08,-6.748426400000001e-16,0.00012896746,0.070514149,7.1267019e-10,9.799999999976494e-07,0.9999803880527941,0.031723024,0.01174760550677952,0.529274897799118,7.1267019e-05,0.1198735255796704,True,coarse
expansion_3D,2.7,0.049968607,0.063379756,2.3816918e-08,-6.4579258e-16,0.00012883275,0.070440457,7.1192547e-10,9.340000000010451e-07,0.9999813086135813,0.031689878,0.011196187289153742,0.5287218816124375,7.1192547e-05,0.1198735255796704,True,coarse
expansion_3D,2.7,0.049968651,0.063316581,2.3793399e-08,-6.1810869e-16,0.00012870437,0.07037023,7.1121578e-10,8.899999999964492e-07,0.9999821891499865,0.0316582905,0.010668743776548101,0.5281948678310834,7.1121578e-05,0.1198735255796704,True,coarse
expansion_3D,2.7,0.049968693,0.063256378,2.3770987e-08,-5.917268e-16,0.00012858204,0.070303305,7.1053947e-10,8.479999999977395e-07,0.9999830296620096,0.031628189,0.010165274969128951,0.5276926468468512,7.1053947e-05,0.1198735255796704,True,coarse
expansion_3D,2.7,0.049968732,0.063199006,2.3749628e-08,-5.6658562e-16,0.00012846546,0.070239529,7.0989496e-10,8.089999999974506e-07,0.9999838101374596,0.031599503,0.009697768219364775,0.5272140424200392,7.098949599999999e-05,0.1198735255796704,True,coarse
expansion_3D,2.7,0.04996877,0.063144333,2.3729274e-08,-5.426268500000001e-16,0.00012835436,0.070178751,7.0928076e-10,7.709999999966355e-07,0.9999845706007187,0.0315721665,0.009242248822152256,0.5267579533900751,7.0928076e-05,0.1198735255796704,True,coarse
expansion_3D,2.7,0.049968807,0.06309223,2.3709877e-08,-5.197948e-16,0.00012824848,0.070120832,7.0869545e-10,7.340000000022329e-07,0.9999853110517865,0.031546115,0.008798716777574574,0.5263233036227637,7.086954499999999e-05,0.1198735255796704,True,coarse
expansion_3D,2.7,0.049968841,0.063042578,2.3691392e-08,-4.9803652e-16,0.00012814758,0.070065637,7.0813766e-10,6.999999999993123e-07,0.9999859914662814,0.031521289,0.008391146790568684,0.525909100405165,7.081376599999999e-05,0.1198735255796704,True,coarse
expansion_3D,2.7,0.049968874,0.062995261,2.3673777e-08,-4.7730157e-16,0.00012805143,0.070013037,7.0760611e-10,6.669999999958653e-07,0.9999866518685854,0.0314976305,0.007995564156114451,0.5255143760507157,7.0760611e-05,0.1198735255796704,True,coarse
expansion_3D,2.7,0.049968906,0.062950169,2.365699e-08,-4.5754169e-16,0.00012795981,0.069962912,7.0709955e-10,6.349999999988309e-07,0.9999872922586982,0.0314750845,0.007611968874295057,0.5251382129256057,7.0709955e-05,0.1198735255796704,True,coarse
expansion_3D,2.7,0.049968935,0.062907198,2.3640993e-08,-4.3871117e-16,0.00012787249,0.069915143,7.0661682e-10,6.060000000002175e-07,0.9999878726122379,0.031453599,0.007264335650130633,0.5247797434487783,7.066168199999999e-05,0.1198735255796704,True,coarse
expansion_3D,2.7,0.049968964,0.062866248,2.3625748e-08,-4.2076624e-16,0.00012778927,0.069869622,7.0615679e-10,5.77000000001604e-07,0.9999884529657777,0.031433124,0.00691670242596621,0.524438133407679,7.0615679e-05,0.1198735255796704,True,coarse
expansion_3D,2.7,0.049968991,0.062827224,2.3611219e-08,-4.0366521000000003e-16,0.00012770997,0.069826241,7.057184e-10,5.500000000019378e-07,0.9999889932949354,0.031413612,0.0065930439069051,0.5241125903003807,7.057184e-05,0.1198735255796704,True,coarse
expansion_3D,2.7,0.049969017,0.062790035,2.3597375e-08,-3.8736847000000005e-16,0.0001276344,0.0697849,7.0530062e-10,5.240000000017453e-07,0.999989513611902,0.0313950175,0.0062813727403956505,0.523802354993459,7.0530062e-05,0.1198735255796704,True,coarse
expansion_3D,2.7,0.049969042,0.062754595,2.3584181e-08,-3.7183816000000003e-16,0.00012756239,0.069745503,7.0490249e-10,4.990000000010264e-07,0.9999900139166777,0.0313772975,0.005981688926437856,0.5235067100641168,7.049024899999999e-05,0.1198735255796704,True,coarse
expansion_2D,2.8,4.9969541e-08,2.4823249,2.0709186e-09,-2.3042898e-15,0.017483015,0.046787636,0.00057793705,0.049969491030459,1e-06,1.24116245,599.6770847012298,20.684550900762584,57.79370499999999,0.12000864374137721,False,coarse
expansion_2D,2.8,0.002350038,2.4823237,9.757212e-05,-7.7214108e-13,0.017483169,0.046788113,0.0005779415,0.047619503,0.04702940937560343,1.24116185,571.4751970668442,20.684540901482844,57.79414999999999,0.12000864374137721,False,coarse
expansion_2D,2.8,0.0045895552,2.4815478,0.00019206809,-1.3664022e-12,0.017544334,0.047128908,0.00057798428,0.0453799858,0.09184705538920199,1.2407739,544.5990548860957,20.67807553385756,57.798427999999994,0.12000864374137721,False,coarse
expansion_2D,2.8,0.0067237492,2.4705154,0.00029558543,-3.8454018e-13,0.018413732,0.051976928,0.00057854503,0.0432457918,0.1345569534048752,1.2352577,518.9868821439971,20.58614548902033,57.854502999999994,0.12000864374137721,False,coarse
expansion_2D,2.8,0.0087575733,2.4626313,0.00036970212,-1.1630274e-12,0.019034944,0.055441214,0.00057894239,0.0412119677,0.1752582298084347,1.23131565,494.5792349590444,20.520449387854562,57.894239,0.12000864374137721,False,coarse
expansion_2D,2.8,0.010695748,2.4518563,0.00042486943,-1.2140281e-12,0.019827383,0.060213657,0.00057930889,0.039273793,0.2140453521476213,1.22592815,471.31946325095936,20.430664188521583,57.93088899999999,0.12000864374137721,False,coarse
expansion_2D,2.8,0.012542771,2.4369805,0.00046338646,-4.0718209e-13,0.020874703,0.066833722,0.00057962359,0.03742677,0.25100832925401495,1.21849025,449.1535907320464,20.306708117223437,57.96235899999999,0.12000864374137721,False,coarse
expansion_2D,2.8,0.01430293,2.4234001,0.00049878313,-1.119635e-12,0.021830862,0.072877077,0.00057991595,0.035666611,0.28623296739908016,1.21170005,428.0301612961285,20.193546268404724,57.99159499999999,0.12000864374137721,False,coarse
expansion_2D,2.8,0.01598031,2.4080604,0.00052291567,-1.0529356e-12,0.022828835,0.079846281,0.00057918229,0.033989230999999995,0.31980101638316033,1.2040302,407.90015141223734,20.06572464221372,57.91822899999999,0.12000864374137721,False,coarse
expansion_2D,2.8,0.017578803,2.3910373,0.00053722836,-3.7102215e-13,0.023871192,0.087694051,0.00057748326,0.032390738,0.3517903636537306,1.19551865,388.7168537162289,19.923875693093976,57.74832599999999,0.12000864374137721,False,coarse
expansion_2D,2.8,0.019102121,2.3747205,0.00055121973,-1.0323765e-12,0.024870354,0.095215889,0.00057586137,0.03086742,0.38227529446388153,1.18736025,370.43572099954616,19.787912153374595,57.586137,0.12000864374137721,False,coarse
expansion_2D,2.8,0.020553797,2.3575798,0.00055514346,-9.4830714e-13,0.025838116,0.10340576,0.00057252309,0.029415744,0.4113265118845098,1.1787899,353.01435420835537,19.64508327484032,57.252309,0.12000864374137721,False,coarse
expansion_2D,2.8,0.021937202,2.3397468,0.00055071369,-3.3985937e-13,0.026779812,0.11215676,0.00056771676,0.028032339,0.4390114770115659,1.1698734,336.4122984288514,19.496485645169322,56.771676,0.12000864374137721,False,coarse
expansion_2D,2.8,0.023255547,2.3222448,0.00054664608,-9.4043716e-13,0.027704057,0.12074496,0.00056300415,0.026713993999999998,0.465394448990436,1.1611224,320.59101888552874,19.350646150159967,56.300415,0.12000864374137721,False,coarse
expansion_2D,2.8,0.02451189,2.3044796,0.00053782864,-8.865151e-13,0.028573066,0.12991218,0.00055665386,0.025457650999999998,0.4905366251012792,1.1522398,305.51381693513144,19.202613479794284,55.66538599999999,0.12000864374137721,False,coarse
expansion_2D,2.8,0.025709148,2.2864876,0.00052491146,-3.154253e-13,0.029393957,0.13958304,0.00054885477,0.024260392999999998,0.5144963809053199,1.1432438,291.1456860562801,19.052690945557725,54.88547699999999,0.12000864374137721,False,coarse
expansion_2D,2.8,0.0268501,2.2685723,0.00051231469,-8.479996e-13,0.030211356,0.14921253,0.00054109006,0.023119441,0.5373293302814208,1.13428615,277.45327584687897,18.903407531951217,54.109005999999994,0.12000864374137721,False,coarse
expansion_2D,2.8,0.027937394,2.250693,0.00049751112,-8.5742179e-13,0.030973725,0.15941126,0.00053215924,0.022032147,0.5590884655114202,1.1253465,264.40480801806524,18.754424096736912,53.21592399999999,0.12000864374137721,False,coarse
expansion_2D,2.8,0.028973553,2.2328331,0.0004804978,-2.9618935e-13,0.03168206,0.17018753,0.00052203839,0.020995988,0.579824277353278,1.11641655,251.97000438902307,18.605602316545074,52.203838999999995,0.12000864374137721,False,coarse
expansion_2D,2.8,0.029960982,2.2148754,0.00046363353,-7.5265493e-13,0.032394269,0.18102317,0.00051185984,0.020008559,0.5995848951264131,1.1074377,240.12000288093262,18.455965595054412,51.185984,0.12000864374137721,False,coarse
expansion_2D,2.8,0.030901973,2.1970891,0.00044625172,-8.5449173e-13,0.033061246,0.19242869,0.00050104586,0.019067568,0.6184161867726582,1.09854455,228.8272975126484,18.307757104019966,50.104586,0.12000864374137721,False,coarse
expansion_2D,2.8,0.031798709,2.1794809,0.00042813971,-2.8073965e-13,0.033672689,0.20457872,0.00048938886,0.018170831999999998,0.6363618389050242,1.08974045,218.06569039724164,18.161032672753617,48.938886,0.12000864374137721,False,coarse
expansion_2D,2.8,0.032653273,2.1616555,0.00041002208,-6.5172506e-13,0.034291672,0.21687975,0.00047758312,0.017316268000000003,0.6534635369174193,1.08082775,207.81018373422108,18.012498371854303,47.758312,0.12000864374137721,False,coarse
expansion_2D,2.8,0.033467647,2.1440304,0.00039214514,-8.7465161e-13,0.034878425,0.22971503,0.00046555822,0.016501893999999996,0.6697609449724584,1.0720152,198.03699181039696,17.86563311739828,46.555822,0.12000864374137721,False,coarse
expansion_2D,2.8,0.034243721,2.1267132,0.00037454788,-2.6813867e-13,0.035408688,0.24356137,0.00045307831,0.01572582,0.6852918861111812,1.0633566,188.72343299210246,17.7213335114689,45.30783099999999,0.12000864374137721,False,coarse
expansion_2D,2.8,0.034983297,2.1090991,0.00035684344,-5.4240803e-13,0.035948061,0.25764749,0.0004403777,0.014986244000000003,0.7000924223018178,1.05454955,179.84788172173518,17.574559917077153,44.037769999999995,0.12000864374137721,False,coarse
expansion_2D,2.8,0.035688091,2.0916396,0.00033955893,-9.1654476e-13,0.036468848,0.27215206,0.00042769044,0.014281450000000001,0.7141968944641697,1.0458198,171.38974451602917,17.429074563225264,42.769044,0.12000864374137721,False,coarse
expansion_2D,2.8,0.036359739,2.074615,0.00032334372,-2.5774558e-13,0.03693167,0.2880698,0.00041497021,0.013609801999999997,0.7276380425427562,1.0373075,163.32938796086825,17.287213115005844,41.497021,0.12000864374137721,False,coarse
expansion_2D,2.8,0.0369998,2.0572432,0.00030697602,-4.2165797e-13,0.03740398,0.30431623,0.00040198286,0.012969741,0.7404470655433877,1.0286216,155.64810270869333,17.14245854184829,40.198285999999996,0.12000864374137721,False,coarse
expansion_2D,2.8,0.03760976,2.0399255,0.00029082697,-9.7944834e-13,0.037870945,0.32072607,0.0003890433,0.012359781,0.7526537015819297,1.01996275,148.32805547504427,16.99815476955235,38.904329999999995,0.12000864374137721,False,coarse
expansion_2D,2.8,0.038191033,2.0230281,0.00027628447,-3.4344681e-13,0.038281292,0.3393187,0.00037641221,0.011778508,0.7642862478964936,1.01151405,141.35227703769613,16.857353244985383,37.641220999999994,0.12000864374137721,False,coarse
expansion_2D,2.8,0.038744969,2.006055,0.00026179647,-2.8650354e-13,0.038693544,0.35799897,0.00036371921,0.011224572000000002,0.7753717209449652,1.0030275,134.7045662297438,16.715920932521477,36.371921,0.12000864374137721,False,coarse
expansion_2D,2.8,0.039272854,1.9887942,0.00024714798,-9.1448222e-13,0.039112716,0.37699147,0.00035081648,0.010696686999999996,0.7859358564050049,0.9943971,128.36948993960203,16.572091292739884,35.081647999999994,0.12000864374137721,False,coarse
expansion_2D,2.8,0.039775913,1.9719817,0.0002342329,-4.5573604e-13,0.039484537,0.39845597,0.00033854846,0.010193627999999996,0.7960031692106198,0.98599085,122.3323471084127,16.431997217214526,33.854845999999995,0.12000864374137721,False,coarse
expansion_2D,2.8,0.040255313,1.9553062,0.00022167969,-2.2986225e-13,0.039848443,0.42015106,0.00032641824,0.009714227999999998,0.805597013588738,0.9776531,116.5791327274511,16.29304472612617,32.641824,0.12000864374137721,False,coarse
expansion_2D,2.8,0.040712168,1.9381721,0.00020886933,-7.3644496e-13,0.040222312,0.44243998,0.00031395663,0.009257373,0.8147396831201632,0.96908605,111.09647783380441,16.150270843630466,31.395662999999995,0.12000864374137721,False,coarse
expansion_2D,2.8,0.041147537,1.9214125,0.00019735787,-5.8612064e-13,0.040565578,0.4668135,0.00030214716,0.008822004000000001,0.8234523707151923,0.96070625,105.87167351210047,16.010617569686985,30.214716,0.12000864374137721,False,coarse
expansion_2D,2.8,0.04156243,1.9049315,0.00018664933,-2.2431404e-13,0.040890423,0.49224726,0.00029074881,0.008407111000000002,0.8317552886867622,0.95246575,100.89259888932136,15.873285795189831,29.074880999999994,0.12000864374137721,False,coarse
expansion_2D,2.8,0.041957812,1.8879973,0.00017573209,-5.4201473e-13,0.041224207,0.51838072,0.0002790369,0.008011729000000002,0.8396677487992135,0.94399865,96.14767313134604,15.73217762604417,27.903689999999997,0.12000864374137721,False,coarse
expansion_2D,2.8,0.042334599,1.8712401,0.00016545514,-7.3676749e-13,0.041544375,0.54584526,0.00026770548,0.007634941999999999,0.8472080822195265,0.93562005,91.62590344640778,15.59254435066017,26.770547999999998,0.12000864374137721,False,coarse
expansion_2D,2.8,0.042693666,1.8549244,0.00015646959,-2.1950618e-13,0.041835992,0.57579179,0.00025718543,0.007275875000000001,0.8543937996148494,0.9274622,87.3167890781793,15.456589976947214,25.718543,0.12000864374137721,False,coarse
expansion_2D,2.8,0.043035846,1.8381759,0.00014733472,-3.278136e-13,0.042135429,0.60653705,0.00024638549,0.006933694999999997,0.8612415711403073,0.91908795,83.2103333066368,15.31702919634133,24.638548999999998,0.12000864374137721,False,coarse
expansion_2D,2.8,0.043361933,1.8213662,0.0001381864,-8.5604563e-13,0.042435874,0.63739015,0.00023554694,0.006607608000000001,0.8677672864755752,0.9106831,79.2970074454674,15.176958452468702,23.554693999999998,0.12000864374137721,False,coarse
expansion_2D,2.8,0.043672685,1.8048096,0.00013054207,-4.0080991e-13,0.042706095,0.67331818,0.0002257268,0.0062968559999999965,0.8739861148614514,0.9024048,75.56771483947531,15.038996723347923,22.57268,0.12000864374137721,False,coarse
expansion_2D,2.8,0.043968823,1.7883804,0.00012307222,-2.0598196e-13,0.042972957,0.70926329,0.00021602682,0.006000718000000002,0.8799124850876656,0.8941902,72.01380286544698,14.902096584426218,21.602681999999998,0.12000864374137721,False,coarse
expansion_2D,2.8,0.044251033,1.771476,0.00011542663,-5.9878007e-13,0.043247494,0.74624572,0.00020604638,0.005718507999999997,0.8855601255172627,0.885738,68.6270389304215,14.761236730727433,20.604637999999998,0.12000864374137721,False,coarse
expansion_2D,2.8,0.044519971,1.7547938,0.00010853168,-6.1610316e-13,0.043505871,0.78620557,0.00019668299,0.005449570000000001,0.8909421641475553,0.8773969,65.3995504673697,14.622228410327189,19.668298999999998,0.12000864374137721,False,coarse
expansion_2D,2.8,0.044776261,1.7384291,0.00010243271,-2.0294901e-13,0.043746599,0.82893057,0.000187992,0.0051932800000000015,0.8960710885857446,0.86921455,62.32384893692196,14.485865732691515,18.7992,0.12000864374137721,False,coarse
expansion_2D,2.8,0.045020498,1.7216384,9.6230215e-05,-3.1861102e-13,0.043993656,0.87277127,0.00017907492,0.004949043,0.9009588060854912,0.8608192,59.392793824775666,14.345953310748103,17.907491999999998,0.12000864374137721,False,coarse
expansion_2D,2.8,0.045253249,1.7048106,9.0020914e-05,-7.8131992e-13,0.044241184,0.91670477,0.00017013794,0.004716291999999997,0.905616663559107,0.8524053,56.599580640830695,14.205731744406062,17.013794,0.12000864374137721,False,coarse
expansion_2D,2.8,0.045475053,1.6879832,8.4901513e-05,-4.1050266e-13,0.044464499,0.96846042,0.0001621676,0.004494487999999998,0.9100554475775553,0.8439916,53.937740919189466,14.065513511157265,16.216759999999997,0.12000864374137721,False,coarse
expansion_2D,2.8,0.045686426,1.6713527,7.9958082e-05,-1.9184219e-13,0.044683212,1.0202715,0.00015437202,0.004283114999999997,0.914285484431406,0.83567635,51.40108221383484,13.926935993059159,15.437202,0.12000864374137721,False,coarse
expansion_2D,2.8,0.045887859,1.6542836,7.4911189e-05,-4.5668652e-13,0.044907682,1.0734485,0.00014637074,0.004081681999999996,0.9183166001064529,0.8271418,48.98371210035915,13.784703738216045,14.637073999999998,0.12000864374137721,False,coarse
expansion_2D,2.8,0.046079818,1.6373295,7.0142178e-05,-6.9142109e-13,0.045123503,1.1285976,0.00013867547,0.0038897229999999977,0.9221581202837145,0.81866475,46.680038175964064,13.643429747681358,13.867546999999998,0.12000864374137721,False,coarse
expansion_2D,2.8,0.046262749,1.6203284,6.6161212e-05,-2.8756812e-13,0.045316429,1.1916169,0.00013179338,0.0037067920000000004,0.9258189704003885,0.8101642,44.48470805513871,13.501764118690183,13.179338,0.12000864374137721,False,coarse
expansion_2D,2.8,0.046437077,1.6033221,6.220829e-05,-1.8190051e-13,0.045509481,1.2546609,0.0001249095,0.003532463999999999,0.9293076556376614,0.80166105,42.39262137052401,13.360055159486802,12.490949999999998,0.12000864374137721,False,coarse
expansion_2D,2.8,0.046603207,1.5858833,5.8165458e-05,-5.0909593e-13,0.04570739,1.3193039,0.0001178503,0.0033663339999999986,0.9326322809328987,0.79294165,40.39891777204851,13.214742293210426,11.785029999999999,0.12000864374137721,False,coarse
expansion_2D,2.8,0.046761524,1.5685202,5.4494812e-05,-6.1020013e-13,0.045888468,1.3881505,0.000111256,0.0032080170000000005,0.9358005509796458,0.7842601,38.49897692692817,13.070060214830988,11.125599999999999,0.12000864374137721,False,coarse
expansion_2D,2.8,0.046912395,1.5510869,5.1373462e-05,-2.4373281e-13,0.046044883,1.4644145,0.0001053263,0.0030571459999999967,0.9388198102520093,0.77554345,36.688394517937596,12.924793178586754,10.53263,0.12000864374137721,False,coarse
expansion_2D,2.8,0.047056171,1.5335571,4.8260418e-05,-1.7306706e-13,0.046202228,1.5411063,9.9364186e-05,0.0029133699999999985,0.9416970830290396,0.76677855,34.96295824168159,12.778722033596752,9.936418599999998,0.12000864374137721,False,coarse
expansion_2D,2.8,0.047193185,1.5156263,4.5080396e-05,-4.7875748e-13,0.046363119,1.6195478,9.3265333e-05,0.0027763560000000007,0.9444390333703485,0.75781315,33.318671810323515,12.629309462626937,9.3265333,0.12000864374137721,False,coarse
expansion_2D,2.8,0.047323755,1.4977417,4.2178441e-05,-6.0595968e-13,0.046502332,1.7019619,8.7573822e-05,0.002645785999999997,0.9470520251526826,0.74887085,31.75171894899231,12.480281863927113,8.7573822,0.12000864374137721,False,coarse
expansion_2D,2.8,0.047448185,1.4794212,3.9744762e-05,-2.7507046e-13,0.046602526,1.7947196,8.2525323e-05,0.0025213560000000024,0.9495421420821135,0.7397106,30.258451394918414,12.327622026861699,8.252532299999999,0.12000864374137721,False,coarse
expansion_2D,2.8,0.047566763,1.4611668,3.7336382e-05,-1.6553649e-13,0.046702407,1.8871483,7.7495306e-05,0.0024027780000000012,0.9519151476696573,0.7305834,28.835412899161895,12.1755129834553,7.749530599999999,0.12000864374137721,False,coarse
expansion_2D,2.8,0.047679764,1.4425793,3.4889844e-05,-3.6977416e-13,0.046804086,1.9812611,7.2373351e-05,0.002289777,0.9541765452678462,0.72128965,27.479303224019944,12.020628306647716,7.237335099999999,0.12000864374137721,False,coarse
expansion_2D,2.8,0.047787451,1.4243882,3.2503531e-05,-6.7264255e-13,0.046902211,2.0734962,6.7376085e-05,0.0021820899999999976,0.9563315980829202,0.7121941,26.186966142162145,11.869046725247609,6.7376084999999994,0.12000864374137721,False,coarse
expansion_2D,2.8,0.047890073,1.4045197,3.0616303e-05,-3.7607685e-13,0.046900727,2.1848391,6.3159963e-05,0.002079468000000001,0.9583852891504446,0.70225985,24.955413438359425,11.703487817317466,6.315996299999999,0.12000864374137721,False,coarse
expansion_2D,2.8,0.04798787,1.3852715,2.879266e-05,-1.5991785e-13,0.046899307,2.2927088,5.9075523e-05,0.0019816709999999974,0.9603424213962662,0.69263575,23.781764905161836,11.543097703739642,5.907552299999999,0.12000864374137721,False,coarse
expansion_2D,2.8,0.048081066,1.3658173,2.6962731e-05,-1.8901973e-13,0.046897913,2.4017386,5.4947563e-05,0.0018884750000000006,0.9622074775511746,0.68290865,22.663332348949737,11.38099104713977,5.4947563,0.12000864374137721,False,coarse
expansion_2D,2.8,0.04816988,1.3461112,2.5105921e-05,-4.639708e-13,0.046896442,2.5121718,5.076589e-05,0.001799661000000001,0.9639848402850048,0.6730556,21.597487580425078,11.216785375067785,5.076588999999999,0.12000864374137721,False,coarse
expansion_2D,2.8,0.048254517,1.3260266,2.3449146e-05,-5.3754963e-13,0.046822136,2.6244557,4.6987611e-05,0.0017150240000000025,0.9656786120969172,0.6630133,20.581770422391198,11.049425763511113,4.6987611,0.12000864374137721,False,coarse
expansion_2D,2.8,0.048335174,1.3046667,2.2061999e-05,-2.871477e-13,0.046627321,2.7434409,4.3738653e-05,0.0016343669999999977,0.967292735388544,0.65233335,19.613816704566315,10.87143941741065,4.373865299999999,0.12000864374137721,False,coarse
expansion_2D,2.8,0.048412037,1.28371,2.0707145e-05,-1.4709471e-13,0.046436212,2.8601863,4.055109e-05,0.0015575040000000012,0.9688309324274161,0.641855,18.69139426617701,10.696812829302859,4.055109,0.12000864374137721,False,coarse
expansion_2D,2.8,0.048485286,1.2626711,1.9353664e-05,-1.8871222e-13,0.046244377,2.9773937,3.7351082e-05,0.0014842549999999968,0.9702968054079184,0.63133555,17.812342951635745,10.521501290532871,3.7351081999999995,0.12000864374137721,False,coarse
expansion_2D,2.8,0.048555089,1.2414746,1.7986966e-05,-4.1664294e-13,0.046051052,3.0954686,3.412698e-05,0.0014144519999999966,0.9716937163781433,0.6207373,16.974646615727803,10.344876513023687,3.412698,0.12000864374137721,False,coarse
expansion_2D,2.8,0.04862161,1.2200114,1.6744434e-05,-5.2490727e-13,0.045762766,3.2053604,3.119904e-05,0.0013479309999999967,0.9730249473374191,0.6100057,16.17633711669579,10.166029395592261,3.1199039999999996,0.12000864374137721,False,coarse
expansion_2D,2.8,0.048685003,1.1959543,1.5731121e-05,-3.1740771e-13,0.045191318,3.3025838,2.8820953e-05,0.0012845380000000017,0.9742935801631638,0.59797715,15.41556632142614,9.9655680017293,2.8820952999999996,0.12000864374137721,False,coarse
expansion_2D,2.8,0.048745414,1.1728743,1.4759974e-05,-1.3792526e-13,0.044643085,3.3958606,2.6539451e-05,0.0012241269999999985,0.9755025366352675,0.58643715,14.690582103720066,9.773248521394715,2.6539451,0.12000864374137721,False,coarse
expansion_2D,2.8,0.048802984,1.149529,1.3786473e-05,-1.2662551e-13,0.04408861,3.4902251,2.4231776e-05,0.0011665569999999986,0.9766546384726648,0.5747645,13.99969234170096,9.578718366964257,2.4231776,0.12000864374137721,False,coarse
expansion_2D,2.8,0.048857846,1.1261187,1.2807494e-05,-2.5354569e-13,0.043532545,3.5848393,2.1917643e-05,0.0011116949999999959,0.9777525472967623,0.56305935,13.341300920406981,9.383646584881209,2.1917642999999996,0.12000864374137721,False,coarse
expansion_2D,2.8,0.048910129,1.1033585,1.1854676e-05,-4.2789647e-13,0.042991901,3.6768219,1.9667747e-05,0.0010594120000000026,0.9787988446802023,0.55167925,12.713859728334022,9.19399191259736,1.9667746999999998,0.12000864374137721,False,coarse
expansion_2D,2.8,0.048959952,1.0784482,1.1029433e-05,-4.3479364e-13,0.042104636,3.718097,1.7779651e-05,0.0010095889999999982,0.9797959120737171,0.5392241,12.115940662621306,8.986421030839189,1.7779651,0.12000864374137721,False,coarse
expansion_2D,2.8,0.049007433,1.0513678,1.0328876e-05,-2.761238e-13,0.04087306,3.7093051,1.6245966e-05,0.0009621079999999962,0.9807461109158478,0.5256839,11.546127621272849,8.76076728494436,1.6245965999999998,0.12000864374137721,False,coarse
expansion_2D,2.8,0.04905268,1.0255611,9.6612651e-06,-1.2491611e-13,0.039699404,3.7009267,1.478441e-05,0.000916860999999998,0.9816516025232251,0.51278055,11.00312451093626,8.545726941220332,1.478441,0.12000864374137721,False,coarse
expansion_2D,2.8,0.049095799,0.99929396,8.9884647e-06,-1.1101066e-13,0.038504866,3.6924147,1.3296781e-05,0.0008737419999999968,0.982514508188098,0.49964698,10.485659239987802,8.326849873860029,1.3296780999999998,0.12000864374137721,False,coarse
expansion_2D,2.8,0.049136891,0.97358244,8.328686e-06,-1.5068331e-13,0.037335575,3.684077,1.1840617e-05,0.0008326499999999973,0.9833368491417602,0.48679122,9.99251972112574,8.112602639674055,1.1840616999999998,0.12000864374137721,False,coarse
expansion_2D,2.8,0.04917605,0.94795244,7.6688992e-06,-2.7629108e-13,0.036169957,3.675756,1.0389071e-05,0.0007934910000000003,0.984120506530168,0.47397622,9.522577873098918,7.899034689891758,1.0389070999999999,0.12000864374137721,False,coarse
expansion_2D,2.8,0.049213367,0.9235278,7.0401418e-06,-3.9599158e-13,0.035059159,3.6678264,9.0057909e-06,0.0007561739999999983,0.9848673014627051,0.4617639,9.074741617249195,7.695510683299067,0.9005790899999999,0.12000864374137721,False,coarse
expansion_2D,2.8,0.04924893,0.89455467,6.5262645e-06,-3.5035483e-13,0.033265245,3.5343286,7.9946867e-06,0.000720610999999996,0.9855789950121816,0.447277335,8.647954877511708,7.45408532345217,0.7994686699999999,0.12000864374137721,False,coarse
expansion_2D,2.8,0.04928282,0.86461067,6.0714961e-06,-2.4145105e-13,0.03125451,3.355526,7.1569251e-06,0.0006867210000000012,0.9862572081660705,0.432305335,8.241245583872244,7.204569963004215,0.7156925099999999,0.12000864374137721,False,coarse
expansion_2D,2.8,0.049315116,0.83607492,5.6381151e-06,-1.3766894e-13,0.029338339,3.1851323,6.358563e-06,0.0006544250000000001,0.9869035218874634,0.41803746,7.853665668045079,6.966789173967923,0.6358562999999999,0.12000864374137721,False,coarse
expansion_2D,2.8,0.049345893,0.80765852,5.2093968e-06,-9.4277408e-14,0.027430159,3.0154451,5.5635226e-06,0.0006236479999999975,0.9875194370906869,0.40382926,7.48431506520221,6.730002896629115,0.5563522599999999,0.12000864374137721,False,coarse
expansion_2D,2.8,0.049375223,0.77995812,4.7928646e-06,-8.109341e-14,0.025570049,2.8500303,4.7885061e-06,0.0005943179999999965,0.988106394653495,0.38997906,7.132329713108739,6.499182856201898,0.47885060999999995,0.12000864374137721,False,coarse
expansion_2D,2.8,0.049403173,0.75234936,4.375988e-06,-1.2359281e-13,0.023716114,2.6851686,4.0160699e-06,0.0005663679999999977,0.9886657353926865,0.37617468,6.796905553851604,6.269126427437501,0.40160699,0.12000864374137721,False,coarse
expansion_2D,2.8,0.049429809,0.72533352,3.9671044e-06,-1.9617055e-13,0.021902004,2.5238507,3.260231e-06,0.0005397320000000011,0.9891987801128691,0.36266676,6.477250530382113,6.044010642792688,0.32602309999999995,0.12000864374137721,False,coarse
expansion_2D,2.8,0.049455193,0.69958821,3.5774504e-06,-2.6533501e-13,0.02017321,2.3701195,2.5399388e-06,0.0005143479999999978,0.9897067695698867,0.349794105,6.172620589108961,5.8294818455546995,0.25399388,0.12000864374137721,False,coarse
expansion_2D,2.8,0.049479382,0.67405753,3.2326711e-06,-3.0437377e-13,0.018563456,2.2223521,1.9538295e-06,0.000490158999999997,0.9901908444586274,0.337028765,5.882331680762935,5.616741502825558,0.19538295,0.12000864374137721,False,coarse
expansion_2D,2.8,0.049502434,0.64601647,3.0030155e-06,-2.4146318e-13,0.017169987,2.0768177,1.7689761e-06,0.0004671070000000013,0.9906521654861709,0.323008235,5.605687755210364,5.38308283353479,0.17689760999999998,0.12000864374137721,False,coarse
expansion_2D,2.8,0.049524402,0.61929417,2.7841605e-06,-1.8151123e-13,0.015842053,1.9381278,1.5928163e-06,0.0004451389999999972,0.9910917932986417,0.309647085,5.342052766639257,5.160413039369067,0.15928163,0.12000864374137721,False,coarse
expansion_2D,2.8,0.049545336,0.59382859,2.5755981e-06,-1.2437879e-13,0.01457657,1.8059603,1.4249411e-06,0.00042420499999999695,0.9915107285055911,0.296914295,5.090826671831055,4.948215157565826,0.14249410999999998,0.12000864374137721,False,coarse
expansion_2D,2.8,0.049565287,0.56936385,2.3754764e-06,-7.4891335e-14,0.01336081,1.6789848,1.2636614e-06,0.0004042539999999997,0.9919099917287614,0.284681925,4.8513974267026665,4.744357008375154,0.12636614,0.12000864374137721,False,coarse
expansion_2D,2.8,0.049584298,0.54464013,2.1749691e-06,-6.3242493e-14,0.012132088,1.5506479,1.1006582e-06,0.0003852430000000004,0.9922904434923667,0.272320065,4.623248994085943,4.538340847961905,0.11006582,0.12000864374137721,False,coarse
expansion_2D,2.8,0.049602416,0.52107915,1.9838915e-06,-5.2141489e-14,0.010961152,1.4283465,9.4532095e-07,0.0003671249999999959,0.9926530243693854,0.260539575,4.4058173333552615,4.342013489652826,0.09453209499999998,0.12000864374137721,False,coarse
expansion_2D,2.8,0.049619682,0.49818814,1.7978551e-06,-5.2642517e-14,0.0098235399,1.309528,7.9440556e-07,0.000349859000000001,0.9929985548596494,0.24909407,4.19861040907146,4.151268812549976,0.079440556,0.12000864374137721,False,coarse
expansion_2D,2.8,0.049636136,0.47520676,1.6100595e-06,-8.2633304e-14,0.0086815065,1.1902536,6.429068e-07,0.0003334050000000019,0.9933278354507998,0.23760338,4.001148186659409,3.9597711063553644,0.06429068,0.12000864374137721,False,coarse
expansion_2D,2.8,0.049651815,0.45330618,1.4310958e-06,-1.1121364e-13,0.0075931823,1.0765886,4.9853293e-07,0.00031772599999999734,0.9936416065939049,0.22665309,3.8129866341372494,3.7772794181133365,0.04985329299999999,0.12000864374137721,False,coarse
expansion_2D,2.8,0.049666758,0.43243557,1.2605486e-06,-1.3844986e-13,0.0065560413,0.96826927,3.6094888e-07,0.0003027830000000009,0.9939406487644142,0.216217785,3.633657717794552,3.603370194999567,0.036094888,0.12000864374137721,False,coarse
expansion_2D,2.8,0.049680998,0.4125465,1.0980222e-06,-1.6440518e-13,0.0055676765,0.86504408,2.2983532e-07,0.0002885430000000022,0.9942256223646321,0.20627325,3.4627654091068467,3.4376398827492127,0.022983531999999997,0.12000864374137721,False,coarse
expansion_2D,2.8,0.049694568,0.39374051,9.5929104e-07,-1.8046775e-13,0.0047375674,0.77636112,1.2530456e-07,0.0002749729999999978,0.9944971877968621,0.196870255,3.2999136795497446,3.2809345870829474,0.012530455999999997,0.12000864374137721,False,coarse
expansion_2D,2.8,0.0497075,0.37648175,8.9955537e-07,-1.5686428e-13,0.004448012,0.73531599,1.1729662e-07,0.0002620409999999976,0.9947559854512172,0.188240875,3.144718501463393,3.137121946076911,0.011729662,0.12000864374137721,False,coarse
expansion_2D,2.8,0.049719823,0.36003465,8.4262904e-07,-1.3437087e-13,0.0041720742,0.69620118,1.0966528e-07,0.000249717999999996,0.9950025956812372,0.180017325,2.996831849780875,3.000072651232416,0.010966528,0.12000864374137721,False,coarse
expansion_2D,2.8,0.049731567,0.34436105,7.8837992e-07,-1.1293531e-13,0.0039091136,0.65892593,1.0239285e-07,0.0002379740000000019,0.9952376188526526,0.172180525,2.8558936985710726,2.8694687254537268,0.010239284999999999,0.12000864374137721,False,coarse
expansion_2D,2.8,0.049742759,0.32942457,7.366821e-07,-9.250785e-14,0.0036585199,0.62340371,9.5462434e-08,0.00022678200000000176,0.9954615952946215,0.164712285,2.7215800244957213,2.745007023910056,0.0095462434,0.12000864374137721,False,coarse
expansion_2D,2.8,0.049753425,0.31519055,6.874156e-07,-7.3041084e-14,0.0034197115,0.58955207,8.8857952e-08,0.0002161160000000023,0.9956750453241104,0.157595275,2.593578805081175,2.6263987340715773,0.0088857952,0.12000864374137721,False,coarse
expansion_2D,2.8,0.049763588,0.30162594,6.4046608e-07,-5.4489828e-14,0.0031921341,0.55729246,8.2564074e-08,0.00020595300000000177,0.9958784292215132,0.15081297,2.471614020446807,2.513368459108782,0.008256407399999999,0.12000864374137721,False,coarse
expansion_2D,2.8,0.049773274,0.28831788,5.9460202e-07,-4.1594989e-14,0.0029688517,0.52564099,7.6388992e-08,0.00019626699999999997,0.9960722673037962,0.14415894,2.3553736481188876,2.402475946827089,0.0076388991999999985,0.12000864374137721,False,coarse
expansion_2D,2.8,0.049782505,0.27514685,5.4945609e-07,-3.5438423e-14,0.002747857,0.49431295,7.0277193e-08,0.00018703600000000153,0.9962569998391619,0.137573425,2.2445936690812407,2.292725268964384,0.0070277193,0.12000864374137721,False,coarse
expansion_2D,2.8,0.049791301,0.26259524,5.0643336e-07,-2.9571396e-14,0.0025372555,0.46445824,6.4452829e-08,0.00017823999999999618,0.9964330270714314,0.13129762,2.1390340660462615,2.1881360526488565,0.0064452829,0.12000864374137721,False,coarse
expansion_2D,2.8,0.049799683,0.25063393,4.6543396e-07,-2.3980293e-14,0.0023365584,0.43600758,5.890238e-08,0.0001698580000000019,0.9966007692566157,0.125316965,2.0384428208623078,2.088465648692146,0.005890238,0.12000864374137721,False,coarse
expansion_2D,2.8,0.049807672,0.23923515,4.2636274e-07,-1.8652136e-14,0.0021453001,0.40889495,5.3612967e-08,0.00016186900000000198,0.9967606466507266,0.119617575,1.9425679153773225,1.993482657095601,0.0053612967,0.12000864374137721,False,coarse
expansion_2D,2.8,0.049815284,0.22829208,3.8881983e-07,-1.4586697e-14,0.0019616898,0.38286663,4.8535065e-08,0.00015425699999999792,0.9969129794488206,0.11414604,1.8512173357613373,1.90229697530769,0.004853506499999999,0.12000864374137721,False,coarse
expansion_2D,2.8,0.049822539,0.21717258,3.503839e-07,-1.9415751e-14,0.0017751346,0.35642201,4.3375696e-08,0.00014700200000000024,0.9970581678947181,0.10858629,1.764151064726996,1.8096411494159907,0.0043375696,0.12000864374137721,False,coarse
expansion_2D,2.8,0.049829452,0.20657601,3.1375558e-07,-2.4017698e-14,0.001597353,0.33122106,3.845897e-08,0.00014008899999999602,0.9971965121712846,0.103288005,1.6811890893085315,1.7213427596530335,0.0038458969999999996,0.12000864374137721,False,coarse
expansion_2D,2.8,0.049836041,0.1964778,2.7884988e-07,-2.8403218e-14,0.0014279323,0.3072053,3.3773475e-08,0.00013350000000000167,0.9973283724979582,0.0982389,1.6021153939474055,1.6371970707661399,0.0033773475,0.12000864374137721,False,coarse
expansion_2D,2.8,0.049842319,0.18685451,2.4558577e-07,-3.258249e-14,0.0012664794,0.28431899,2.9308335e-08,0.00012722199999999628,0.9974540090332229,0.093427255,1.5267739674065044,1.5570087634910528,0.0029308335,0.12000864374137721,False,coarse
expansion_2D,2.8,0.049848302,0.17768379,2.1388605e-07,-3.6565213e-14,0.0011126196,0.26250901,2.5053189e-08,0.00012123900000000215,0.9975737419721346,0.088841895,1.4549727958561087,1.4805916012426132,0.0025053188999999997,0.12000864374137721,False,coarse
expansion_2D,2.8,0.049854004,0.16894436,1.8367716e-07,-4.036063e-14,0.00096599563,0.24172473,2.0998159e-08,0.00011553699999999889,0.9976878514853679,0.08447218,1.3865438671947365,1.4077682634600968,0.0020998159,0.12000864374137721,False,coarse
expansion_2D,2.8,0.049859438,0.16061594,1.5488896e-07,-4.3977552e-14,0.00082626734,0.22191793,1.7133835e-08,0.00011010300000000028,0.997796597731406,0.08030797,1.3213311701856887,1.3383697623158957,0.0017133835,0.12000864374137721,False,coarse
expansion_2D,2.8,0.049864616,0.15267921,1.2745466e-07,-4.7424372e-14,0.00069311039,0.20304263,1.3451249e-08,0.00010492499999999877,0.9979002208565414,0.076339605,1.2591906944563855,1.272235109406194,0.0013451249,0.12000864374137721,False,coarse
expansion_2D,2.8,0.04986955,0.14511573,1.0131058e-07,-5.070909e-14,0.00056621572,0.18505503,9.9418514e-09,9.999100000000066e-05,0.9979989610070663,0.072557865,1.1999784296344127,1.2092106491323193,0.00099418514,0.12000864374137721,False,coarse
expansion_2D,2.8,0.049874253,0.13790796,7.6396042e-08,-5.3839329e-14,0.00044528885,0.16791337,6.5974993e-09,9.528799999999893e-05,0.9980930783414641,0.06895398,1.1435383644828223,1.1491502253554038,0.0006597499299999999,0.12000864374137721,False,coarse
expansion_2D,2.8,0.049878734,0.13103917,5.2653217e-08,-5.6822356e-14,0.00033004909,0.15157788,3.41043e-09,9.08069999999983e-05,0.9981827529694539,0.065519585,1.0897624912223036,1.0919144314504043,0.00034104299999999997,0.12000864374137721,False,coarse
expansion_2D,2.8,0.049883005,0.12574448,3.7567018e-08,-5.7693615e-14,0.00025623224,0.1402721,1.4148772e-09,8.653599999999817e-05,0.9982682250373283,0.06287224,1.0385067994803598,1.0477951927444802,0.00014148771999999998,0.12000864374137721,True,coarse
expansion_2D,2.8,0.049887075,0.12294505,3.6728097e-08,-5.4984193e-14,0.00025052929,0.13714933,1.3833784e-09,8.246599999999632e-05,0.9983496746548063,0.061472525,0.9896632814775971,1.0244682896754576,0.00013833784,0.12000864374137721,True,coarse
expansion_2D,2.8,0.049890953,0.12027727,3.592863e-08,-5.2402195e-14,0.00024509454,0.13417343,1.3533609e-09,7.858799999999749e-05,0.9984272819316071,0.060138635,0.943123929434705,1.0022383909212549,0.00013533609,0.12000864374137721,True,coarse
expansion_2D,2.8,0.049894649,0.11773495,3.5166762e-08,-4.9941626e-14,0.00023991539,0.13133748,1.3247551e-09,7.489200000000001e-05,0.9985012469896412,0.058867475,0.8987687347079223,0.9810539168638794,0.00013247550999999998,0.12000864374137721,True,coarse
expansion_2D,2.8,0.049898171,0.1153122,3.4440723e-08,-4.7596776e-14,0.00023497981,0.1286349,1.2974947e-09,7.137000000000115e-05,0.9985717299264366,0.0576561,0.8565016903822229,0.960865787705274,0.00012974946999999999,0.12000864374137721,True,coarse
expansion_2D,2.8,0.049901528,0.11300339,3.374883e-08,-4.5362203e-14,0.00023027635,0.12605942,1.2715162e-09,6.801299999999871e-05,0.9986389108517126,0.056501695,0.8162147886782132,0.9416270901579908,0.00012715161999999998,0.12000864374137721,True,coarse
expansion_2D,2.8,0.049904726,0.11080317,3.3089476e-08,-4.3232721e-14,0.00022579409,0.12360507,1.2467596e-09,6.481499999999585e-05,0.9987029098386155,0.055401585,0.7778360244096866,0.9232932440998557,0.00012467596,0.12000864374137721,True,coarse
expansion_2D,2.8,0.049907774,0.10870641,3.2461131e-08,-4.1203387e-14,0.00022152263,0.12126614,1.2231672e-09,6.17669999999973e-05,0.9987639069968645,0.054353205,0.7412573897973321,0.9058215026099794,0.00012231672,0.12000864374137721,True,coarse
expansion_2D,2.8,0.049910679,0.10670827,3.1862337e-08,-3.9269492e-14,0.00021745205,0.11903721,1.2006844e-09,5.88619999999998e-05,0.9988220424117964,0.053354135,0.7063948787904921,0.889171535260077,0.00012006843999999999,0.12000864374137721,True,coarse
expansion_2D,2.8,0.049913448,0.1048041,3.1291704e-08,-3.7426546e-14,0.00021357291,0.11691311,1.1792589e-09,5.6093000000000115e-05,0.9988774561687489,0.05240205,0.6731644853385085,0.8733045948411555,0.00011792588999999999,0.12000864374137721,True,coarse
expansion_2D,2.8,0.049916086,0.10298948,3.0747907e-08,-3.5670273e-14,0.0002098762,0.1148889,1.158841e-09,5.345500000000086e-05,0.9989302483286768,0.05149474,0.6415062051195421,0.858183850672839,0.0001158841,0.12000864374137721,True,coarse
expansion_2D,2.8,0.0499186,0.1012602,3.0229685e-08,-3.3996597e-14,0.00020635335,0.11295989,1.1393834e-09,5.094099999999879e-05,0.9989805589769176,0.0506301,0.6113360320829351,0.843774221948706,0.00011393834,0.12000864374137721,True,coarse
expansion_2D,2.8,0.049920995,0.099612244,2.9735834e-08,-3.2401633e-14,0.00020299617,0.1111216,1.1208409e-09,4.8545999999996536e-05,0.9990284881744261,0.049806122,0.5825939619068482,0.8300422444125596,0.00011208408999999999,0.12000864374137721,True,coarse
expansion_2D,2.8,0.049923278,0.098041793,2.9265209e-08,-3.0881678e-14,0.00019979689,0.10936976,1.1031704e-09,4.626299999999778e-05,0.9990741760065397,0.0490208965,0.5551959885407067,0.8169560953566267,0.00011031703999999998,0.12000864374137721,True,coarse
expansion_2D,2.8,0.049925454,0.0965452,2.8816717e-08,-2.9433207e-14,0.00019674806,0.10770031,1.0863309e-09,4.408699999999821e-05,0.9991177225342134,0.0482726,0.5290821076625881,0.8044853853032308,0.00010863309,0.12000864374137721,True,coarse
expansion_2D,2.8,0.049927528,0.095118991,2.8389318e-08,-2.8052856e-14,0.00019384261,0.10610937,1.0702834e-09,4.201300000000047e-05,0.9991592278184024,0.0475594955,0.5041923149506536,0.7926011663375242,0.00010702833999999999,0.12000864374137721,True,coarse
expansion_2D,2.8,0.049929503,0.093759856,2.7982018e-08,-2.6737422e-14,0.00019107381,0.10459326,1.0549906e-09,4.0037999999999185e-05,0.9991987518956799,0.046879928,0.48049060781171626,0.7812758571128905,0.00010549906,0.12000864374137721,True,coarse
expansion_2D,2.8,0.049931386,0.09246464,2.7593874e-08,-2.5483852e-14,0.00018843522,0.10314845,1.040417e-09,3.815499999999805e-05,0.9992364348513828,0.04623232,0.4578929801952013,0.7704831678563463,0.0001040417,0.12000864374137721,True,coarse
expansion_2D,2.8,0.049933181,0.091230337,2.7223984e-08,-2.4289237e-14,0.00018592072,0.10177158,1.0265288e-09,3.635999999999917e-05,0.9992723567342754,0.0456151685,0.4363514286436375,0.7601980503721427,0.00010265287999999999,0.12000864374137721,True,coarse
expansion_2D,2.8,0.049934891,0.090054083,2.687149e-08,-2.3150804e-14,0.00018352448,0.10045947,1.0132937e-09,3.464999999999718e-05,0.9993065775809308,0.0450270415,0.4158299505638382,0.7503966397126333,0.00010132937,0.12000864374137721,True,coarse
expansion_2D,2.8,0.04993652,0.088933147,2.6535573e-08,-2.2065911e-14,0.00018124094,0.099209065,1.0006811e-09,3.302100000000113e-05,0.9993391774401129,0.0444665735,0.39628054249841527,0.7410561791836763,0.00010006811,0.12000864374137721,True,coarse
expansion_2D,2.8,0.049938073,0.087864928,2.6215455e-08,-2.103204e-14,0.00017906478,0.098017468,9.8866168e-10,3.1467999999999774e-05,0.9993702563727772,0.043932464,0.37764320012536307,0.7321549953464349,9.886616799999999e-05,0.12000864374137721,True,coarse
expansion_2D,2.8,0.049939553,0.086846947,2.5910391e-08,-2.0046791e-14,0.00017699097,0.09688191,9.772075e-10,2.9988000000001624e-05,0.9993998744154964,0.0434234735,0.35988192085166143,0.7236724313555128,9.772074999999999e-05,0.12000864374137721,True,coarse
expansion_2D,2.8,0.049940964,0.085876841,2.5619674e-08,-1.9107878e-14,0.00017501469,0.095799757,9.66292e-10,2.857700000000185e-05,0.9994281116170348,0.0429384205,0.3429487012197558,0.7155887969625552,9.662919999999999e-05,0.12000864374137721,True,coarse
expansion_2D,2.8,0.049942308,0.084952358,2.534263e-08,-1.8213121e-14,0.00017313136,0.094768497,9.5588985e-10,2.7233000000001506e-05,0.9994550080017744,0.042476179,0.3268195395009106,0.7078853268525831,9.5588985e-05,0.12000864374137721,True,coarse
expansion_2D,2.8,0.049943588,0.084071354,2.5078614e-08,-1.7360444e-14,0.00017133659,0.093785736,9.459769e-10,2.595300000000217e-05,0.9994806236062884,0.042035677,0.3114584331020223,0.7005441556457941,9.459768999999998e-05,0.12000864374137721,True,coarse
expansion_2D,2.8,0.049944809,0.083231782,2.4827016e-08,-1.6547868e-14,0.00016962623,0.092849194,9.3653016e-10,2.4731999999999532e-05,0.9995050584915319,0.041615891,0.29680537770116844,0.6935482262374982,9.365301599999998e-05,0.12000864374137721,True,coarse
expansion_2D,2.8,0.049945972,0.082431695,2.4587249e-08,-1.5773507e-14,0.00016799631,0.091956697,9.2752769e-10,2.356900000000106e-05,0.9995283326696957,0.0412158475,0.2828483724340647,0.6868813147963172,9.2752769e-05,0.12000864374137721,True,coarse
expansion_2D,2.8,0.049947081,0.081669236,2.4358759e-08,-1.5035564e-14,0.00016644304,0.091106174,9.189486e-10,2.2460000000001923e-05,0.9995505261895441,0.040834618,0.2695394138431563,0.6805279474368533,9.189485999999999e-05,0.12000864374137721,True,coarse
expansion_2D,2.8,0.049948137,0.080942634,2.4141015e-08,-1.4332326e-14,0.00016496283,0.09029565,9.1077299e-10,2.1404000000002643e-05,0.9995716590632681,0.040471317,0.2568665010640755,0.6744733668887567,9.1077299e-05,0.12000864374137721,True,coarse
expansion_2D,2.8,0.049949144,0.079724387,2.3779125e-08,-1.3660967e-14,0.00016248086,0.088936558,8.9706485e-10,2.039699999999839e-05,0.9995918113396319,0.0398621935,0.24478163063926772,0.6643220397674755,8.9706485e-05,0.12000864374137721,True,coarse
expansion_2D,2.8,0.049950103,0.078342716,2.3369449e-08,-1.3020681e-14,0.0001596659,0.087395115,8.8151767e-10,1.9437999999996625e-05,0.9996110030308264,0.039171358,0.23327280170444847,0.6528089440693229,8.8151767e-05,0.12000864374137721,True,coarse
expansion_2D,2.8,0.049951017,0.077026024,2.297904e-08,-1.2410506e-14,0.00015698333,0.085926165,8.6670167e-10,1.852399999999893e-05,0.9996292941734246,0.038513012,0.2223040116665143,0.6418373010363633,8.667016699999999e-05,0.12000864374137721,True,coarse
expansion_2D,2.8,0.049951888,0.075771255,2.2606992e-08,-1.1829029e-14,0.00015442692,0.084526299,8.5258246e-10,1.765299999999942e-05,0.9996467247918087,0.0378856275,0.2118512587966462,0.6313816458361923,8.5258246e-05,0.12000864374137721,True,coarse
expansion_2D,2.8,0.049952718,0.074575497,2.2252442e-08,-1.1274897e-14,0.00015199074,0.083192268,8.3912727e-10,1.6822999999999144e-05,0.9996633349103607,0.0372877485,0.2018905413661086,0.6214177135499739,8.3912727e-05,0.12000864374137721,True,coarse
expansion_2D,2.8,0.04995351,0.073435975,2.1914565e-08,-1.0746826e-14,0.00014966913,0.081920976,8.2630486e-10,1.6030999999999684e-05,0.9996791845656537,0.0367179875,0.192385856781798,0.6119223808433089,8.2630486e-05,0.12000864374137721,True,coarse
expansion_2D,2.8,0.049954264,0.072350045,2.1592579e-08,-1.0243591e-14,0.0001474567,0.080709472,8.1408549e-10,1.527700000000104e-05,0.9996942737576877,0.0361750225,0.18333720504371442,0.6028736159698368,8.140854899999999e-05,0.12000864374137721,True,coarse
expansion_2D,2.8,0.049954982,0.071315184,2.1285735e-08,-9.7640214e-15,0.00014534832,0.079554944,8.0244079e-10,1.4558999999997324e-05,0.9997086425108448,0.035657592,0.17472058442303895,0.594250395443904,8.0244079e-05,0.12000864374137721,True,coarse
expansion_2D,2.8,0.049955667,0.070328993,2.0993322e-08,-9.3070062e-15,0.0001433391,0.078454713,7.9134373e-10,1.3873999999997055e-05,0.999722350861698,0.0351644965,0.1664999923267514,0.5860327290387635,7.9134373e-05,0.12000864374137721,True,coarse
expansion_2D,2.8,0.049956319,0.069389182,2.0714661e-08,-8.8714841e-15,0.00014142437,0.077406225,7.8076856e-10,1.3222000000000234e-05,0.9997353988102472,0.034694591,0.15867542875485174,0.5782015347955777,7.8076856e-05,0.12000864374137721,True,coarse
expansion_2D,2.8,0.049956941,0.068493569,2.0449106e-08,-8.4564443e-15,0.00013959969,0.076407047,7.7069073e-10,1.2600000000001499e-05,0.9997478463930657,0.0342467845,0.15121089111415326,0.5707386306906861,7.7069073e-05,0.12000864374137721,True,coarse
expansion_2D,2.8,0.049957534,0.067640077,2.0196039e-08,-8.0609237e-15,0.00013786082,0.075454859,7.6108685e-10,1.2007000000001378e-05,0.9997597136223444,0.0338200385,0.14409437854028814,0.5636267096374051,7.6108685e-05,0.12000864374137721,True,coarse
expansion_2D,2.8,0.049958098,0.066826724,1.9954874e-08,-7.6840041e-15,0.00013620373,0.074547453,7.5193465e-10,1.144299999999987e-05,0.9997710004980834,0.033413362,0.13732589103325638,0.5568492561586973,7.5193465e-05,0.12000864374137721,True,coarse
expansion_2D,2.8,0.049958637,0.066051622,1.9725051e-08,-7.3248109e-15,0.00013462457,0.073682721,7.4321286e-10,1.0903999999999081e-05,0.9997817870690467,0.033025811,0.13085742513558668,0.5503905380544384,7.432128599999999e-05,0.12000864374137721,True,coarse
expansion_2D,2.8,0.049959149,0.065312973,1.9506036e-08,-6.9825103e-15,0.00013311968,0.072858657,7.3490126e-10,1.0391999999997958e-05,0.9997920333108523,0.0326564865,0.1247129825760147,0.5442355730704842,7.3490126e-05,0.12000864374137721,True,coarse
expansion_2D,2.8,0.049959638,0.064609062,1.9297321e-08,-6.6563078e-15,0.00013168556,0.072073348,7.2698054e-10,9.902999999998607e-06,0.9998018192722643,0.032304531,0.11884455989706913,0.5383700705695397,7.2698054e-05,0.12000864374137721,True,coarse
expansion_2D,2.8,0.049960104,0.063938256,1.9098422e-08,-6.3454466e-15,0.00013031889,0.071324972,7.1943233e-10,9.437000000001028e-06,0.9998111449532826,0.031969128,0.11325215709875,0.5327804231984252,7.194323299999999e-05,0.12000864374137721,True,coarse
expansion_2D,2.8,0.049960548,0.063298997,1.8908877e-08,-6.0492049e-15,0.00012901649,0.070611792,7.1223911e-10,8.992999999998808e-06,0.9998200303660985,0.0316494985,0.1079237733166062,0.5274536485589449,7.1223911e-05,0.12000864374137721,True,coarse
expansion_2D,2.8,0.049960971,0.062689803,1.8728247e-08,-5.7668953e-15,0.00012777535,0.069932152,7.0538418e-10,8.569999999999411e-06,0.9998284955229026,0.0313449015,0.1028474076863532,0.5223773975406197,7.053841799999999e-05,0.12000864374137721,True,coarse
expansion_2D,2.8,0.049961374,0.062109258,1.8556111e-08,-5.4978625e-15,0.00012659257,0.069284475,6.9885164e-10,8.166999999996427e-06,0.9998365604358864,0.031054629,0.09801105934353987,0.5175398709933562,6.9885164e-05,0.12000864374137721,True,coarse
expansion_2D,2.8,0.049961758,0.061556016,1.8392071e-08,-5.2414822e-15,0.00012546542,0.068667258,6.9262631e-10,7.78299999999732e-06,0.9998442451172406,0.030778008,0.09340272742388171,0.5129298530583792,6.9262631e-05,0.12000864374137721,True,coarse
expansion_2D,2.8,0.049962124,0.061028793,1.8235745e-08,-4.9971594e-15,0.00012439128,0.068079068,6.8669376e-10,7.417000000002616e-06,0.9998515695791562,0.0305143965,0.08901041106301086,0.5085366445063672,6.866937599999999e-05,0.12000864374137721,True,coarse
expansion_2D,2.8,0.049962473,0.060526364,1.8086771e-08,-4.7643268e-15,0.00012336765,0.067518541,6.8104022e-10,7.067999999998964e-06,0.9998585538338245,0.030263182,0.08482210939639297,0.5043500377392517,6.810402199999999e-05,0.12000864374137721,True,coarse
expansion_2D,2.8,0.049962805,0.060047565,1.7944804e-08,-4.5424443e-15,0.00012239217,0.066984375,6.7565255e-10,6.736000000000242e-06,0.9998651978812453,0.0300237825,0.08083782242419459,0.500360333455685,6.756525499999999e-05,0.12000864374137721,True,coarse
expansion_2D,2.8,0.049963122,0.059591283,1.7809513e-08,-4.3309967e-15,0.00012146256,0.06647533,6.7051827e-10,6.419000000000563e-06,0.9998715417458007,0.0297956415,0.07703354841759678,0.4965582573237082,6.7051827e-05,0.12000864374137721,True,coarse
expansion_2D,2.8,0.049963424,0.05915646,1.7680585e-08,-4.1294934e-15,0.00012057667,0.065990225,6.6562545e-10,6.116999999999928e-06,0.9998775854274907,0.02957823,0.07340928737659957,0.49293499331168367,6.6562545e-05,0.12000864374137721,True,coarse
expansion_2D,2.8,0.049963712,0.058742086,1.755772e-08,-3.9374667e-15,0.00011973244,0.065527935,6.6096273e-10,5.828999999998863e-06,0.9998833489385064,0.029371043,0.06995303843683512,0.4894821253591636,6.609627299999999e-05,0.12000864374137721,True,coarse
expansion_2D,2.8,0.049963986,0.0583472,1.7440633e-08,-3.7544709e-15,0.00011892792,0.065087386,6.565193e-10,5.554999999997368e-06,0.9998888322788477,0.0291736,0.06666480159830344,0.48619164570962276,6.565193e-05,0.12000864374137721,True,coarse
expansion_2D,2.8,0.049964247,0.057970886,1.7329053e-08,-3.5800813e-15,0.00011816123,0.064667555,6.5228484e-10,5.293999999995969e-06,0.9998940554607056,0.028985443,0.06353257599663671,0.48305592157952615,6.5228484e-05,0.12000864374137721,True,coarse
expansion_2D,2.8,0.049964496,0.057612269,1.7222721e-08,-3.4138931e-15,0.0001174306,0.064267469,6.4824953e-10,5.045000000002131e-06,0.9998990384962712,0.0288061345,0.06054436076755037,0.4800676618273967,6.482495299999999e-05,0.12000864374137721,True,coarse
expansion_2D,2.8,0.049964733,0.057270518,1.7121389e-08,-3.2555207e-15,0.00011673433,0.063886199,6.4440399e-10,4.808000000001977e-06,0.9999037813855444,0.028635259,0.05770015591087789,0.47721994195201434,6.444039899999999e-05,0.12000864374137721,True,coarse
expansion_2D,2.8,0.049964959,0.056944839,1.7024823e-08,-3.1045963e-15,0.00011607081,0.06352286,6.4073931e-10,4.581999999996034e-06,0.9999083041407165,0.0284724195,0.054987960562251435,0.47450614576328437,6.4073931e-05,0.12000864374137721,True,coarse
expansion_2D,2.8,0.049965175,0.056634477,1.6932798e-08,-2.96077e-15,0.00011543849,0.063176608,6.3724698e-10,4.365999999998704e-06,0.9999126267739782,0.0283172385,0.05239577385746973,0.4719199820477037,6.3724698e-05,0.12000864374137721,True,coarse
expansion_2D,2.8,0.04996538,0.05633871,1.6845101e-08,-2.8237077e-15,0.00011483591,0.062846641,6.3391888e-10,4.161000000002524e-06,0.9999167292731386,0.028169355,0.04993559666081734,0.469455434571962,6.339188799999999e-05,0.12000864374137721,True,coarse
expansion_2D,2.8,0.049965576,0.056056854,1.6761529e-08,-2.6930913e-15,0.00011426167,0.062532191,6.3074731e-10,3.965000000001606e-06,0.9999206516625798,0.028028427,0.047583427243475335,0.46710680374660735,6.307473099999999e-05,0.12000864374137721,True,coarse
expansion_2D,2.8,0.049965762,0.055788253,1.6681887e-08,-2.5686177e-15,0.00011371443,0.06223253,6.2772489e-10,3.779000000002364e-06,0.9999243739301107,0.0278941265,0.04535126646989481,0.46486862329871526,6.2772489e-05,0.12000864374137721,True,coarse
expansion_2D,2.8,0.04996594,0.055532284,1.660599e-08,-2.449998e-15,0.00011319293,0.061946962,6.2484462e-10,3.6009999999989106e-06,0.9999279361001134,0.027766142,0.04321511261125686,0.4627357019355539,6.248446199999999e-05,0.12000864374137721,True,coarse
expansion_2D,2.8,0.04996611,0.055288353,1.6533663e-08,-2.336957e-15,0.00011269596,0.061674824,6.220998e-10,3.4309999999981855e-06,0.9999313381725881,0.0276441765,0.04117496566764474,0.460703090013652,6.220997999999999e-05,0.12000864374137721,True,coarse
expansion_2D,2.8,0.049966271,0.055055894,1.6464737e-08,-2.2292322e-15,0.00011222236,0.061415484,6.1948407e-10,3.269999999999662e-06,0.9999345601353432,0.027527947,0.03924282650342629,0.4587660712060655,6.1948407e-05,0.12000864374137721,True,coarse
expansion_2D,2.8,0.049966425,0.054834368,1.6399053e-08,-2.1265737e-15,0.00011177103,0.061168341,6.1699136e-10,3.115999999997454e-06,0.9999376420127614,0.027417184,0.03739469338978258,0.4569201541696444,6.169913599999999e-05,0.12000864374137721,True,coarse
expansion_2D,2.8,0.049966571,0.05462326,1.6336458e-08,-2.0287431e-15,0.00011134093,0.060932821,6.1461588e-10,2.9699999999979743e-06,0.9999405637926513,0.02731163,0.035642567191164716,0.45516104754683356,6.1461588e-05,0.12000864374137721,True,coarse
expansion_2D,2.8,0.049966711,0.05442208,1.6276807e-08,-1.9355134e-15,0.00011093105,0.060708377,6.1235211e-10,2.830000000002275e-06,0.9999433654993949,0.02721104,0.03396244617883705,0.45348466829840584,6.123521099999999e-05,0.12000864374137721,True,coarse
expansion_2D,2.8,0.049966844,0.054230361,1.6219961e-08,-1.8466683e-15,0.00011054045,0.060494489,6.1019481e-10,2.6969999999959526e-06,0.9999460271208015,0.0271151805,0.03236633121700085,0.45188712503799566,6.101948099999999e-05,0.12000864374137721,True,coarse
expansion_2D,2.8,0.049966971,0.054047659,1.6165788e-08,-1.7620015e-15,0.00011016822,0.06029066,6.0813896e-10,2.5700000000003498e-06,0.9999485686690618,0.0270238295,0.03084222144153814,0.45036471803209926,6.081389599999999e-05,0.12000864374137721,True,coarse
expansion_2D,2.8,0.049967092,0.053873549,1.6114163e-08,-1.6813166e-15,0.0001098135,0.060096417,6.061798e-10,2.449000000001589e-06,0.999950990144176,0.0269367745,0.029390116852282346,0.448913905869142,6.061797999999999e-05,0.12000864374137721,True,coarse
expansion_2D,2.8,0.049967207,0.053707628,1.6064966e-08,-1.6044261e-15,0.00010947546,0.059911309,6.0431278e-10,2.3339999999996697e-06,0.9999532915461441,0.026853814,0.02801001744923347,0.44753133045767773,6.0431278e-05,0.12000864374137721,True,coarse
expansion_2D,2.8,0.049967317,0.05354951,1.6018083e-08,-1.5311519e-15,0.00010915332,0.059734906,6.0253357e-10,2.2240000000020577e-06,0.9999554928871569,0.026774755,0.02668992236810698,0.4462137753627235,6.025335699999999e-05,0.12000864374137721,True,coarse
expansion_2D,2.8,0.049967421,0.053398828,1.5973405e-08,-1.4613236e-15,0.00010884632,0.0595668,6.0083802e-10,2.1200000000012875e-06,0.9999575741550237,0.026699414,0.025441832473187417,0.4449581824712254,6.0083802e-05,0.12000864374137721,True,coarse
expansion_2D,2.8,0.049967521,0.053255232,1.5930828e-08,-1.3947794e-15,0.00010855377,0.059406599,5.9922222e-10,2.019999999998412e-06,0.9999595753741265,0.026627616,0.024241746035739135,0.4437616353265926,5.9922221999999994e-05,0.12000864374137721,True,coarse
expansion_2D,2.8,0.049967616,0.05311839,1.5890253e-08,-1.3313647e-15,0.00010827497,0.059253933,5.9768241e-10,1.9249999999998435e-06,0.999961476532274,0.026559195,0.023101663920213233,0.4426213674614303,5.9768241e-05,0.12000864374137721,True,coarse
expansion_2D,2.8,0.049967707,0.052987983,1.5851586e-08,-1.2709323e-15,0.00010800929,0.059108446,5.9621502e-10,1.8339999999991696e-06,0.9999632976416574,0.0264939915,0.022009585262158612,0.44153472073387434,5.962150199999999e-05,0.12000864374137721,True,coarse
expansion_2D,2.8,0.049967793,0.052863709,1.5814738e-08,-1.2133421e-15,0.0001077561,0.058969802,5.9481663e-10,1.747999999995864e-06,0.9999650186900857,0.0264318545,0.020977510925943098,0.4404991786585234,5.9481662999999995e-05,0.12000864374137721,True,coarse
expansion_2D,2.8,0.049967875,0.05274528,1.5779623e-08,-1.1584602e-15,0.00010751481,0.058837678,5.9348402e-10,1.6659999999973918e-06,0.9999666596897498,0.02637264,0.01999344004728214,0.4395123414082398,5.9348401999999995e-05,0.12000864374137721,True,coarse
expansion_2D,2.8,0.049967954,0.05263242,1.5746159e-08,-1.1061595e-15,0.00010728488,0.058711768,5.9221407e-10,1.5869999999973405e-06,0.999968240652841,0.02631621,0.019045371761724644,0.43857190914868344,5.9221406999999994e-05,0.12000864374137721,True,coarse
expansion_2D,2.8,0.049968028,0.052524868,1.571427e-08,-1.0563183e-15,0.00010706576,0.058591779,5.9100385e-10,1.5130000000015964e-06,0.9999697215549769,0.026262434,0.01815730779808953,0.43767570703651076,5.9100385e-05,0.12000864374137721,True,coarse
expansion_2D,2.8,0.049968099,0.052422375,1.5683879e-08,-1.0088213e-15,0.00010685694,0.058477433,5.8985054e-10,1.4419999999973343e-06,0.9999711424205397,0.0262111875,0.0173052464274746,0.4368216602211757,5.8985054e-05,0.12000864374137721,True,coarse
expansion_2D,2.8,0.049968167,0.052324701,1.5654918e-08,-9.6355788e-16,0.00010665794,0.058368465,5.8875148e-10,1.373999999998432e-06,0.9999725032495296,0.0261623505,0.01648918765004641,0.4360077688467303,5.8875148e-05,0.12000864374137721,True,coarse
expansion_2D,2.8,0.049968232,0.052231621,1.562732e-08,-9.2042326e-16,0.00010646831,0.058264621,5.877041e-10,1.3089999999979507e-06,0.9999738040419464,0.0261158105,0.01570913146572168,0.43523215804822324,5.8770409999999996e-05,0.12000864374137721,True,coarse
expansion_2D,2.8,0.049968293,0.052142918,1.5601019e-08,-8.793172400000001e-16,0.00010628759,0.058165661,5.8670598e-10,1.2480000000023028e-06,0.9999750247855989,0.026071459,0.014977078738951509,0.4344930196225682,5.8670597999999995e-05,0.12000864374137721,True,coarse
expansion_2D,2.8,0.049968352,0.052058387,1.5575955e-08,-8.401443600000001e-16,0.00010611537,0.058071356,5.857548e-10,1.1889999999986633e-06,0.9999762055048694,0.0260291935,0.014269027740833709,0.4337886453594762,5.857548e-05,0.12000864374137721,True,coarse
expansion_2D,2.8,0.049968408,0.051977832,1.5552069e-08,-8.0281385e-16,0.00010595125,0.057981485,5.8484835e-10,1.1330000000003837e-06,0.999977326187567,0.025988916,0.01359697933590264,0.43311740204325644,5.8484834999999995e-05,0.12000864374137721,True,coarse
expansion_2D,2.8,0.049968461,0.051901065,1.5529307e-08,-7.6723888e-16,0.00010579485,0.057895841,5.8398454e-10,1.080000000000525e-06,0.9999783868336913,0.0259505325,0.012960933524075036,0.4324777231200829,5.8398454e-05,0.12000864374137721,True,coarse
expansion_2D,2.8,0.049968512,0.051827908,1.5507616e-08,-7.3333701e-16,0.0001056458,0.057814225,5.8316135e-10,1.0289999999996136e-06,0.9999794074554337,0.025913954,0.012348889440983075,0.4318681253634608,5.8316135e-05,0.12000864374137721,True,coarse
expansion_2D,2.8,0.049968561,0.051758192,1.5486944e-08,-7.010295500000001e-16,0.00010550376,0.057736447,5.8237687e-10,9.799999999976494e-07,0.9999803880527941,0.025879096,0.011760847086626756,0.4312872005414935,5.8237687e-05,0.12000864374137721,True,coarse
expansion_2D,2.8,0.049968607,0.051691755,1.5467245e-08,-6.7024148000000005e-16,0.00010536841,0.057662327,5.8162929e-10,9.340000000010451e-07,0.9999813086135813,0.0258458775,0.011208807325457173,0.430733598751416,5.8162929e-05,0.12000864374137721,True,coarse
expansion_2D,2.8,0.049968651,0.051628442,1.5448473e-08,-6.409013200000001e-16,0.00010523942,0.057591692,5.8091686e-10,8.899999999964492e-07,0.9999821891499865,0.025814221,0.010680769292939958,0.4302060284195952,5.809168599999999e-05,0.12000864374137721,True,coarse
expansion_2D,2.8,0.049968693,0.051568106,1.5430583e-08,-6.129410500000001e-16,0.00010511649,0.05752438,5.8023794e-10,8.479999999977395e-07,0.9999830296620096,0.025784053,0.010176732989241658,0.429703264634263,5.8023793999999995e-05,0.12000864374137721,True,coarse
expansion_2D,2.8,0.049968732,0.051510609,1.5413534e-08,-5.862957300000001e-16,0.00010499935,0.057460233,5.7959095e-10,8.089999999974506e-07,0.9999838101374596,0.0257553045,0.00970869927864682,0.4292241574782492,5.795909499999999e-05,0.12000864374137721,True,coarse
expansion_2D,2.8,0.04996877,0.051455815,1.5397287e-08,-5.609035500000001e-16,0.00010488771,0.057399104,5.7897439e-10,7.709999999966355e-07,0.9999845706007187,0.0257279075,0.009252666432419804,0.4287675736998501,5.7897439e-05,0.12000864374137721,True,coarse
expansion_2D,2.8,0.049968807,0.051403598,1.5381805e-08,-5.3670551e-16,0.00010478133,0.057340849,5.7838682e-10,7.340000000022329e-07,0.9999853110517865,0.025701799,0.008808634450643883,0.4283324633746927,5.7838681999999996e-05,0.12000864374137721,True,coarse
expansion_2D,2.8,0.049968841,0.051353837,1.536705e-08,-5.1364548e-16,0.00010467995,0.057285333,5.7782688e-10,6.999999999993123e-07,0.9999859914662814,0.0256769185,0.008400605061888151,0.42791781824207015,5.7782688e-05,0.12000864374137721,True,coarse
expansion_2D,2.8,0.049968874,0.051306416,1.535299e-08,-4.916699900000001e-16,0.00010458334,0.057232429,5.7729328e-10,6.669999999958653e-07,0.9999866518685854,0.025653208,0.00800457653750024,0.42752267170494074,5.7729328e-05,0.12000864374137721,True,coarse
expansion_2D,2.8,0.049968906,0.051261225,1.533959e-08,-4.7072792e-16,0.00010449127,0.057182012,5.7678478e-10,6.349999999988309e-07,0.9999872922586982,0.0256306125,0.0076205488775634225,0.4271461071626617,5.7678478e-05,0.12000864374137721,True,coarse
expansion_2D,2.8,0.049968935,0.05121816,1.5326821e-08,-4.507708200000001e-16,0.00010440353,0.057133967,5.7630019e-10,6.060000000002175e-07,0.9999878726122379,0.02560908,0.0072725238107300685,0.4267872580109889,5.7630018999999994e-05,0.12000864374137721,True,coarse
expansion_2D,2.8,0.049968964,0.05117712,1.5314652e-08,-4.3175228000000005e-16,0.00010431991,0.057088181,5.7583839e-10,5.77000000001604e-07,0.9999884529657777,0.02558856,0.0069244987438967145,0.4264452826438775,5.7583838999999996e-05,0.12000864374137721,True,coarse
expansion_2D,2.8,0.049968991,0.05113801,1.5303056e-08,-4.1362813e-16,0.00010424023,0.057044549,5.753983e-10,5.500000000019378e-07,0.9999889932949354,0.025569005,0.006600475405799001,0.4261193894516814,5.753982999999999e-05,0.12000864374137721,True,coarse
expansion_2D,2.8,0.049969017,0.051100739,1.5292005e-08,-3.9635638000000006e-16,0.0001041643,0.057002968,5.7497892e-10,5.240000000017453e-07,0.999989513611902,0.0255503695,0.00628845293206911,0.425808820155687,5.749789199999999e-05,0.12000864374137721,True,coarse
expansion_2D,2.8,0.049969042,0.051065221,1.5281474e-08,-3.7989693000000003e-16,0.00010409194,0.056963343,5.7457926e-10,4.990000000010264e-07,0.9999900139166777,0.0255326105,0.00598843132270704,0.4255128581408463,5.7457925999999995e-05,0.12000864374137721,True,coarse
contraction_4D,11.2,9.9939083e-08,0.63229561,9.2605542e-11,-5.918892200000001e-16,0.0012515974,0.00042062939,0.00031958337,0.099938983060917,1e-06,1.26459122,328.78207408589543,19.21971580505734,31.958336999999997,0.03289828093262556,False,coarse
contraction_4D,11.2,0.0047000761,0.63222438,4.452468e-06,-3.6494284e-13,0.0012530074,0.0004216994,0.00031949437,0.09523900689999999,0.04702940990563221,1.26444876,313.31996047404635,19.217550646332302,31.949437,0.03289828093262556,False,coarse
contraction_4D,11.2,0.0091791104,0.63117615,9.4009505e-06,-4.5264667e-13,0.0012736839,0.00043740524,0.00031817684,0.0907599726,0.0918470544701716,1.2623523,298.58470760321984,19.18568788723718,31.817683999999996,0.03289828093262556,False,coarse
contraction_4D,11.2,0.013447498,0.62947406,1.3223222e-05,-2.3651748e-13,0.0013066931,0.00046325544,0.00031613906,0.086491585,0.13455694805604732,1.25894812,284.5424461638063,19.133949925503373,31.613905999999997,0.03289828093262556,False,coarse
contraction_4D,11.2,0.017515147,0.62730177,1.6677619e-05,-2.5060219e-13,0.0013481161,0.00049670403,0.00031372089,0.082423936,0.1752582320572223,1.25460354,271.16058021007495,19.067919423652874,31.372088999999995,0.03289828093262556,False,coarse
contraction_4D,11.2,0.021391496,0.62467476,1.9784723e-05,-2.6621796e-13,0.0013972415,0.00053781427,0.00031102724,0.078547587,0.21404535000586308,1.24934952,258.40805837058474,18.98806692298939,31.102723999999995,0.03289828093262556,False,coarse
contraction_4D,11.2,0.025085542,0.62164337,2.2432668e-05,-2.7832316e-13,0.0014526056,0.00058619103,0.0003081666,0.074853541,0.25100832674240164,1.24328674,246.25528206198052,18.895922594651744,30.81666,0.03289828093262556,False,coarse
contraction_4D,11.2,0.02860586,0.61826497,2.461536e-05,-2.8752137e-13,0.0015126602,0.00064132809,0.00030518631,0.071333223,0.2862329645350058,1.23652994,234.6740410083627,18.793230298755834,30.518630999999996,0.03289828093262556,False,coarse
contraction_4D,11.2,0.03196062,0.61460025,2.6359457e-05,-2.9582185e-13,0.0015759306,0.00070260585,0.00030208679,0.06797846299999999,0.3198010131832008,1.2292005,223.63745731420914,18.681834812544707,30.208679,0.03289828093262556,False,coarse
contraction_4D,11.2,0.035157607,0.61068593,2.7715456e-05,-5.2164304e-13,0.0016415098,0.00076972415,0.00029882845,0.064781476,0.35179037013977804,1.22137186,213.11991966781406,18.562852303762064,29.882844999999996,0.03289828093262556,False,coarse
contraction_4D,11.2,0.038204241,0.60659765,2.8656766e-05,-3.0714285e-13,0.0017077036,0.00084189759,0.00029539963,0.061734842,0.38227528063270305,1.2131953,203.09701754472516,18.43858198069039,29.539962999999997,0.03289828093262556,False,coarse
contraction_4D,11.2,0.041107594,0.60231039,2.9289073e-05,-5.4253195e-13,0.0017748888,0.00091978723,0.00029172321,0.058831489,0.41132650776873747,1.20462078,193.54548528066704,18.308263317269038,29.172320999999997,0.03289828093262556,False,coarse
contraction_4D,11.2,0.043874404,0.59791721,2.9600616e-05,-3.140989e-13,0.0018413426,0.001002199,0.00028781645,0.056064679,0.43901147261877516,1.19583442,184.44315601394726,18.174725032730795,28.781644999999994,0.03289828093262556,False,coarse
contraction_4D,11.2,0.046511093,0.59339594,2.966232e-05,-3.1709967e-13,0.0019074187,0.0010898078,0.00028362571,0.053427989999999995,0.46539443432755934,1.18679188,175.7689024685509,18.03729323168139,28.362571,0.03289828093262556,False,coarse
contraction_4D,11.2,0.04902378,0.58877918,2.9498592e-05,-3.5680773e-13,0.0019725427,0.0011824237,0.00027914783,0.050915302999999995,0.49053662019292293,1.17755836,167.5025941863753,17.89695884735733,27.914782999999996,0.03289828093262556,False,coarse
contraction_4D,11.2,0.051418297,0.58409172,2.9147612e-05,-4.1371454e-13,0.0020363931,0.001279872,0.00027450295,0.048520785999999996,0.5144963857633155,1.16818344,159.6250448899805,17.754475414572507,27.450294999999997,0.03289828093262556,False,coarse
contraction_4D,11.2,0.053700201,0.57934965,2.8630195e-05,-3.2414862e-13,0.002098629,0.0013823458,0.00026947547,0.046238881999999995,0.5373293349109477,1.1586993,152.1179730046523,17.610332016632913,26.947546999999997,0.03289828093262556,False,coarse
contraction_4D,11.2,0.055874788,0.57456689,2.7987909e-05,-3.2617331e-13,0.0021592484,0.0014896995,0.00026420035,0.044064294999999996,0.5590884599171277,1.14913378,144.96395560080876,17.464951775951192,26.420034999999995,0.03289828093262556,False,coarse
contraction_4D,11.2,0.057947106,0.56974817,2.7240591e-05,-3.2745415e-13,0.0022182175,0.0016022524,0.00025868726,0.041991977,0.5798242715515011,1.13949634,138.1463856262351,17.31847846903681,25.868726,0.03289828093262556,False,coarse
contraction_4D,11.2,0.059921964,0.56489897,2.6409566e-05,-3.2839861e-13,0.0022755126,0.0017203171,0.00025295297,0.040017119,0.5995848891269094,1.12979794,131.64944229763077,17.17107866994302,25.295296999999998,0.03289828093262556,False,coarse
contraction_4D,11.2,0.061803945,0.56002471,2.5514495e-05,-3.291615e-13,0.0023311303,0.0018442069,0.00024701901,0.038135138,0.6184161705786314,1.12004942,125.45804833284444,17.022917128919577,24.701900999999996,0.03289828093262556,False,coarse
contraction_4D,11.2,0.063597418,0.55513123,2.4573305e-05,-3.2972026e-13,0.0023850826,0.0019742038,0.00024091133,0.036341664999999995,0.6363618325375269,1.11026246,119.55783047293654,16.874171362840745,24.091132999999996,0.03289828093262556,False,coarse
contraction_4D,11.2,0.065306545,0.55022544,2.360204e-05,-3.2983928e-13,0.0024373915,0.0021105064,0.00023466007,0.034632538000000004,0.6534635203727054,1.10045088,113.93509645338303,16.725051413076596,23.466006999999998,0.03289828093262556,False,coarse
contraction_4D,11.2,0.066935293,0.54531624,2.2614652e-05,-3.2975546e-13,0.0024880831,0.0022531447,0.0002282995,0.03300378999999999,0.669760928264671,1.09063248,108.57679552613777,16.57582781048004,22.82995,0.03289828093262556,False,coarse
contraction_4D,11.2,0.068487442,0.54042071,2.162745e-05,-6.2768933e-13,0.0025371312,0.002401675,0.00022187554,0.031451641,0.6852918792540852,1.08084142,103.47049214100845,16.427019731114864,22.187554,0.03289828093262556,False,coarse
contraction_4D,11.2,0.069966594,0.53550555,2.0633479e-05,-6.886623e-13,0.0025847761,0.0025582864,0.00021535442,0.029972489000000005,0.7000924152966261,1.0710111,98.60433633720295,16.27761496403703,21.535441999999996,0.03289828093262556,False,coarse
contraction_4D,11.2,0.071376182,0.53054019,1.9635953e-05,-3.2817912e-13,0.0026312119,0.0027257679,0.00020871635,0.028562901,0.7141968873178474,1.06108038,93.96703413487715,16.126684281361882,20.871634999999998,0.03289828093262556,False,coarse
contraction_4D,11.2,0.072719479,0.52561057,1.8666126e-05,-3.2795128e-13,0.0026761254,0.0028994839,0.0002021059,0.027219603999999994,0.727638045268036,1.05122114,89.54781792668182,15.976839977639884,20.21059,0.03289828093262556,False,coarse
contraction_4D,11.2,0.073999601,0.52074733,1.7724925e-05,-8.459484e-13,0.0027194894,0.0030769555,0.00019557619,0.025939482,0.7404470681404991,1.04149466,85.33643660827839,15.829013408526446,19.557619,0.03289828093262556,False,coarse
contraction_4D,11.2,0.075219519,0.51434642,1.6516639e-05,-3.252236e-13,0.0027742196,0.0033292168,0.00018750198,0.024719564,0.7526536840447096,1.02869284,81.32311610040172,15.634446707211298,18.750197999999997,0.03289828093262556,False,coarse
contraction_4D,11.2,0.076382066,0.51028034,1.5755213e-05,-5.7399586e-13,0.002808986,0.0034894577,0.00018237336,0.023557017,0.7642862402489725,1.02056068,77.49853632006361,15.510851191435652,18.237336,0.03289828093262556,False,coarse
contraction_4D,11.2,0.077489938,0.50626464,1.5052439e-05,-6.5754246e-13,0.002840963,0.0036623206,0.00017718673,0.022449145000000004,0.7753717131865218,1.01252928,73.85382789072466,15.38878706266783,17.718673,0.03289828093262556,False,coarse
contraction_4D,11.2,0.078545708,0.50136002,1.4243975e-05,-3.2299849e-13,0.0028772247,0.0038907104,0.00017071034,0.021393374999999992,0.7859358485408557,1.00272004,70.3805260847008,15.239702677071985,17.071033999999997,0.03289828093262556,False,coarse
contraction_4D,11.2,0.079551826,0.49644116,1.3430677e-05,-3.1907492e-13,0.002913588,0.0041197331,0.00016421661,0.020387256999999992,0.7960031612457361,0.99288232,67.07057082316366,15.090185442111482,16.421660999999997,0.03289828093262556,False,coarse
contraction_4D,11.2,0.080510627,0.4914917,1.2621623e-05,-6.5297097e-13,0.0029501813,0.0043502115,0.000157681,0.019428455999999997,0.8055970155339528,0.9829834,63.91628035751546,14.939738067364566,15.7681,0.03289828093262556,False,coarse
contraction_4D,11.2,0.081424336,0.48654416,1.1892622e-05,-5.7159682e-13,0.002983839,0.0046083768,0.00015138002,0.018514746999999998,0.8147396749678002,0.97308832,60.910334820248615,14.78934905432974,15.138002,0.03289828093262556,False,coarse
contraction_4D,11.2,0.082295073,0.48160221,1.1212904e-05,-3.1568824e-13,0.0030155467,0.0048843713,0.00014523838,0.01764401,0.8234523524695538,0.96320442,58.04575977580547,14.639129958987922,14.523838,0.03289828093262556,False,coarse
contraction_4D,11.2,0.083124861,0.47669183,1.0534762e-05,-3.0944088e-13,0.0030470478,0.0051585784,0.00013913644,0.016814222000000004,0.8317552903702348,0.95338366,55.31589990195333,14.48987048825581,13.913643999999998,0.03289828093262556,False,coarse
contraction_4D,11.2,0.083915623,0.47170611,9.856174e-06,-6.6699228e-13,0.0030790383,0.0054370287,0.00013294019,0.016023460000000003,0.8396677303913225,0.94341222,52.71442885926884,14.338320928258723,13.294019,0.03289828093262556,False,coarse
contraction_4D,11.2,0.084669197,0.46670868,9.26586e-06,-5.37025e-13,0.0031079069,0.0057542716,0.00012709201,0.015269885999999996,0.8472080637361862,0.93341736,50.23529994371659,14.186415422611343,12.709200999999998,0.03289828093262556,False,coarse
contraction_4D,11.2,0.085387331,0.46170859,8.7159412e-06,-3.0569869e-13,0.0031352412,0.0060901106,0.00012141625,0.014551752000000001,0.8543937810596081,0.92341718,47.87276253578959,14.034429061675342,12.141624999999998,0.03289828093262556,False,coarse
contraction_4D,11.2,0.086071691,0.45674474,8.167157e-06,-2.9871567e-13,0.0031623734,0.0064234937,0.00011578171,0.013867391999999992,0.8612415525165465,0.91348948,45.6213357818844,13.883544278055014,11.578171,0.03289828093262556,False,coarse
contraction_4D,11.2,0.086723867,0.45171203,7.6191541e-06,-6.1701729e-13,0.0031898879,0.0067615347,0.00011006886,0.013215216000000002,0.8677672877987083,0.90342406,43.47578885533283,13.730566375948007,11.006885999999998,0.03289828093262556,False,coarse
contraction_4D,11.2,0.08734537,0.4466337,7.1414652e-06,-5.5926936e-13,0.0032145511,0.0071426753,0.00010470715,0.012593712999999992,0.8739861061162629,0.8932674,41.43115082588584,13.576201775244396,10.470714999999998,0.03289828093262556,False,coarse
contraction_4D,11.2,0.087937645,0.44154338,6.711754e-06,-2.9544474e-13,0.0032371477,0.0075521074,9.9608562e-05,0.012001438000000003,0.879912466277082,0.88308676,39.48266789194879,13.421472717807479,9.9608562,0.03289828093262556,False,coarse
contraction_4D,11.2,0.088502066,0.43643682,6.2772073e-06,-2.8768056e-13,0.0032598119,0.0079628191,9.4493608e-05,0.011437016999999994,0.8855601166562636,0.87287364,37.625819829721415,13.266250017555816,9.4493608,0.03289828093262556,False,coarse
contraction_4D,11.2,0.089039942,0.43133772,5.8485784e-06,-5.0222322e-13,0.0032824468,0.0083729545,8.9386207e-05,0.010899141000000001,0.8909421552327031,0.86267544,35.85630025422975,13.111254076872994,8.9386207,0.03289828093262556,False,coarse
contraction_4D,11.2,0.089552522,0.42618235,5.4537277e-06,-6.3808469e-13,0.0033032438,0.0088112101,8.4477195e-05,0.010386561000000002,0.8960710796195718,0.8523647,34.17000017018523,12.954547712471827,8.4477195,0.03289828093262556,False,coarse
contraction_4D,11.2,0.090040996,0.42092451,5.1276968e-06,-3.1163594e-13,0.0033199196,0.0093093358,8.0023145e-05,0.009898087,0.9009587970704114,0.84184902,32.563004682156894,12.79472659565518,8.0023145,0.03289828093262556,False,coarse
contraction_4D,11.2,0.090506497,0.41557773,4.7921507e-06,-2.7836288e-13,0.0033368721,0.0098158553,7.5493479e-05,0.009432585999999993,0.9056166444913248,0.83115546,31.031586414915058,12.632201994112929,7.5493479,0.03289828093262556,False,coarse
contraction_4D,11.2,0.090950106,0.41038461,4.4671005e-06,-3.2724347e-13,0.003353338,0.010307822,7.1094016e-05,0.008988976999999995,0.9100554384714536,0.82076922,29.572189064290953,12.47434815334127,7.109401599999999,0.03289828093262556,False,coarse
contraction_4D,11.2,0.091372852,0.40511246,4.1427466e-06,-6.3986691e-13,0.0033700592,0.010807303,6.6627844e-05,0.008566230999999994,0.9142854752829782,0.81022492,28.18142739717658,12.314092059389214,6.6627844,0.03289828093262556,False,coarse
contraction_4D,11.2,0.091775717,0.39955969,3.8802037e-06,-4.7618534e-13,0.0033798803,0.011387445,6.2670044e-05,0.008163365999999991,0.918316580911594,0.79911938,26.85607080238435,12.145306036454707,6.267004399999999,0.03289828093262556,False,coarse
contraction_4D,11.2,0.092159635,0.39400304,3.6369129e-06,-2.7010154e-13,0.0033876806,0.011982046,5.8903422e-05,0.007779447999999994,0.922158101050417,0.78800608,25.593046580475185,11.976402074227021,5.8903422,0.03289828093262556,False,coarse
contraction_4D,11.2,0.092525498,0.38843439,3.3904976e-06,-2.6128968e-13,0.003395494,0.012577906,5.5128462e-05,0.007413585,0.9258189611365556,0.77686878,24.38942020478989,11.80713335129878,5.512846199999999,0.03289828093262556,False,coarse
contraction_4D,11.2,0.092874155,0.38295173,3.1502157e-06,-3.7343511e-13,0.0034031891,0.013164581,5.1411915e-05,0.007064927999999998,0.9293076563450157,0.76590346,23.242398611277235,11.640478442757258,5.1411915,0.03289828093262556,False,coarse
contraction_4D,11.2,0.093206414,0.37748933,2.9138662e-06,-6.4310912e-13,0.0034108586,0.013749106,4.7709274e-05,0.006732668999999997,0.9326322716008911,0.75497866,22.149323618837908,11.474439371865172,4.7709274,0.03289828093262556,False,coarse
contraction_4D,11.2,0.093523047,0.37142234,2.731619e-06,-4.2843598e-13,0.003404272,0.014409006,4.4580871e-05,0.006416036,0.9358005316098408,0.74284468,21.10765548018392,11.290022744977433,4.458087099999999,0.03289828093262556,False,coarse
contraction_4D,11.2,0.09382479,0.36543259,2.5569458e-06,-2.5303989e-13,0.0033965943,0.015061321,4.1568664e-05,0.006114292999999993,0.9388198008580888,0.73086518,20.11497288183857,11.10795396113226,4.1568664,0.03289828093262556,False,coarse
contraction_4D,11.2,0.094112341,0.35943351,2.3798828e-06,-2.4252584e-13,0.0033889015,0.015714627,3.8551611e-05,0.005826741999999996,0.9416970636002334,0.71886702,19.16897952379284,10.925601575842405,3.8551611,0.03289828093262556,False,coarse
contraction_4D,11.2,0.09438637,0.3535997,2.2087964e-06,-2.9544746e-13,0.0033814219,0.016349945,3.5617734e-05,0.005552713000000001,0.9444390239202015,0.7071994,18.26747122122421,10.748272857300929,3.5617734,0.03289828093262556,False,coarse
contraction_4D,11.2,0.09464751,0.34771168,2.0391472e-06,-5.2284862e-13,0.0033738761,0.016991194,3.2656757e-05,0.005291572999999994,0.9470520156763896,0.69542336,17.408365512949604,10.5692963322947,3.2656756999999996,0.03289828093262556,False,coarse
contraction_4D,11.2,0.09489637,0.3413049,1.8988866e-06,-4.8026167e-13,0.0033482058,0.017574944,3.012397e-05,0.005042713000000004,0.9495421325809043,0.6826098,16.589658893660317,10.37455120220353,3.0123969999999995,0.03289828093262556,False,coarse
contraction_4D,11.2,0.095133526,0.33468713,1.7790075e-06,-2.7272852e-13,0.0033118446,0.018113637,2.7896336e-05,0.004805557000000002,0.9519151381447036,0.66937426,15.809456422374536,10.173392667094873,2.7896335999999997,0.03289828093262556,False,coarse
contraction_4D,11.2,0.095359528,0.32799732,1.655789e-06,-2.2564091e-13,0.0032750842,0.018658159,2.5644342e-05,0.004579554999999999,0.9541765357202647,0.65599464,15.065948693641,9.970044351913891,2.5644341999999996,0.03289828093262556,False,coarse
contraction_4D,11.2,0.095574902,0.32153614,1.5363516e-06,-2.1457224e-13,0.0032395794,0.019184063,2.3469291e-05,0.004364180999999995,0.956331588513775,0.64307228,14.357405257882657,9.773645639980213,2.3469291,0.03289828093262556,False,coarse
contraction_4D,11.2,0.095780147,0.31512488,1.4194281e-06,-3.0377503e-13,0.0032043509,0.019705927,2.131111e-05,0.004158936000000002,0.9583852895668454,0.63024976,13.682184490881008,9.578764332560837,2.1311109999999998,0.03289828093262556,False,coarse
contraction_4D,11.2,0.095975739,0.30878031,1.3051342e-06,-4.8102056e-13,0.0031694909,0.020222381,1.9175439e-05,0.003963343999999994,0.9603424017808929,0.61756062,13.038720434463569,9.385910182734788,1.9175438999999999,0.03289828093262556,False,coarse
contraction_4D,11.2,0.096162133,0.30159095,1.2124574e-06,-4.3674936e-13,0.0030992318,0.020380189,1.7446238e-05,0.003776950000000001,0.9622074779293301,0.6031819,12.425516216848013,9.167377183557004,1.7446237999999998,0.03289828093262556,False,coarse
contraction_4D,11.2,0.096339761,0.29409918,1.1332398e-06,-2.7511325e-13,0.0030115241,0.020343231,1.5969831e-05,0.003599322000000002,0.9639848406453759,0.58819836,11.841150632297976,8.939651910758013,1.5969830999999997,0.03289828093262556,False,coarse
contraction_4D,11.2,0.096509035,0.28665094,1.0533901e-06,-2.0153864e-13,0.0029243243,0.020306468,1.4501972e-05,0.003430047999999991,0.9656786124403404,0.57330188,11.284268271639014,8.713249807400281,1.4501971999999999,0.03289828093262556,False,coarse
contraction_4D,11.2,0.096670348,0.27933391,9.74204e-07,-1.8850692e-13,0.0028386593,0.020270339,1.3059949e-05,0.003268734999999995,0.9672927257097207,0.55866782,10.753576232430563,8.490836058335855,1.3059949,0.03289828093262556,False,coarse
contraction_4D,11.2,0.096824074,0.272361,8.9874203e-07,-1.7608807e-13,0.0027570231,0.020235909,1.1685743e-05,0.003115009000000002,0.9688309227332014,0.544722,10.247844118965707,8.278882430294308,1.1685743,0.03289828093262556,False,coarse
contraction_4D,11.2,0.096970571,0.26523084,8.2347904e-07,-2.9146897e-13,0.0026735486,0.020200732,1.0280594e-05,0.0029685119999999926,0.9702967856929406,0.53046168,9.765894172786991,8.062148917239256,1.0280593999999998,0.03289828093262556,False,coarse
contraction_4D,11.2,0.097110179,0.25838109,7.5137651e-07,-4.1582045e-13,0.0025933572,0.020166941,8.9307118e-06,0.002828903999999993,0.9716937166613787,0.51676218,9.306607852342795,7.853938949854392,0.89307118,0.03289828093262556,False,coarse
contraction_4D,11.2,0.09724322,0.25037989,6.943279e-07,-3.774002e-13,0.0024639748,0.019464693,7.9266982e-06,0.002695862999999993,0.9730249376012386,0.50075978,8.868925832987049,7.610728673415141,0.7926698199999999,0.03289828093262556,False,coarse
contraction_4D,11.2,0.097370005,0.24203459,6.4566389e-07,-2.6407224e-13,0.0023147856,0.018467907,7.1079508e-06,0.0025690780000000024,0.9742935604081938,0.48406918,8.451824978182788,7.357058883887511,0.7107950799999999,0.03289828093262556,False,coarse
contraction_4D,11.2,0.097490827,0.23397713,5.984455e-07,-1.7215328e-13,0.002170742,0.017505507,6.3174401e-06,0.002448255999999996,0.9755025168682007,0.46795426,8.0543413682986,7.112138487697163,0.6317440099999999,0.03289828093262556,False,coarse
contraction_4D,11.2,0.097605967,0.22582418,5.4962567e-07,-1.5745689e-13,0.0020249915,0.016531727,5.5175518e-06,0.002333115999999996,0.9766546186940699,0.45164836,7.67555056164035,6.86431550823216,0.5517551799999999,0.03289828093262556,False,coarse
contraction_4D,11.2,0.097715692,0.21805467,5.031018e-07,-1.4345167e-13,0.0018860956,0.015603743,4.7552817e-06,0.0022233909999999912,0.9777525375132771,0.43610934,7.314574174107099,6.628147849018851,0.47552817,0.03289828093262556,False,coarse
contraction_4D,11.2,0.097820257,0.21065055,4.5876593e-07,-1.301051e-13,0.0017537319,0.014719402,4.0288607e-06,0.002118826000000004,0.9787988248801522,0.4213011,6.9705732995351415,6.403086849170155,0.40288606999999993,0.03289828093262556,False,coarse
contraction_4D,11.2,0.097919904,0.20310728,4.1472579e-07,-1.9177639e-13,0.0016188807,0.013818418,3.2887985e-06,0.002019178999999996,0.9797959022697857,0.40621456,6.642751799525781,6.173796145031288,0.32887985,0.03289828093262556,False,coarse
contraction_4D,11.2,0.098014865,0.19583155,3.7243657e-07,-2.6386208e-13,0.0014888121,0.012949384,2.5749846e-06,0.0019242179999999914,0.9807460910963133,0.3916631,6.33034643396146,5.9526377807112665,0.25749846,0.03289828093262556,False,coarse
contraction_4D,11.2,0.09810536,0.18889799,3.3213619e-07,-3.3255761e-13,0.0013648606,0.01212122,1.894741e-06,0.0018337229999999954,0.9816515927007256,0.37779598,6.032633440661679,5.741880263800287,0.18947409999999998,0.03289828093262556,False,coarse
contraction_4D,11.2,0.098191599,0.1810874,3.0873776e-07,-2.6821593e-13,0.001263589,0.011333987,1.7156153e-06,0.0017474839999999936,0.9825145083630595,0.3621748,5.748921955726803,5.504463907122083,0.17156153,0.03289828093262556,False,coarse
contraction_4D,11.2,0.098273782,0.17363248,2.8658503e-07,-2.0564359e-13,0.0011672433,0.010583797,1.5494553e-06,0.001665300999999994,0.9833368393023979,0.34726496,5.478554013538208,5.277858753641042,0.15494553,0.03289828093262556,False,coarse
contraction_4D,11.2,0.0983521,0.16652817,2.6547412e-07,-1.4601398e-13,0.0010754287,0.0098688872,1.3911097e-06,0.0015869830000000001,0.9841204966829643,0.33305634,5.220901256930091,5.061910995928432,0.13911096999999997,0.03289828093262556,False,coarse
contraction_4D,11.2,0.098426735,0.15940568,2.4387319e-07,-1.1918653e-13,0.00098338066,0.0091521799,1.2323605e-06,0.0015123479999999967,0.9848673016141243,0.31881136,4.975364937189429,4.845410625754483,0.12323604999999999,0.03289828093262556,False,coarse
contraction_4D,11.2,0.09849786,0.15246353,2.2263724e-07,-1.0678814e-13,0.00089366383,0.0084536318,1.0776313e-06,0.0014412229999999915,0.9855789851503841,0.30492706,4.741375914056113,4.634392000975357,0.10776313,0.03289828093262556,False,coarse
contraction_4D,11.2,0.09856564,0.14584786,2.0240001e-07,-9.4972834e-14,0.00080816633,0.007787936,9.301789e-07,0.001373443000000002,0.9862571982974868,0.29169572,4.518391365894812,4.433297298989297,0.09301788999999999,0.03289828093262556,False,coarse
contraction_4D,11.2,0.098630232,0.13954332,1.8311452e-07,-8.3713198e-14,0.00072668973,0.0071535474,7.896611e-07,0.0013088509999999998,0.9869035120124126,0.27908664,4.305894789694789,4.241659930066846,0.07896610999999999,0.03289828093262556,False,coarse
contraction_4D,11.2,0.098691786,0.13351435,1.6469782e-07,-7.4762768e-14,0.00064877439,0.0065468862,6.5528525e-07,0.0012472969999999944,0.9875194272094733,0.2670287,4.103392711242088,4.058398986665362,0.06552852499999999,0.03289828093262556,False,coarse
contraction_4D,11.2,0.098750446,0.12731739,1.4632301e-07,-1.0463205e-13,0.00056868612,0.0059232832,5.1716318e-07,0.0011886369999999924,0.9881063847664082,0.25463478,3.9104113952912996,3.8700316974233764,0.05171631799999999,0.03289828093262556,False,coarse
contraction_4D,11.2,0.098806347,0.12141186,1.2881235e-07,-1.3309661e-13,0.00049236435,0.0053290079,3.8553691e-07,0.0011327359999999953,0.9886657355060983,0.24282372,3.726506715049839,3.6905229257615892,0.038553691,0.03289828093262556,False,coarse
contraction_4D,11.2,0.098859619,0.11578407,1.1212521e-07,-1.6022249e-13,0.00041963195,0.004762681,2.6010095e-07,0.0010794640000000022,0.9891987802209472,0.23156814,3.551250992865579,3.51945654051412,0.026010095,0.03289828093262556,False,coarse
contraction_4D,11.2,0.098910385,0.11042095,9.6222851e-08,-1.8607265e-13,0.00035032011,0.0042229881,1.4056417e-07,0.0010286979999999946,0.9897067496606908,0.2208419,3.384239579882987,3.356435256484615,0.014056416999999998,0.03289828093262556,False,coarse
contraction_4D,11.2,0.098958764,0.10554973,8.8523505e-08,-1.7169041e-13,0.0003202702,0.0039431867,1.108608e-07,0.0009803189999999934,0.9901908345506834,0.21109946,3.2250809865590337,3.208366121505311,0.01108608,0.03289828093262556,False,coarse
contraction_4D,11.2,0.099004868,0.10096799,8.3064443e-08,-1.4815498e-13,0.00030070365,0.0037356248,1.0377003e-07,0.0009342150000000021,0.9906521555736107,0.20193598,3.073406752147285,3.069096230492366,0.010377003,0.03289828093262556,False,coarse
contraction_4D,11.2,0.099048804,0.096601721,7.7862119e-08,-1.2572642e-13,0.0002820573,0.0035378244,9.7012727e-08,0.0008902789999999938,0.9910917833816827,0.193203442,2.9288648650416746,2.9363759522218404,0.0097012727,0.03289828093262556,False,coarse
contraction_4D,11.2,0.099090673,0.092440798,7.2904456e-08,-1.0435265e-13,0.00026428788,0.0033493264,9.0573218e-08,0.0008484099999999939,0.9915107285905356,0.184881596,2.791123052604865,2.8098975198526412,0.009057321799999999,0.03289828093262556,False,coarse
contraction_4D,11.2,0.099130573,0.08847556,6.8179949e-08,-8.3984082e-14,0.00024735414,0.0031696934,8.4436555e-08,0.0008085099999999984,0.9919099717975199,0.17695112,2.659858911683704,2.6893672706240976,0.0084436555,0.03289828093262556,False,coarse
contraction_4D,11.2,0.099168597,0.084565305,6.3452149e-08,-7.0180358e-14,0.00023065538,0.0029925556,7.8384995e-08,0.0007704860000000008,0.9922904435695092,0.16913061,2.5347664882654963,2.5705083245287663,0.0078384995,0.03289828093262556,False,coarse
contraction_4D,11.2,0.099204832,0.080689826,5.8690997e-08,-6.3383999e-14,0.00021410532,0.002816998,7.2387268e-08,0.0007342509999999913,0.9926530144368045,0.161379652,2.4155595673060963,2.4527064549436406,0.007238726799999999,0.03289828093262556,False,coarse
contraction_4D,11.2,0.099239364,0.07699661,5.4153759e-08,-5.6907268e-14,0.0001983336,0.0026496968,6.667161e-08,0.0006997190000000014,0.9929985449236111,0.15399322,2.301955223589587,2.3404447836556,0.006667161,0.03289828093262556,False,coarse
contraction_4D,11.2,0.099272271,0.073477083,4.9829905e-08,-5.0735134e-14,0.00018330361,0.0024902636,6.1224757e-08,0.0006668120000000027,0.9933278155053714,0.146954166,2.1936968505246006,2.233462689144101,0.006122475699999999,0.03289828093262556,False,coarse
contraction_4D,11.2,0.099303631,0.070123077,4.57094e-08,-4.4853271e-14,0.00016898047,0.0023383285,5.6034066e-08,0.0006354519999999947,0.9936416066575277,0.140246154,2.0905278415198603,2.131511890958966,0.005603406599999999,0.03289828093262556,False,coarse
contraction_4D,11.2,0.099333516,0.066926809,4.1782679e-08,-3.924803e-14,0.00015533094,0.0021935388,5.108749e-08,0.0006055670000000013,0.9939406388189493,0.133853618,1.9922113289527303,2.03435581138916,0.005108748999999999,0.03289828093262556,False,coarse
contraction_4D,11.2,0.099361995,0.063880859,3.8040629e-08,-3.3906399e-14,0.00014232335,0.0020555585,4.6373548e-08,0.0005770880000000034,0.9942256024102202,0.127761718,1.898520314684713,1.941768906734841,0.004637354799999999,0.03289828093262556,False,coarse
contraction_4D,11.2,0.099389135,0.060978158,3.4474566e-08,-2.8815983e-14,0.00012992749,0.0019240673,4.1881301e-08,0.0005499479999999946,0.994497167839733,0.121956316,1.8092343802335384,1.8535363025466578,0.0041881301,0.03289828093262556,False,coarse
contraction_4D,11.2,0.099414999,0.058211969,3.1076213e-08,-2.3964965e-14,0.0001181146,0.0017987601,3.7600321e-08,0.0005240839999999941,0.9947559654914985,0.116423938,1.7241462664293938,1.7694532160879748,0.0037600320999999996,0.03289828093262556,False,coarse
contraction_4D,11.2,0.099439646,0.055399803,2.7710457e-08,-2.6808831e-14,0.00010610515,0.0016713647,3.3248172e-08,0.0004994369999999915,0.9950025857251463,0.110799606,1.6430618734147429,1.6839725794018447,0.0033248172,0.03289828093262556,False,coarse
contraction_4D,11.2,0.099463135,0.052680173,2.4474291e-08,-3.1203305e-14,9.4490845e-05,0.0015481601,2.9039231e-08,0.0004759480000000038,0.9952376189003055,0.105360346,1.5657871013321396,1.6013047340645854,0.0029039230999999997,0.03289828093262556,False,coarse
contraction_4D,11.2,0.099485518,0.050088445,2.1390319e-08,-3.5391109e-14,8.342275e-05,0.0014307498,2.5028234e-08,0.000453565000000003,0.9954615853339378,0.10017689,1.492150879120641,1.5225246906541787,0.0025028233999999996,0.03289828093262556,False,coarse
contraction_4D,11.2,0.099506849,0.047618605,1.8451386e-08,-3.9381964e-14,7.2875181e-05,0.0013188613,2.1205872e-08,0.00043223400000000356,0.9956750253551956,0.09523721,1.4219755560632592,1.447449643266197,0.0021205872,0.03289828093262556,False,coarse
contraction_4D,11.2,0.099527177,0.045264921,1.5650668e-08,-4.3185131e-14,6.2823658e-05,0.0012122347,1.7563274e-08,0.00041190600000000355,0.9958784292627539,0.090529842,1.3550999305834182,1.3759053578726759,0.0017563274,0.03289828093262556,False,coarse
contraction_4D,11.2,0.099546548,0.043021928,1.2981666e-08,-4.6809437e-14,5.3244852e-05,0.0011106228,1.4091984e-08,0.0003925349999999994,0.996072257337002,0.086043856,1.2913726705888153,1.307725716371238,0.0014091983999999999,0.03289828093262556,False,coarse
contraction_4D,11.2,0.099565009,0.040884422,1.0438186e-08,-5.0263294e-14,4.4116532e-05,0.0010137896,1.0783948e-08,0.000374074000000002,0.996256979864424,0.081768844,1.230639154159104,1.2427525342047432,0.0010783948,0.03289828093262556,False,coarse
contraction_4D,11.2,0.099582602,0.038847442,8.0143248e-09,-5.3554718e-14,3.5417512e-05,0.00092151046,7.631486e-09,0.00035648099999999183,0.9964330171010275,0.077694884,1.1727612085143022,1.1808350132202379,0.0007631485999999999,0.03289828093262556,False,coarse
contraction_4D,11.2,0.099599367,0.03690626,5.7044559e-09,-5.6691349e-14,2.7127601e-05,0.00083357112,4.6272828e-09,0.0003397160000000038,0.9966007692906287,0.07381252,1.1176072405307949,1.1218294377017033,0.00046272827999999994,0.03289828093262556,False,coarse
contraction_4D,11.2,0.099615343,0.03505637,3.5032189e-09,-5.9680466e-14,1.9227559e-05,0.00074976752,1.7643655e-09,0.0003237400000000029,0.9967606266709491,0.07011274,1.0650489469128295,1.065598840006082,0.00017643654999999997,0.03289828093262556,False,coarse
contraction_4D,11.2,0.099630569,0.034088509,3.1101571e-09,-5.7726122e-14,1.7682213e-05,0.00072254847,1.3075178e-09,0.00030851399999999585,0.9969129794797097,0.068177018,1.0149580243647907,1.0361790353061908,0.00013075178,0.03289828093262556,True,coarse
contraction_4D,11.2,0.099645078,0.03330807,3.0398444e-09,-5.5006422e-14,1.7277479e-05,0.00070600584,1.2775829e-09,0.00029400499999999996,0.997058157918059,0.06661614,0.9672259085596576,1.012456245607899,0.00012775828999999999,0.03289828093262556,True,coarse
contraction_4D,11.2,0.099658905,0.032564334,2.9728385e-09,-5.2414629e-14,1.6891779e-05,0.0006902412,1.2490559e-09,0.00028017799999999204,0.9971965121993366,0.065128668,0.9217374555140901,0.9898491069089758,0.00012490559,0.03289828093262556,True,coarse
contraction_4D,11.2,0.099672081,0.031855576,2.9089839e-09,-4.9944725e-14,1.6524218e-05,0.00067521797,1.2218704e-09,0.0002670020000000023,0.9973283525125001,0.063711152,0.8783906805572964,0.9683051848587169,0.00012218703999999998,0.03289828093262556,True,coarse
contraction_4D,11.2,0.099684638,0.031180151,2.8481323e-09,-4.759098e-14,1.6173944e-05,0.00066090126,1.1959635e-09,0.00025444499999999204,0.9974539990526029,0.062360302,0.8370803091901649,0.9477744768444215,0.00011959634999999998,0.03289828093262556,True,coarse
contraction_4D,11.2,0.099696605,0.03053649,2.7901425e-09,-4.534793e-14,1.5840143e-05,0.00064725786,1.171275e-09,0.0002424780000000043,0.9975737419964119,0.06107298,0.7977109363981322,0.928209290404492,0.00011712749999999999,0.03289828093262556,True,coarse
contraction_4D,11.2,0.099708008,0.0299231,2.7348799e-09,-4.321037e-14,1.552204e-05,0.00063425611,1.1477475e-09,0.00023107499999999725,0.9976878415024081,0.0598462,0.760197026650636,0.9095642432284343,0.00011477474999999998,0.03289828093262556,True,coarse
contraction_4D,11.2,0.099718875,0.029338558,2.6822163e-09,-4.1173338e-14,1.5218897e-05,0.00062186581,1.1253266e-09,0.00022020799999999952,0.9977965777412626,0.058677116,0.7244464647611594,0.8917960807765081,0.00011253265999999999,0.03289828093262556,True,coarse
contraction_4D,11.2,0.099729232,0.028781506,2.6320294e-09,-3.9232106e-14,1.4930011e-05,0.00061005823,1.10396e-09,0.000209850999999997,0.9979002108714566,0.057563012,0.6903737151992309,0.8748635242961004,0.00011039599999999999,0.03289828093262556,True,coarse
contraction_4D,11.2,0.099739101,0.028250653,2.5842028e-09,-3.7382169e-14,1.4654711e-05,0.00059880595,1.0835984e-09,0.00019998200000000133,0.9979989610270888,0.056501306,0.6579064017468369,0.8587273316151769,0.00010835983999999999,0.03289828093262556,True,coarse
contraction_4D,11.2,0.099748506,0.027744765,2.5386255e-09,-3.5619233e-14,1.4392359e-05,0.00058808286,1.0641943e-09,0.00019057699999999733,0.9980930683544496,0.05548953,0.6269655685296893,0.8433499931750305,0.00010641942999999999,0.03289828093262556,True,coarse
contraction_4D,11.2,0.099757469,0.027262668,2.4951916e-09,-3.3939208e-14,1.4142344e-05,0.00057786407,1.0457028e-09,0.0001816139999999966,0.9981827529876375,0.054525336,0.5974788393297746,0.8286958232204569,0.00010457028,0.03289828093262556,True,coarse
contraction_4D,11.2,0.09976601,0.026803244,2.4538004e-09,-3.2338192e-14,1.3904088e-05,0.00056812586,1.0280809e-09,0.0001730729999999958,0.9982682150485612,0.053606488,0.5693804175852165,0.8147308382128547,0.00010280808999999999,0.03289828093262556,True,coarse
contraction_4D,11.2,0.099774149,0.026365427,2.4143558e-09,-3.0812472e-14,1.3677037e-05,0.00055884563,1.0112878e-09,0.0001649339999999916,0.9983496546591288,0.052730854,0.5426045067341387,0.8014226352433247,0.00010112878,0.03289828093262556,True,coarse
contraction_4D,11.2,0.099781906,0.0259482,2.3767663e-09,-2.9358506e-14,1.3460664e-05,0.00055000185,9.9528448e-10,0.00015717699999999446,0.9984272719412485,0.0518964,0.5170853102147105,0.7887403008424949,9.9528448e-05,0.03289828093262556,True,coarse
contraction_4D,11.2,0.099789298,0.025550595,2.3409446e-09,-2.7972918e-14,1.3254466e-05,0.00054157399,9.8003376e-10,0.0001497849999999995,0.9985012369985424,0.05110119,0.4927669009493303,0.7766544109805207,9.800337599999999e-05,0.03289828093262556,True,coarse
contraction_4D,11.2,0.099796342,0.025171689,2.3068075e-09,-2.6652494e-14,1.3057966e-05,0.00053354248,9.6550027e-10,0.00014274100000000178,0.9985717199346326,0.050343378,0.46959335186039636,0.7651369094801844,9.655002699999999e-05,0.03289828093262556,True,coarse
contraction_4D,11.2,0.099803055,0.024810603,2.2742759e-09,-2.5394169e-14,1.2870708e-05,0.00052588869,9.5165029e-10,0.00013602799999999637,0.9986388908531411,0.049621206,0.4475087358703071,0.7541610776201705,9.5165029e-05,0.03289828093262556,True,coarse
contraction_4D,11.2,0.099809453,0.024466498,2.2432742e-09,-2.4195022e-14,1.2692256e-05,0.00051859485,9.3845166e-10,0.0001296299999999917,0.9987029098515944,0.048932996,0.4264604157295978,0.7437014125481652,9.3845166e-05,0.03289828093262556,True,coarse
contraction_4D,11.2,0.099815549,0.024127617,2.2126778e-09,-2.3052455e-14,1.2516513e-05,0.00051141176,9.2545339e-10,0.0001235339999999946,0.9987639070092329,0.048255234,0.4064056236730788,0.7334005399678011,9.2545339e-05,0.03289828093262556,True,coarse
contraction_4D,11.2,0.099821359,0.023498851,2.1541431e-09,-2.1968778e-14,1.2190441e-05,0.00049808458,9.0133595e-10,0.0001177239999999996,0.9988220424235832,0.046997702,0.38729172245123983,0.7142881127474339,9.0133595e-05,0.03289828093262556,True,coarse
contraction_4D,11.2,0.099826895,0.022899654,2.0983613e-09,-2.0936065e-14,1.1879703e-05,0.00048538417,8.7835275e-10,0.00011218799999999918,0.9988774361677903,0.045799308,0.36907923412693694,0.6960744862899562,8.7835275e-05,0.03289828093262556,True,coarse
contraction_4D,11.2,0.099832171,0.022328638,2.0452029e-09,-1.995192e-14,1.158358e-05,0.00047328106,8.5645043e-10,0.00010691200000000067,0.99893022832719,0.044657276,0.3517221011068886,0.6787174699410042,8.5645043e-05,0.03289828093262556,True,coarse
contraction_4D,11.2,0.099837199,0.021784476,1.9945445e-09,-1.9014059e-14,1.1301383e-05,0.00046174714,8.3557816e-10,0.00010188399999999653,0.9989805389749274,0.043568952,0.3351808454539508,0.6621767272464414,8.355781599999999e-05,0.03289828093262556,True,coarse
contraction_4D,11.2,0.099841991,0.021265906,1.9462686e-09,-1.8120305e-14,1.1032458e-05,0.00045075566,8.1568751e-10,9.709199999999307e-05,0.9990284881841472,0.042531812,0.3194159892310253,0.6464138975392597,8.1568751e-05,0.03289828093262556,True,coarse
contraction_4D,11.2,0.099846557,0.020771724,1.900263e-09,-1.7268584e-14,1.077618e-05,0.00044028111,7.967323e-10,9.252599999999556e-05,0.9990741760158036,0.041543448,0.30439463415719664,0.6313923831625033,7.967323e-05,0.03289828093262556,True,coarse
contraction_4D,11.2,0.099850908,0.020300783,1.856421e-09,-1.6456919e-14,1.0531955e-05,0.00043029916,7.7866854e-10,8.81749999999959e-05,0.9991177125369461,0.040601566,0.29008059212341236,0.6170773190725447,7.786685399999999e-05,0.03289828093262556,True,coarse
contraction_4D,11.2,0.099855055,0.01985199,1.8146409e-09,-1.5683426e-14,1.0299215e-05,0.00042078666,7.6145431e-10,8.402799999999988e-05,0.9991592078146244,0.03970398,0.2764376750206657,0.6034354816489083,7.6145431e-05,0.03289828093262556,True,coarse
contraction_4D,11.2,0.099859007,0.019424303,1.7748257e-09,-1.4946309e-14,1.0077421e-05,0.00041172153,7.4504966e-10,8.007599999999837e-05,0.9991987519036972,0.038848606,0.2634362743960871,0.5904351975040957,7.450496599999999e-05,0.03289828093262556,True,coarse
contraction_4D,11.2,0.099862773,0.019016731,1.736883e-09,-1.4243859e-14,9.8660579e-06,0.00040308272,7.2941651e-10,7.63099999999961e-05,0.9992364348590231,0.038033462,0.2510467817968528,0.5780463434835864,7.294165099999999e-05,0.03289828093262556,True,coarse
contraction_4D,11.2,0.099866362,0.018628326,1.7007247e-09,-1.3574445e-14,9.6646351e-06,0.0003948502,7.1451857e-10,7.272099999999782e-05,0.9992723467354608,0.037256652,0.23923958877013915,0.5662401034920368,7.1451857e-05,0.03289828093262556,True,coarse
contraction_4D,11.2,0.099869782,0.018258187,1.6662669e-09,-1.2936513e-14,9.472685e-06,0.00038700484,7.0032128e-10,6.930099999999384e-05,0.9993065675817738,0.036516374,0.22798837669116812,0.55498909008018,7.0032128e-05,0.03289828093262556,True,coarse
contraction_4D,11.2,0.099873041,0.017905457,1.6334296e-09,-1.2328582e-14,9.2897623e-06,0.00037952845,6.8679168e-10,6.604200000000227e-05,0.9993391774467252,0.035810914,0.2172668269352532,0.5442672532546519,6.867916799999999e-05,0.03289828093262556,True,coarse
contraction_4D,11.2,0.099876147,0.017569314,1.6021367e-09,-1.1749242e-14,9.1154423e-06,0.00037240366,6.7389836e-10,6.293599999999955e-05,0.9993702563790785,0.035138628,0.20704862087757073,0.534049606907464,6.7389836e-05,0.03289828093262556,True,coarse
contraction_4D,11.2,0.099879107,0.017248981,1.5723154e-09,-1.1197148e-14,8.9493205e-06,0.00036561396,6.6161141e-10,5.997600000000325e-05,0.9993998744215014,0.034497962,0.19731072972152575,0.5243125327832558,6.6161141e-05,0.03289828093262556,True,coarse
contraction_4D,11.2,0.099881927,0.016943712,1.5438966e-09,-1.0671019e-14,8.7910112e-06,0.00035914356,6.4990231e-10,5.715600000000265e-05,0.9994280916105663,0.033887424,0.18803341449852337,0.5150333549251428,6.499023099999998e-05,0.03289828093262556,True,coarse
contraction_4D,11.2,0.099884615,0.0166528,1.5168143e-09,-1.0169633e-14,8.6401472e-06,0.00035297747,6.3874388e-10,5.446800000000196e-05,0.999454987995037,0.0333056,0.17919035658383134,0.5061905828485174,6.3874388e-05,0.03289828093262556,True,coarse
contraction_4D,11.2,0.099887177,0.01637557,1.4910057e-09,-9.6918277e-15,8.4963782e-06,0.00034710136,6.2811023e-10,5.190600000000434e-05,0.9994806236114854,0.03275114,0.1707618170089005,0.49776369876397336,6.2811023e-05,0.03289828093262556,True,coarse
contraction_4D,11.2,0.099889618,0.016111377,1.4664109e-09,-9.2364927e-15,8.3593706e-06,0.00034150161,6.1797667e-10,4.946499999999854e-05,0.9995050484903889,0.032222754,0.16273134663322752,0.489733096783856,6.1797667e-05,0.03289828093262556,True,coarse
contraction_4D,11.2,0.099891944,0.01585961,1.4429727e-09,-8.8025719e-15,8.2288064e-06,0.0003361652,6.0831968e-10,4.7139000000001596e-05,0.9995283226683198,0.03171922,0.15507920648830886,0.4820802045091621,6.0831968e-05,0.03289828093262556,True,coarse
contraction_4D,11.2,0.099894161,0.015619682,1.4206369e-09,-8.3890582e-15,8.1043825e-06,0.00033107977,5.9911686e-10,4.492200000000279e-05,0.9995505061818508,0.031239364,0.14778565760554974,0.47478717906228957,5.991168599999999e-05,0.03289828093262556,True,coarse
contraction_4D,11.2,0.099896274,0.015391039,1.3993514e-09,-7.9949917e-15,7.9858102e-06,0.0003262335,5.9034684e-10,4.280900000000476e-05,0.9995716490614587,0.030782078,0.14083425084449241,0.46783718065756286,5.9034683999999995e-05,0.03289828093262556,True,coarse
contraction_4D,11.2,0.099898287,0.015173148,1.379067e-09,-7.619458e-15,7.8728143e-06,0.00032161514,5.8198927e-10,4.0795999999995725e-05,0.9995917913315254,0.030346296,0.13421182689272518,0.4612140078405323,5.8198926999999997e-05,0.03289828093262556,True,coarse
contraction_4D,11.2,0.099900206,0.014965505,1.3597366e-09,-7.2615854e-15,7.7651326e-06,0.00031721399,5.7402475e-10,3.887699999999272e-05,0.9996109930286233,0.02993101,0.12789864678174445,0.4549023406617747,5.7402474999999996e-05,0.03289828093262556,True,coarse
contraction_4D,11.2,0.099902034,0.014767627,1.3413153e-09,-6.9205434e-15,7.662515e-06,0.00031301982,5.664348e-10,3.7048999999997334e-05,0.9996292841710385,0.029535254,0.12188484102727568,0.4488874975030927,5.664347999999999e-05,0.03289828093262556,True,coarse
contraction_4D,11.2,0.099903776,0.014579055,1.3237603e-09,-6.5955403e-15,7.5647235e-06,0.0003090229,5.592018e-10,3.530699999999831e-05,0.9996467147892482,0.02915811,0.11615396048881552,0.4431555262676902,5.592018e-05,0.03289828093262556,True,coarse
contraction_4D,11.2,0.099905437,0.014399351,1.3070309e-09,-6.285822e-15,7.4715311e-06,0.00030521395,5.5230896e-10,3.364599999999829e-05,0.9996633349137294,0.028798702,0.11068955602590631,0.437693113189997,5.5230896e-05,0.03289828093262556,True,coarse
contraction_4D,11.2,0.099907019,0.014228099,1.2910883e-09,-5.9906695e-15,7.3827214e-06,0.00030158413,5.4574029e-10,3.2063999999998316e-05,0.999679164556673,0.028456198,0.10548504798236506,0.43248761323239376,5.4574028999999996e-05,0.03289828093262556,True,coarse
contraction_4D,11.2,0.099908527,0.014064901,1.2758955e-09,-5.7093978e-15,7.2980884e-06,0.00029812502,5.3948054e-10,3.055600000000103e-05,0.999694253748556,0.028129802,0.10052398721773403,0.4275269284983123,5.3948053999999993e-05,0.03289828093262556,True,coarse
contraction_4D,11.2,0.099909964,0.013909378,1.2614171e-09,-5.4413542e-15,7.2174357e-06,0.0002948286,5.3351518e-10,2.9118999999994122e-05,0.9997086325076647,0.027818756,0.09579650424769302,0.42279953862896,5.3351517999999995e-05,0.03289828093262556,True,coarse
contraction_4D,11.2,0.099911334,0.013761169,1.2476197e-09,-5.1859166e-15,7.140576e-06,0.0002916872,5.2783037e-10,2.7748999999993584e-05,0.9997223408583807,0.027522338,0.09128943975992156,0.41829447040659523,5.2783037e-05,0.03289828093262556,True,coarse
contraction_4D,11.2,0.099912639,0.01361993,1.2344712e-09,-4.942492e-15,7.0673309e-06,0.00028869354,5.2241291e-10,2.6444000000000467e-05,0.9997353988128949,0.02723986,0.08699621409823657,0.4140012673578022,5.224129099999999e-05,0.03289828093262556,True,coarse
contraction_4D,11.2,0.099913882,0.013485334,1.221941e-09,-4.7105155e-15,6.9975306e-06,0.00028584066,5.1725023e-10,2.520100000000247e-05,0.9997478363894934,0.026970668,0.0829069577783178,0.40990998975349063,5.1725023e-05,0.03289828093262556,True,coarse
contraction_4D,11.2,0.099915067,0.013357067,1.2100001e-09,-4.4894488e-15,6.9310129e-06,0.00028312196,5.1233035e-10,2.4016000000001703e-05,0.9997596936125579,0.026714134,0.07900851148779915,0.40601109302199617,5.1233035e-05,0.03289828093262556,True,coarse
contraction_4D,11.2,0.099916197,0.013234833,1.1986208e-09,-4.2787787e-15,6.8676235e-06,0.00028053112,5.0764185e-10,2.288599999999974e-05,0.9997710005003748,0.026469666,0.07529100574240599,0.40229557973270513,5.0764184999999997e-05,0.03289828093262556,True,coarse
contraction_4D,11.2,0.099917273,0.013118348,1.1877767e-09,-4.0780163e-15,6.8072153e-06,0.00027806212,5.0317385e-10,2.180999999999711e-05,0.9997817670590394,0.026236696,0.07175115071404684,0.39875481721570444,5.0317385e-05,0.03289828093262556,True,coarse
contraction_4D,11.2,0.099918299,0.01300734,1.1774425e-09,-3.8866956e-15,6.749648e-06,0.00027570924,4.9891597e-10,2.0783999999995917e-05,0.9997920333129333,0.02601468,0.06837578709035552,0.39538053756178143,4.9891596999999994e-05,0.03289828093262556,True,coarse
contraction_4D,11.2,0.099919276,0.012901554,1.1675944e-09,-3.7043726e-15,6.6947881e-06,0.00027346701,4.9485834e-10,1.980699999999669e-05,0.9998018092681519,0.025803108,0.06516162504324055,0.3921649896060495,4.9485834e-05,0.03289828093262556,True,coarse
contraction_4D,11.2,0.099920208,0.012800742,1.1582094e-09,-3.5306242e-15,6.6425082e-06,0.00027133024,4.9099154e-10,1.887500000000153e-05,0.9998111349490769,0.025601484,0.062095505260335776,0.3891006349606971,4.9099154e-05,0.03289828093262556,True,coarse
contraction_4D,11.2,0.099921095,0.012704671,1.1492657e-09,-3.365047e-15,6.592687e-06,0.00026929395,4.8730659e-10,1.7987999999996562e-05,0.9998200103557084,0.025409342,0.05917742774159555,0.3861803911887885,4.873065899999999e-05,0.03289828093262556,True,coarse
contraction_4D,11.2,0.099921941,0.012613119,1.1407427e-09,-3.2072568e-15,6.5452088e-06,0.00026735343,4.8379494e-10,1.714199999999777e-05,0.9998284755124279,0.025226238,0.0563942331746994,0.3833975102173634,4.8379494e-05,0.03289828093262556,True,coarse
contraction_4D,11.2,0.099922748,0.012525872,1.1326206e-09,-3.0568875e-15,6.4999636e-06,0.00026550417,4.8044844e-10,1.6334999999992328e-05,0.9998365504314264,0.025051744,0.05373934190341861,0.380745487147262,4.8044844e-05,0.03289828093262556,True,coarse
contraction_4D,11.2,0.099923516,0.012442729,1.1248804e-09,-2.9135899e-15,6.4568462e-06,0.00026374188,4.7725933e-10,1.5566999999994113e-05,0.9998442351127037,0.024885458,0.051212753927798844,0.37821821223674995,4.7725932999999993e-05,0.03289828093262556,True,coarse
contraction_4D,11.2,0.099924248,0.012363496,1.1175042e-09,-2.7770315e-15,6.4157566e-06,0.00026206248,4.742202e-10,1.4835000000004706e-05,0.999851559574546,0.024726992,0.0488045997635655,0.3758097885211684,4.7422019999999996e-05,0.03289828093262556,True,coarse
contraction_4D,11.2,0.099924946,0.012287989,1.1104749e-09,-2.6468953e-15,6.3765994e-06,0.00026046205,4.71324e-10,1.4136999999997402e-05,0.9998585438291444,0.024575978,0.046508299754444204,0.3735146230031088,4.7132399999999996e-05,0.03289828093262556,True,coarse
contraction_4D,11.2,0.09992561,0.012216033,1.1037762e-09,-2.5228794e-15,6.3392837e-06,0.00025893689,4.68564e-10,1.3472999999999957e-05,0.9998651878764987,0.024432066,0.044323853900526275,0.37132739625568806,4.68564e-05,0.03289828093262556,True,coarse
contraction_4D,11.2,0.099926244,0.012147461,1.0973925e-09,-2.4046959e-15,6.303723e-06,0.00025748345,4.659338e-10,1.28390000000006e-05,0.9998715317409906,0.024294922,0.04223810288939993,0.36924303202582354,4.659338e-05,0.03289828093262556,True,coarse
contraction_4D,11.2,0.099926848,0.012082114,1.0913091e-09,-2.2920705e-15,6.2698346e-06,0.00025609837,4.634273e-10,1.223499999999933e-05,0.9998775754226202,0.024164228,0.04025104672106517,0.3672566972342328,4.6342729999999995e-05,0.03289828093262556,True,coarse
contraction_4D,11.2,0.099927423,0.01201984,1.0855118e-09,-2.1847418e-15,6.2375401e-06,0.00025477844,4.6103869e-10,1.1659999999996673e-05,0.9998833289274828,0.02403968,0.03835939556743046,0.3653637715787089,4.6103869e-05,0.03289828093262556,True,coarse
contraction_4D,11.2,0.099927972,0.011960495,1.0799871e-09,-2.0824607e-15,6.2067643e-06,0.00025352057,4.587624e-10,1.1110999999994209e-05,0.9998888222738647,0.02392099,0.0365532799442212,0.36355987793084515,4.5876239999999996e-05,0.03289828093262556,True,coarse
contraction_4D,11.2,0.099928494,0.01190394,1.0747222e-09,-1.9849898e-15,6.1774359e-06,0.00025232186,4.5659317e-10,1.058899999999141e-05,0.9998940454556703,0.02380788,0.03483598967952895,0.36184079114586015,4.565931699999999e-05,0.03289828093262556,True,coarse
contraction_4D,11.2,0.099928992,0.011850046,1.0697049e-09,-1.8921029e-15,6.1494867e-06,0.00025117953,4.5452595e-10,1.0091000000003736e-05,0.999899028491186,0.023700092,0.033197655289124745,0.36020259004622296,4.545259499999999e-05,0.03289828093262556,True,coarse
contraction_4D,11.2,0.099929467,0.011798686,1.0649236e-09,-1.8035845e-15,6.122852e-06,0.00025009092,4.5255596e-10,9.616000000003955e-06,0.9999037813865072,0.023597372,0.03163498694482575,0.35864141424785273,4.5255595999999997e-05,0.03289828093262556,True,coarse
contraction_4D,11.2,0.099929919,0.011749742,1.0603672e-09,-1.719229e-15,6.09747e-06,0.00024905351,4.5067861e-10,9.163999999992067e-06,0.999908304141634,0.023499484,0.030147984646631966,0.357153676937194,4.5067860999999996e-05,0.03289828093262556,True,coarse
contraction_4D,11.2,0.09993035,0.011703099,1.056025e-09,-1.6388407e-15,6.0732816e-06,0.00024806489,4.4888956e-10,8.732999999996882e-06,0.9999126167687571,0.023406198,0.028730068738451645,0.35573588249086646,4.4888955999999996e-05,0.03289828093262556,True,coarse
contraction_4D,11.2,0.099930761,0.01165865,1.051887e-09,-1.562233e-15,6.0502308e-06,0.00024712276,4.4718464e-10,8.32199999999117e-06,0.9999167292739719,0.0233173,0.027377949392101943,0.3543847784592902,4.4718464e-05,0.03289828093262556,True,coarse
contraction_4D,11.2,0.099931152,0.011616292,1.0479437e-09,-1.4892281e-15,6.0282641e-06,0.00024622493,4.455599e-10,7.931000000002686e-06,0.9999206416572783,0.023232584,0.026091626607674168,0.3530972339797854,4.455599e-05,0.03289828093262556,True,coarse
contraction_4D,11.2,0.099931525,0.011575925,1.0441858e-09,-1.4196566e-15,6.0073304e-06,0.00024536934,4.4401158e-10,7.558000000004728e-06,0.9999243739308674,0.02315185,0.02486452072889395,0.3518702093798475,4.4401157999999996e-05,0.03289828093262556,True,coarse
contraction_4D,11.2,0.09993188,0.011537457,1.0406046e-09,-1.353357e-15,5.9873812e-06,0.00024455398,4.4253607e-10,7.202999999997295e-06,0.9999279260947391,0.023074914,0.02369663175576129,0.35070090816077215,4.4253607e-05,0.03289828093262556,True,coarse
contraction_4D,11.2,0.099932219,0.011500798,1.0371919e-09,-1.2901754e-15,5.9683703e-06,0.00024377696,4.4112995e-10,6.863999999995318e-06,0.9999313181610843,0.023001596,0.022581380032138783,0.3495865946173054,4.4112994999999996e-05,0.03289828093262556,True,coarse
contraction_4D,11.2,0.099932542,0.011465863,1.0339397e-09,-1.2299652e-15,5.9502534e-06,0.00024303649,4.3978996e-10,6.540999999998798e-06,0.9999345501299026,0.022931726,0.021518765558026426,0.34852468502781814,4.3978995999999996e-05,0.03289828093262556,True,coarse
contraction_4D,11.2,0.099932849,0.011432571,1.0308404e-09,-1.1725867e-15,5.9329885e-06,0.00024233085,4.3851299e-10,6.2339999999938556e-06,0.9999376220011945,0.022865142,0.020508788333378557,0.34751271725758176,4.3851298999999995e-05,0.03289828093262556,True,coarse
contraction_4D,11.2,0.099933143,0.011400845,1.0278868e-09,-1.1179067e-15,5.9165356e-06,0.00024165839,4.3729608e-10,5.9399999999959485e-06,0.9999405637932459,0.02280169,0.019541578873966254,0.3465483507587676,4.3729608e-05,0.03289828093262556,True,coarse
contraction_4D,11.2,0.099933422,0.011370611,1.0250722e-09,-1.0657982e-15,5.9008565e-06,0.00024101755,4.361364e-10,5.661000000004024e-06,0.9999433554938661,0.022741222,0.018623716835972567,0.3456293361737223,4.3613639999999995e-05,0.03289828093262556,True,coarse
contraction_4D,11.2,0.099933688,0.011341799,1.0223899e-09,-1.0161404e-15,5.8859147e-06,0.00024040685,4.3503125e-10,5.394999999991379e-06,0.9999460171152462,0.022683598,0.017748622563123127,0.34475354573169265,4.3503124999999995e-05,0.03289828093262556,True,coarse
contraction_4D,11.2,0.099933942,0.011314341,1.0198338e-09,-9.688179e-16,5.8716757e-06,0.00023982488,4.3397808e-10,5.141000000000173e-06,0.999948558663481,0.022628682,0.016913006227463372,0.34391891245537554,4.3397807999999995e-05,0.03289828093262556,True,coarse
contraction_4D,11.2,0.099934184,0.011288175,1.0173979e-09,-9.237209700000002e-16,5.8581063e-06,0.00023927027,4.3297444e-10,4.899000000002651e-06,0.999950980138571,0.02257635,0.016116867828901982,0.34312355174781795,4.3297444e-05,0.03289828093262556,True,coarse
contraction_4D,11.2,0.099934414,0.01126324,1.0150766e-09,-8.807449500000001e-16,5.845175e-06,0.00023874175,4.32018e-10,4.668999999998813e-06,0.9999532815405161,0.02252648,0.015360207367438967,0.34236560940879224,4.32018e-05,0.03289828093262556,True,coarse
contraction_4D,11.2,0.099934634,0.011239477,1.0128644e-09,-8.397900500000001e-16,5.832852e-06,0.00023823808,4.3110654e-10,4.449000000003589e-06,0.9999554828815069,0.022478954,0.014636445186936919,0.34164329203152055,4.3110654e-05,0.03289828093262556,True,coarse
contraction_4D,11.2,0.099934843,0.011216832,1.0107563e-09,-8.007612300000001e-16,5.8211084e-06,0.0002377581,4.3023795e-10,4.240000000002575e-06,0.9999575741554483,0.022433664,0.013948871115441708,0.3409549581928505,4.3023795e-05,0.03289828093262556,True,coarse
contraction_4D,11.2,0.099935042,0.011195252,1.0087473e-09,-7.635679200000001e-16,5.8099172e-06,0.00023730069,4.2941021e-10,4.0409999999962976e-06,0.9999595653684356,0.022390504,0.013294195324861808,0.3402989968663546,4.2941021e-05,0.03289828093262556,True,coarse
contraction_4D,11.2,0.099935232,0.011174687,1.0068328e-09,-7.281237800000001e-16,5.7992522e-06,0.00023686479,4.2862139e-10,3.850999999999161e-06,0.999961466526564,0.022349374,0.012669127987151342,0.3396738882157806,4.2862139e-05,0.03289828093262556,True,coarse
contraction_4D,11.2,0.099935413,0.011155089,1.0050083e-09,-6.943465700000001e-16,5.7890889e-06,0.0002364494,4.2786967e-10,3.6699999999972865e-06,0.9999632776298338,0.022310178,0.012073669102264652,0.3390781731983261,4.2786967e-05,0.03289828093262556,True,coarse
contraction_4D,11.2,0.099935586,0.011136412,1.0032696e-09,-6.621578700000001e-16,5.7794035e-06,0.00023605354,4.2715331e-10,3.4969999999912016e-06,0.9999650086843404,0.022272824,0.011504528842110213,0.33851045356463916,4.271533099999999e-05,0.03289828093262556,True,coarse
contraction_4D,11.2,0.09993575,0.011118614,1.0016127e-09,-6.31483e-16,5.7701736e-06,0.0002356763,4.2647063e-10,3.3329999999942572e-06,0.9999666496839881,0.022237228,0.010964997034825206,0.33796945265226785,4.264706299999999e-05,0.03289828093262556,True,coarse
contraction_4D,11.2,0.099935907,0.011101653,1.0000338e-09,-6.0225074e-16,5.7613778e-06,0.00023531679,4.2582006e-10,3.1759999999936284e-06,0.9999682206409679,0.022203306,0.010448494024180917,0.33745389379876006,4.2582005999999996e-05,0.03289828093262556,True,coarse
contraction_4D,11.2,0.099936056,0.01108549,9.9852905e-10,-5.743932700000001e-16,5.7529956e-06,0.0002349742,4.2520009e-10,3.0270000000026664e-06,0.9999697115491843,0.02217098,0.009958309638314528,0.33696259153183916,4.2520009e-05,0.03289828093262556,True,coarse
contraction_4D,11.2,0.099936199,0.011070087,9.970951e-10,-5.478459e-16,5.7450077e-06,0.00023464772,4.2460927e-10,2.8839999999946686e-06,0.9999711424208285,0.022140174,0.009487864220951672,0.3364943907759533,4.2460927e-05,0.03289828093262556,True,coarse
contraction_4D,11.2,0.099936334,0.011055408,9.9572859e-10,-5.2254706e-16,5.7373954e-06,0.00023433659,4.2404624e-10,2.7489999999963377e-06,0.9999724932437093,0.022110816,0.009043737428366718,0.33604819724900087,4.2404623999999996e-05,0.03289828093262556,True,coarse
contraction_4D,11.2,0.099936464,0.01104142,9.9442634e-10,-4.9843799e-16,5.7301411e-06,0.00023404009,4.2350969e-10,2.618999999995375e-06,0.999973794036113,0.02208284,0.008616059776239419,0.33562300785905536,4.2350969e-05,0.03289828093262556,True,coarse
contraction_4D,11.2,0.099936587,0.011028089,9.9318534e-10,-4.7546276e-16,5.723228e-06,0.00023375754,4.2299837e-10,2.4960000000046056e-06,0.9999750247858488,0.022056178,0.008211410920798492,0.33521778911746514,4.2299837e-05,0.03289828093262556,True,coarse
contraction_4D,11.2,0.099936704,0.011015385,9.920027e-10,-4.5356805e-16,5.71664e-06,0.00023348828,4.225111e-10,2.3789999999968003e-06,0.9999761954990122,0.02203077,0.007826501033861094,0.3348316291224789,4.225111e-05,0.03289828093262556,True,coarse
contraction_4D,11.2,0.099936816,0.011003279,9.9087568e-10,-4.3270302000000006e-16,5.7103619e-06,0.00023323168,4.2204675e-10,2.267000000000241e-06,0.9999773161816984,0.022006558,0.0074580402874270075,0.33446364636907017,4.2204675e-05,0.03289828093262556,True,coarse
contraction_4D,11.2,0.099936923,0.010991742,9.8980166e-10,-4.1281926000000006e-16,5.7043789e-06,0.00023298715,4.2160423e-10,2.16000000000105e-06,0.9999783868339076,0.021983484,0.007106028681450574,0.33411295935221275,4.216042299999999e-05,0.03289828093262556,True,coarse
contraction_4D,11.2,0.099937024,0.010980748,9.8877815e-10,-3.9387065e-16,5.6986774e-06,0.00023275411,4.2118253e-10,2.0589999999987008e-06,0.9999793974495443,0.021961496,0.006773756044023328,0.3337787777570554,4.2118253e-05,0.03289828093262556,True,coarse
contraction_4D,11.2,0.099937121,0.010970271,9.8780278e-10,-3.7581315e-16,5.693244e-06,0.00023253204,4.2078065e-10,1.961999999994246e-06,0.9999803680407995,0.021940542,0.006454642718962206,0.33346031126874687,4.2078065e-05,0.03289828093262556,True,coarse
contraction_4D,11.2,0.099937213,0.010960286,9.8687328e-10,-3.586049e-16,5.6880662e-06,0.00023232041,4.2039768e-10,1.8700000000010375e-06,0.9999812886015774,0.021920572,0.006151978534404393,0.33315679996916103,4.2039767999999996e-05,0.03289828093262556,True,coarse
contraction_4D,11.2,0.099937301,0.010950771,9.8598749e-10,-3.4220595000000003e-16,5.6831318e-06,0.00023211874,4.2003272e-10,1.7819999999918457e-06,0.9999821691379739,0.021901542,0.005862473662167049,0.3328675751303469,4.2003271999999995e-05,0.03289828093262556,True,coarse
contraction_4D,11.2,0.099937385,0.010941704,9.8514336e-10,-3.2657821000000005e-16,5.6784295e-06,0.00023192654,4.1968492e-10,1.6979999999944262e-06,0.9999830096499885,0.021883408,0.0055861281023414835,0.33259196802435353,4.1968491999999994e-05,0.03289828093262556,True,coarse
contraction_4D,11.2,0.099937465,0.010933063,9.8433893e-10,-3.1168545e-16,5.6739484e-06,0.00023174339,4.1935348e-10,1.6179999999949013e-06,0.9999838101376216,0.021866126,0.005322941854882041,0.33232930992322973,4.1935347999999996e-05,0.03289828093262556,True,coarse
contraction_4D,11.2,0.099937541,0.010924828,9.8357233e-10,-2.9749308e-16,5.669678e-06,0.00023156885,4.1903763e-10,1.541999999993271e-06,0.999984570600873,0.021849656,0.005072914919788724,0.33207899289247467,4.1903762999999996e-05,0.03289828093262556,True,coarse
contraction_4D,11.2,0.099937613,0.010916981,9.8284179e-10,-2.8396817000000004e-16,5.6656084e-06,0.00023140252,4.1873663e-10,1.470000000003413e-06,0.9999852910397427,0.021833962,0.004836047297107186,0.33184046979103754,4.1873663e-05,0.03289828093262556,True,coarse
contraction_4D,11.2,0.099937683,0.010909502,9.821456e-10,-2.7107934000000003e-16,5.6617302e-06,0.00023124401,4.1844978e-10,1.3999999999986246e-06,0.9999859914664216,0.021819004,0.0046057593305630536,0.3316131326844174,4.1844977999999996e-05,0.03289828093262556,True,coarse
contraction_4D,11.2,0.099937748,0.010902376,9.8148215e-10,-2.5879665000000005e-16,5.6580344e-06,0.00023109296,4.1817643e-10,1.3349999999912043e-06,0.9999866418626235,0.021804752,0.004391920504476576,0.33139652562173855,4.1817642999999995e-05,0.03289828093262556,True,coarse
contraction_4D,11.2,0.099937811,0.010895584,9.8084991e-10,-2.4709162000000004e-16,5.6545125e-06,0.00023094901,4.1791593e-10,1.2719999999966092e-06,0.9999872722466345,0.021791168,0.004184661334618816,0.3311900710652251,4.1791592999999996e-05,0.03289828093262556,True,coarse
contraction_4D,11.2,0.099937871,0.010889112,9.802474e-10,-2.3593706000000003e-16,5.6511561e-06,0.00023081183,4.1766769e-10,1.212000000000435e-06,0.9999878726123592,0.021778224,0.003987271649035649,0.3309933434607264,4.1766768999999996e-05,0.03289828093262556,True,coarse
contraction_4D,11.2,0.099937928,0.010882945,9.7967322e-10,-2.2530709000000004e-16,5.6479576e-06,0.0002306811,4.1743111e-10,1.1550000000026817e-06,0.9999884429597978,0.02176589,0.0037997514477270742,0.33080588685736684,4.1743111e-05,0.03289828093262556,True,coarse
contraction_4D,11.2,0.099937982,0.010877067,9.7912605e-10,-2.1517705000000002e-16,5.6449096e-06,0.00023055652,4.1720567e-10,1.1010000000033493e-06,0.9999889832889501,0.021754134,0.0036221007306930925,0.3306272149075456,4.1720567e-05,0.03289828093262556,True,coarse
contraction_4D,11.2,0.099938034,0.010871466,9.7860461e-10,-2.0552342e-16,5.6420048e-06,0.0002304378,4.1699083e-10,1.0490000000029642e-06,0.9999895036059115,0.021742932,0.0034510296698421735,0.3304569628505621,4.1699082999999995e-05,0.03289828093262556,True,coarse
contraction_4D,11.2,0.099938083,0.010866128,9.7810769e-10,-1.9632379e-16,5.6392367e-06,0.00023032466,4.1678609e-10,1.000000000001e-06,0.9999899939045869,0.021732256,0.003289828093265846,0.3302947051322657,4.1678608999999996e-05,0.03289828093262556,True,coarse
contraction_3D,11.4,9.9939083e-08,0.63190256,8.8989495e-11,-5.922911800000001e-16,0.0012621228,0.00042473414,0.00032202952,0.099938983060917,1e-06,1.26380512,328.8390396448618,19.204440965462126,32.202952,0.0329039809665084,False,coarse
contraction_3D,11.4,0.0047000761,0.63183188,4.2691613e-06,-3.878291e-13,0.0012635171,0.00042579633,0.00032193937,0.09523900689999999,0.04702940990563221,1.26366376,313.37424703067614,19.20229289711526,32.193937,0.0329039809665084,False,coarse
contraction_3D,11.4,0.0091791104,0.63079284,8.994195e-06,-4.9033059e-13,0.0012838894,0.00044136296,0.00032058404,0.0907599726,0.0918470544701716,1.26158568,298.6364410951224,19.170714955192135,32.058403999999996,0.0329039809665084,False,coarse
contraction_3D,11.4,0.013447498,0.62910502,1.2620745e-05,-2.4649375e-13,0.0013164284,0.00046699236,0.00031848076,0.086491585,0.13455694805604732,1.25821004,284.5917466603143,19.119419642271858,31.848076,0.0329039809665084,False,coarse
contraction_3D,11.4,0.017515147,0.62695556,1.5871612e-05,-1.748136e-13,0.001357182,0.00050008256,0.00031598165,0.082423936,0.1752582320572223,1.25391112,271.20756213287063,19.054094416057197,31.598164999999998,0.0329039809665084,False,coarse
contraction_3D,11.4,0.021391496,0.62435428,1.8774112e-05,-1.7775094e-13,0.0014055562,0.00054077985,0.00031318302,0.078547587,0.21404535000586308,1.24870856,258.45283076131625,18.975037720678976,31.318302,0.0329039809665084,False,coarse
contraction_3D,11.4,0.025085542,0.62134342,2.1223422e-05,-2.4460231e-13,0.0014602497,0.00058881813,0.00031019098,0.074853541,0.25100832674240164,1.24268684,246.29794883397557,18.883533291380143,31.019097999999996,0.0329039809665084,False,coarse
contraction_3D,11.4,0.02860586,0.61799852,2.3200544e-05,-1.9424669e-13,0.0015194003,0.0006433981,0.00030707482,0.071333223,0.2862329645350058,1.23599704,234.7147011871699,18.781876899000004,30.707481999999995,0.0329039809665084,False,coarse
contraction_3D,11.4,0.03196062,0.61436277,2.4751962e-05,-1.9288067e-13,0.0015818616,0.00070418486,0.00030382681,0.06797846299999999,0.3198010131832008,1.22872554,223.67620526844948,18.67138115066789,30.382680999999998,0.0329039809665084,False,coarse
contraction_3D,11.4,0.035157607,0.61046567,2.5930001e-05,-5.1135611e-13,0.0016468459,0.0007710108,0.0003004059,0.064781476,0.35179037013977804,1.22093134,213.15684532863204,18.552942594434626,30.040589999999998,0.0329039809665084,False,coarse
contraction_3D,11.4,0.038204241,0.60641003,2.6704039e-05,-2.4958854e-13,0.0017122244,0.00084262428,0.00029683291,0.061734842,0.38227528063270305,1.21282006,203.1322066138403,18.429685776236003,29.683291,0.0329039809665084,False,coarse
contraction_3D,11.4,0.041107594,0.60214506,2.7185747e-05,-5.3481235e-13,0.0017787849,0.00092014105,0.00029300519,0.058831489,0.41132650776873747,1.20429012,193.57901942873482,18.300067113851618,29.300518999999998,0.0329039809665084,False,coarse
contraction_3D,11.4,0.043874404,0.59778518,2.7363114e-05,-2.0550237e-13,0.0018444848,0.0010019761,0.00028896655,0.056064679,0.43901147261877516,1.19557036,184.4751130709403,18.16756399806032,28.896655,0.0329039809665084,False,coarse
contraction_3D,11.4,0.046511093,0.59328205,2.7312747e-05,-3.1081392e-13,0.0019100669,0.0010892992,0.00028463885,0.053427989999999995,0.46539443432755934,1.1865641,175.79935660388009,18.03070730571712,28.463884999999998,0.0329039809665084,False,coarse
contraction_3D,11.4,0.04902378,0.58868881,2.7054056e-05,-3.540855e-13,0.0019746544,0.0011815285,0.00028004097,0.050915302999999995,0.49053662019292293,1.17737762,167.5316160816008,17.891112038971876,28.004096999999994,0.0329039809665084,False,coarse
contraction_3D,11.4,0.051418297,0.58402361,2.6625906e-05,-4.1038243e-13,0.0020380214,0.0012786185,0.00027528665,0.048520785999999996,0.5144963857633155,1.16804722,159.6527019024027,17.749329802811808,27.528665,0.0329039809665084,False,coarse
contraction_3D,11.4,0.053700201,0.57930084,2.6046784e-05,-2.1262412e-13,0.0020998466,0.0013808072,0.00027015554,0.046238881999999995,0.5373293349109477,1.15860168,152.14432932406277,17.60579793033695,27.015553999999998,0.0329039809665084,False,coarse
contraction_3D,11.4,0.055874788,0.57453741,2.5361891e-05,-2.1417388e-13,0.0021600869,0.0014878803,0.00026478802,0.044064294999999996,0.5590884599171277,1.14907482,144.9890723982611,17.461030341124918,26.478801999999998,0.0329039809665084,False,coarse
contraction_3D,11.4,0.057947106,0.56973715,2.4588753e-05,-2.5341715e-13,0.0022187199,0.0016001759,0.0002591925,0.041991977,0.5798242715515011,1.1394743,138.17032119540582,17.315143434465025,25.919249999999998,0.0329039809665084,False,coarse
contraction_3D,11.4,0.059921964,0.56490514,2.3746828e-05,-3.0069129e-13,0.0022757234,0.0017180159,0.00025338463,0.040017119,0.5995848891269094,1.12981028,131.67225219105015,17.16829159897076,25.338462999999994,0.0329039809665084,False,coarse
contraction_3D,11.4,0.061803945,0.56004539,2.285258e-05,-2.6638778e-13,0.0023311054,0.0018417489,0.00024738347,0.038135138,0.6184161705786314,1.12009078,125.47978549071712,17.020596704394126,24.738347,0.0329039809665084,False,coarse
contraction_3D,11.4,0.063597418,0.5551648,2.1923878e-05,-2.1674317e-13,0.0023848627,0.0019716334,0.00024121568,0.036341664999999995,0.6363618325375269,1.1103296,119.57854534512242,16.87226845180464,24.121567999999996,0.0329039809665084,False,coarse
contraction_3D,11.4,0.065306545,0.55027146,2.0976681e-05,-2.1685133e-13,0.0024370024,0.0021078382,0.00023491206,0.034632538000000004,0.6534635203727054,1.10054292,113.95483711738788,16.72355270810844,23.491206,0.0329039809665084,False,coarse
contraction_3D,11.4,0.066935293,0.54537478,2.0023539e-05,-2.9491808e-13,0.0024875425,0.0022503725,0.00022850717,0.03300378999999999,0.669760928264671,1.09074956,108.59560779826398,16.574735456938,22.850717,0.0329039809665084,False,coarse
contraction_3D,11.4,0.068487442,0.54049008,1.9076646e-05,-6.2322169e-13,0.0025364715,0.0023988456,0.00022204295,0.031451641,0.6852918792540852,1.08098016,103.48841968294552,16.426282295450587,22.204295,0.0329039809665084,False,coarse
contraction_3D,11.4,0.069966594,0.53558418,1.8130683e-05,-6.8372057e-13,0.0025840278,0.0025554478,0.0002154859,0.029972489000000005,0.7000924152966261,1.07116836,98.62142075748825,16.277184835024944,21.548589999999997,0.0329039809665084,False,coarse
contraction_3D,11.4,0.071376182,0.53062524,1.7187891e-05,-2.32904e-13,0.0026304151,0.0027230117,0.00020881484,0.028562901,0.7141968873178474,1.06125048,93.98331508522637,16.126475411595376,20.881483999999997,0.0329039809665084,False,coarse
contraction_3D,11.4,0.072719479,0.52570353,1.6279113e-05,-2.7669496e-13,0.0026752773,0.0028967539,0.00020217918,0.027219603999999994,0.727638045268036,1.05140706,89.56333319318956,15.976897462197412,20.217917999999997,0.0329039809665084,False,coarse
contraction_3D,11.4,0.073999601,0.52084781,1.5401018e-05,-8.3837595e-13,0.0027185998,0.0030742586,0.00019562698,0.025939482,0.7404470681404991,1.04169562,85.35122220090872,15.82932504520196,19.562697999999997,0.0329039809665084,False,coarse
contraction_3D,11.4,0.075219519,0.51415932,1.4230918e-05,-2.1323088e-13,0.0027758407,0.0033382847,0.00018715783,0.024719564,0.7526536840447096,1.02831864,81.33720633563861,15.62605207325343,18.715783,0.0329039809665084,False,coarse
contraction_3D,11.4,0.076382066,0.51039462,1.3579744e-05,-5.6744273e-13,0.0028080596,0.003486896,0.00018239082,0.023557017,0.7642862402489725,1.02078924,77.51196389957148,15.511637346238121,18.239082,0.0329039809665084,False,coarse
contraction_3D,11.4,0.077489938,0.50637913,1.2934053e-05,-6.4994355e-13,0.002840074,0.0036600031,0.00017719019,0.022449145000000004,0.7753717131865218,1.01275826,73.86662397943873,15.3896007451324,17.719019,0.0329039809665084,False,coarse
contraction_3D,11.4,0.078545708,0.5015508,1.2210835e-05,-2.2375469e-13,0.0028758275,0.0038851594,0.00017080194,0.021393374999999992,0.7859358485408557,1.0031016,70.39272038093763,15.242860750208546,17.080194,0.0329039809665084,False,coarse
contraction_3D,11.4,0.079551826,0.49664379,1.1472601e-05,-2.086751e-13,0.0029121576,0.0041139595,0.00016431035,0.020387256999999992,0.7960031612457361,0.99328758,67.08219162873148,15.093729555263028,16.431034999999998,0.0329039809665084,False,coarse
contraction_3D,11.4,0.080510627,0.49161534,1.0727045e-05,-6.4563113e-13,0.0029493928,0.0043484478,0.00015765733,0.019428455999999997,0.8055970155339528,0.98323068,63.92735464326458,14.940907621494034,15.765732999999997,0.0329039809665084,False,coarse
contraction_3D,11.4,0.081424336,0.48666956,1.0070947e-05,-5.6520391e-13,0.0029830976,0.0046068458,0.0001513512,0.018514746999999998,0.8147396749678002,0.97333912,60.920888288771835,14.790598149669512,15.135119999999999,0.0329039809665084,False,coarse
contraction_3D,11.4,0.082295073,0.48181676,9.4761941e-06,-2.0787741e-13,0.0030142974,0.0048781791,0.00014531591,0.01764401,0.8234523524695538,0.96363352,58.05581692128839,14.643114475735363,14.531590999999999,0.0329039809665084,False,coarse
contraction_3D,11.4,0.083124861,0.4768667,8.8671871e-06,-2.4971538e-13,0.0030461177,0.005154932,0.00013915976,0.016814222000000004,0.8317552903702348,0.9537334,55.325484065464686,14.49267492846482,13.915975999999999,0.0329039809665084,False,coarse
contraction_3D,11.4,0.083915623,0.4718356,8.2568361e-06,-6.6088851e-13,0.0030784645,0.0054362376,0.00013290269,0.016023460000000003,0.8396677303913225,0.9436712,52.72356228576088,14.33977245732855,13.290268999999999,0.0329039809665084,False,coarse
contraction_3D,11.4,0.084669197,0.46683824,7.7354406e-06,-5.3197665e-13,0.0031073962,0.0057537867,0.00012705362,0.015269885999999996,0.8472080637361862,0.93367648,50.24400383047529,14.18789539403075,12.705362,0.0329039809665084,False,coarse
contraction_3D,11.4,0.085387331,0.4619325,7.2633099e-06,-2.0136525e-13,0.00313428,0.0060835928,0.00012148532,0.014551752000000001,0.8543937810596081,0.923865,47.88105708373505,14.038802796238606,12.148532,0.0329039809665084,False,coarse
contraction_3D,11.4,0.086071691,0.45693634,6.7797174e-06,-2.3121037e-13,0.0031616548,0.0064194602,0.00011581426,0.013867391999999992,0.8612415525165465,0.91387268,45.629240242311056,13.886962202692025,11.581425999999999,0.0329039809665084,False,coarse
contraction_3D,11.4,0.086723867,0.4518417,6.2942225e-06,-6.1660813e-13,0.0031895746,0.0067619689,0.00011003156,0.013215216000000002,0.8677672877987083,0.9036834,43.48332157322973,13.73212865822865,11.003155999999999,0.0329039809665084,False,coarse
contraction_3D,11.4,0.08734537,0.44676276,5.8786873e-06,-5.5894183e-13,0.0032143025,0.0071434501,0.00010467107,0.012593712999999992,0.8739861061162629,0.89352552,41.43832928496691,13.577772259677067,10.467107,0.0329039809665084,False,coarse
contraction_3D,11.4,0.087937645,0.44176536,5.5158048e-06,-2.054362e-13,0.0032365475,0.0075456888,9.9668235e-05,0.012001438000000003,0.879912466277082,0.88353072,39.48950875227307,13.425893980720893,9.9668235,0.0329039809665084,False,coarse
contraction_3D,11.4,0.088502066,0.43666648,5.1417801e-06,-1.8978906e-13,0.0032592393,0.0079560752,9.4563541e-05,0.011437016999999994,0.8855601166562636,0.87333296,37.632338968163275,13.270931576469874,9.456354099999999,0.0329039809665084,False,coarse
contraction_3D,11.4,0.089039942,0.43146388,4.7662692e-06,-5.0284731e-13,0.0032823971,0.0083748283,8.9355246e-05,0.010899141000000001,0.8909421552327031,0.86292776,35.862512801529135,13.112816970055059,8.935524599999999,0.0329039809665084,False,coarse
contraction_3D,11.4,0.089552522,0.42630778,4.426898e-06,-6.3870085e-13,0.003303255,0.0088134223,8.4448493e-05,0.010386561000000002,0.8960710796195718,0.85261556,34.175920545147854,12.956115566500024,8.4448493,0.0329039809665084,False,coarse
contraction_3D,11.4,0.090040996,0.42104788,4.1501297e-06,-3.1227115e-13,0.0033199912,0.0093119985,7.999603e-05,0.009898087,0.9009587970704114,0.84209576,32.56864662528442,12.79625952946445,7.999603,0.0329039809665084,False,coarse
contraction_3D,11.4,0.090506497,0.41581354,3.8725987e-06,-1.8391587e-13,0.0033366432,0.0098081399,7.5564997e-05,0.009432585999999993,0.9056166444913248,0.83162708,31.036963020895335,12.637180298129863,7.556499699999999,0.0329039809665084,False,coarse
contraction_3D,11.4,0.090950106,0.41050499,3.5924023e-06,-3.2544619e-13,0.0033535317,0.010311317,7.1071175e-05,0.008988976999999995,0.9100554384714536,0.82100998,29.577312811638162,12.475845716596908,7.107117499999999,0.0329039809665084,False,coarse
contraction_3D,11.4,0.091372852,0.40523199,3.317018e-06,-6.366172e-13,0.0033703096,0.010811135,6.6607624e-05,0.008566230999999994,0.9142854752829782,0.81046398,28.1863101778714,12.315591551443847,6.6607623999999985,0.0329039809665084,False,coarse
contraction_3D,11.4,0.091775717,0.39967728,3.0969028e-06,-4.7369609e-13,0.0033801834,0.011391732,6.2651621e-05,0.008163365999999991,0.918316580911594,0.79935456,26.860723948664152,12.14677580827727,6.2651621,0.0329039809665084,False,coarse
contraction_3D,11.4,0.092159635,0.39423473,2.8990487e-06,-1.8913474e-13,0.0033878718,0.011974373,5.8965428e-05,0.007779447999999994,0.922158101050417,0.78846946,25.597480892194163,11.9813687711914,5.8965428,0.0329039809665084,False,coarse
contraction_3D,11.4,0.092525498,0.38867789,2.6941856e-06,-1.7074715e-13,0.0033957174,0.012569232,5.5201525e-05,0.007413585,0.9258189611365556,0.77735578,24.393645973359217,11.81248829421641,5.520152499999999,0.0329039809665084,False,coarse
contraction_3D,11.4,0.092874155,0.38306377,2.4903276e-06,-3.7062112e-13,0.003403647,0.013170235,5.1399046e-05,0.007064927999999998,0.9293076563450157,0.76612754,23.24642564417522,11.641866994449844,5.1399045999999995,0.0329039809665084,False,coarse
contraction_3D,11.4,0.093206414,0.37760012,2.2930626e-06,-6.3858494e-13,0.0034113653,0.013755135,4.7698554e-05,0.006732668999999997,0.9326322716008911,0.75520024,22.153161262980102,11.475818697571686,4.769855399999999,0.0329039809665084,False,coarse
contraction_3D,11.4,0.093523047,0.37153094,2.1434528e-06,-4.2527319e-13,0.0034048186,0.014415533,4.4571353e-05,0.006416036,0.9358005316098408,0.74306188,21.111312642443266,11.291367460313266,4.4571353,0.0329039809665084,False,coarse
contraction_3D,11.4,0.09382479,0.36567083,2.004277e-06,-1.8049649e-13,0.003397349,0.015053993,4.1626572e-05,0.006114292999999993,0.9388198008580888,0.73134166,20.11845804956553,11.11327016546117,4.1626572,0.0329039809665084,False,coarse
contraction_3D,11.4,0.094112341,0.3596916,1.8600301e-06,-1.5862911e-13,0.0033897239,0.015705414,3.8621728e-05,0.005826741999999996,0.9416970636002334,0.7193832,19.172300786475493,10.93155263997129,3.8621727999999997,0.0329039809665084,False,coarse
contraction_3D,11.4,0.09438637,0.35370244,1.7173827e-06,-2.9363065e-13,0.0033820883,0.016357927,3.5612011e-05,0.005552713000000001,0.9444390239202015,0.70740488,18.270636286448376,10.749533327290065,3.5612011,0.0329039809665084,False,coarse
contraction_3D,11.4,0.09464751,0.34781297,1.5783656e-06,-5.196858e-13,0.0033745812,0.016999586,3.2652477e-05,0.005291572999999994,0.9470520156763896,0.69562594,17.411381727488955,10.57054373919145,3.2652477,0.0329039809665084,False,coarse
contraction_3D,11.4,0.09489637,0.3414043,1.4646885e-06,-4.7735094e-13,0.0033489404,0.017583785,3.012058e-05,0.005042713000000004,0.9495421325809043,0.6828086,16.59253325715646,10.375774905398265,3.0120579999999997,0.0329039809665084,False,coarse
contraction_3D,11.4,0.095133526,0.3347844,1.3684637e-06,-2.7104619e-13,0.0033126025,0.018122942,2.7893479e-05,0.004805557000000002,0.9519151381447036,0.6695688,15.812195606147126,10.174586483646559,2.7893478999999997,0.0329039809665084,False,coarse
contraction_3D,11.4,0.095359528,0.32828283,1.2731915e-06,-1.4976056e-13,0.0032769129,0.018652455,2.5706136e-05,0.004579554999999999,0.9541765357202647,0.65656566,15.068559055507833,9.976994283279751,2.5706135999999997,0.0329039809665084,False,coarse
contraction_3D,11.4,0.095574902,0.32181982,1.1774536e-06,-1.3845183e-13,0.0032414332,0.019178816,2.3531696e-05,0.004364180999999995,0.956331588513775,0.64363964,14.35989285583974,9.78057397758548,2.3531695999999998,0.0329039809665084,False,coarse
contraction_3D,11.4,0.095780147,0.31521661,1.0817356e-06,-3.0091183e-13,0.0032051866,0.019716612,2.1310197e-05,0.004158936000000002,0.9583852895668454,0.63043322,13.684555098492664,9.579892789290328,2.1310197,0.0329039809665084,False,coarse
contraction_3D,11.4,0.095975739,0.30887059,9.8998066e-07,-4.7654471e-13,0.0031703521,0.020233465,1.9175233e-05,0.003963343999999994,0.9603424017808929,0.61774118,13.040979553972505,9.387027980425426,1.9175232999999998,0.0329039809665084,False,coarse
contraction_3D,11.4,0.096162133,0.30167935,9.1668233e-07,-4.3267631e-13,0.0031001033,0.02039156,1.7446359e-05,0.003776950000000001,0.9622074779293301,0.6033587,12.427669091145392,9.168475702288635,1.7446359,0.0329039809665084,False,coarse
contraction_3D,11.4,0.096339761,0.29418551,8.5475472e-07,-2.7251083e-13,0.0030123976,0.020354826,1.5970071e-05,0.003599322000000002,0.9639848406453759,0.58837102,11.8432022580335,8.940726968552505,1.5970070999999997,0.0329039809665084,False,coarse
contraction_3D,11.4,0.096509035,0.28698282,7.9507039e-07,-1.3569525e-13,0.002928099,0.020319517,1.4551132e-05,0.003430047999999991,0.9656786124403404,0.57396564,11.286223410620991,8.721826708206157,1.4551131999999998,0.0329039809665084,False,coarse
contraction_3D,11.4,0.096670348,0.27966397,7.3322647e-07,-1.2271375e-13,0.002842439,0.020283625,1.3109265e-05,0.003268734999999995,0.9672927257097207,0.55932794,10.755439422455964,8.4993961759417,1.3109264999999999,0.0329039809665084,False,coarse
contraction_3D,11.4,0.096824074,0.27249929,6.7324434e-07,-1.5935654e-13,0.0027585844,0.020248494,1.1697791e-05,0.003115009000000002,0.9688309227332014,0.54499858,10.249619684650241,8.281651094965248,1.1697791,0.0329039809665084,False,coarse
contraction_3D,11.4,0.096970571,0.26531002,6.1409154e-07,-2.8753768e-13,0.0026744431,0.020213253,1.0281501e-05,0.0029685119999999926,0.9702967856929406,0.53062004,9.767586234685153,8.063158688003378,1.0281501,0.0329039809665084,False,coarse
contraction_3D,11.4,0.097110179,0.25845885,5.5772067e-07,-4.0969054e-13,0.0025942589,0.020179669,8.9318184e-06,0.002828903999999993,0.9716937166613787,0.5169177,9.308220337207924,7.854941633447776,0.89318184,0.0329039809665084,False,coarse
contraction_3D,11.4,0.09724322,0.25045566,5.1397347e-07,-3.7194959e-13,0.0024648524,0.019477141,7.9278125e-06,0.002695862999999993,0.9730249376012386,0.50091132,8.870462484031398,7.611713009891674,0.7927812499999999,0.0329039809665084,False,coarse
contraction_3D,11.4,0.097370005,0.24210815,4.7715893e-07,-2.6062535e-13,0.0023156251,0.018479856,7.1089835e-06,0.0025690780000000024,0.9742935604081938,0.4842163,8.453289361347554,7.358019999052146,0.7108983499999999,0.0329039809665084,False,coarse
contraction_3D,11.4,0.097490827,0.23415323,4.4207576e-07,-1.5453663e-13,0.002173416,0.017529473,6.3286635e-06,0.002448255999999996,0.9755025168682007,0.46830646,8.055736882513985,7.1162583712388745,0.63286635,0.0329039809665084,False,coarse
contraction_3D,11.4,0.097605967,0.22622579,4.0652817e-07,-1.0572292e-13,0.002031698,0.016582385,5.5510313e-06,0.002333115999999996,0.9766546186940699,0.45245158,7.676880445665607,6.875331900728543,0.55510313,0.0329039809665084,False,coarse
contraction_3D,11.4,0.097715692,0.21845433,3.7132967e-07,-9.1913662e-14,0.0018927683,0.015653938,4.7886946e-06,0.0022233909999999912,0.9777525375132771,0.43690866,7.315841514510578,6.639145890047639,0.47886945999999997,0.0329039809665084,False,coarse
contraction_3D,11.4,0.097820257,0.2108075,3.3711814e-07,-1.1506418e-13,0.0017560668,0.014740374,4.0385892e-06,0.002118826000000004,0.9787988248801522,0.421615,6.971781037534327,6.406747566945539,0.40385892,0.0329039809665084,False,coarse
contraction_3D,11.4,0.097919904,0.20317106,3.0354639e-07,-1.8977568e-13,0.0016195511,0.013828041,3.2895105e-06,0.002019178999999996,0.9797959022697857,0.40634212,6.643902738397333,6.174665011106084,0.32895104999999997,0.0329039809665084,False,coarse
contraction_3D,11.4,0.098014865,0.19589376,2.715535e-07,-2.6097354e-13,0.0014894558,0.012958615,2.5756605e-06,0.0019242179999999914,0.9807460910963133,0.39178752,6.331443244741258,5.953497243977625,0.25756605,0.0329039809665084,False,coarse
contraction_3D,11.4,0.09810536,0.18895871,2.4106522e-07,-3.2882301e-13,0.0013654787,0.012130077,1.8953825e-06,0.0018337229999999954,0.9816515927007256,0.37791742,6.0336786689848525,5.742730953811736,0.18953825,0.0329039809665084,False,coarse
contraction_3D,11.4,0.098191599,0.18114573,2.2387484e-07,-2.6527378e-13,0.0012641616,0.01134226,1.716197e-06,0.0017474839999999936,0.9825145083630595,0.36229146,5.749918027527776,5.505283089738617,0.1716197,0.0329039809665084,False,coarse
contraction_3D,11.4,0.098273782,0.17368854,2.0760777e-07,-2.0347208e-13,0.0011677723,0.01059151,1.5499797e-06,0.001665300999999994,0.9833368393023979,0.34737708,5.479503240750721,5.278648202987668,0.15499796999999998,0.0329039809665084,False,coarse
contraction_3D,11.4,0.0983521,0.16658205,1.9210573e-07,-1.4457689e-13,0.0010759162,0.0098760681,1.3915796e-06,0.0015869830000000001,0.9841204966829643,0.3331641,5.221805842617241,5.062671601030798,0.13915796,0.0329039809665084,False,coarse
contraction_3D,11.4,0.098426735,0.15980978,1.7733275e-07,-8.84515e-14,0.00098837999,0.0091942726,1.2406289e-06,0.0015123479999999967,0.9848673016141243,0.31961956,4.976226980673694,4.856852432617918,0.12406289,0.0329039809665084,False,coarse
contraction_3D,11.4,0.09849786,0.15290659,1.6184385e-07,-7.2754904e-14,0.00089915228,0.0084993171,1.0867596e-06,0.0014412229999999915,0.9855789851503841,0.30581318,4.742197416049385,4.647054414346924,0.10867595999999997,0.0329039809665084,False,coarse
contraction_3D,11.4,0.09856564,0.14628892,1.4696052e-07,-6.108764e-14,0.00081361505,0.0078331063,9.3925436e-07,0.001373443000000002,0.9862571982974868,0.29257784,4.5191742330584255,4.445933765549568,0.09392543599999999,0.0329039809665084,False,coarse
contraction_3D,11.4,0.098630232,0.13998247,1.3277715e-07,-4.9969081e-14,0.00073210058,0.007198227,7.9868617e-07,0.0013088509999999998,0.9869035120124126,0.27996494,4.306640839199547,4.254271546731149,0.07986861699999999,0.0329039809665084,False,coarse
contraction_3D,11.4,0.098691786,0.13355799,1.1872246e-07,-7.4218157e-14,0.00064906,0.006551449,6.5548764e-07,0.0012472969999999944,0.9875194272094733,0.26711598,4.104103674758284,4.0590222239656395,0.065548764,0.0329039809665084,False,coarse
contraction_3D,11.4,0.098750446,0.12735936,1.0522967e-07,-1.0373951e-13,0.00056893839,0.0059274038,5.1732296e-07,0.0011886369999999924,0.9881063847664082,0.25471872,3.911088922408739,3.870636812294349,0.05173229599999999,0.0329039809665084,False,coarse
contraction_3D,11.4,0.098806347,0.12145224,9.2371439e-08,-1.3187249e-13,0.00049258486,0.0053327071,3.8565607e-07,0.0011327359999999953,0.9886657355060983,0.24290448,3.7271523784078706,3.691110814938205,0.038565606999999995,0.0329039809665084,False,coarse
contraction_3D,11.4,0.098859619,0.11582293,8.0117923e-08,-1.5868239e-13,0.00041982218,0.0047659787,2.601814e-07,0.0010794640000000022,0.9891987802209472,0.23164586,3.551866291003109,3.520027868904111,0.026018139999999995,0.0329039809665084,False,coarse
contraction_3D,11.4,0.098910385,0.11045836,6.8440683e-08,-1.8423144e-13,0.00035048149,0.0042259031,1.4060773e-07,0.0010286979999999946,0.9897067496606908,0.22091672,3.3848259412285078,3.3569907578183624,0.014060773,0.0329039809665084,False,coarse
contraction_3D,11.4,0.098958764,0.10558556,6.2874968e-08,-1.7001673e-13,0.00032041836,0.0039459056,1.1089519e-07,0.0009803189999999934,0.9901908345506834,0.21117112,3.225639771710633,3.20889925469721,0.011089518999999999,0.0329039809665084,False,coarse
contraction_3D,11.4,0.099004868,0.10100227,5.8972342e-08,-1.4675546e-13,0.00030084279,0.0037381994,1.0380222e-07,0.0009342150000000021,0.9906521555736107,0.20200454,3.0739392578626714,3.069606382972505,0.010380221999999998,0.0329039809665084,False,coarse
contraction_3D,11.4,0.099048804,0.096634521,5.5253255e-08,-1.2458815e-13,0.00028218786,0.0035402615,9.7042818e-08,0.0008902789999999938,0.9910917833816827,0.193269042,2.929372327088193,2.936864116787579,0.0097042818,0.0329039809665084,False,coarse
contraction_3D,11.4,0.099090673,0.092472187,5.1709074e-08,-1.0346336e-13,0.00026441025,0.0033516325,9.060131e-08,0.0008484099999999939,0.9915107285905356,0.184944374,2.791606649179519,2.810364712225053,0.009060130999999999,0.0329039809665084,False,coarse
contraction_3D,11.4,0.099130573,0.088505605,4.8331574e-08,-8.3332055e-14,0.00024746872,0.0031718746,8.4462742e-08,0.0008085099999999984,0.9919099717975199,0.17701121,2.660319765123165,2.689814496613227,0.0084462742,0.0329039809665084,False,coarse
contraction_3D,11.4,0.099168597,0.084725569,4.5112916e-08,-6.4147514e-14,0.00023132393,0.0030005706,7.8612867e-08,0.0007704860000000008,0.9922904435695092,0.169451138,2.5352056678961215,2.5749336861773244,0.0078612867,0.0329039809665084,False,coarse
contraction_3D,11.4,0.099204832,0.081087432,4.2000185e-08,-4.7372689e-14,0.00021578522,0.0028356977,7.2982586e-08,0.0007342509999999913,0.9926530144368045,0.162174864,2.415978092863947,2.4643653934317413,0.0072982586,0.0329039809665084,False,coarse
contraction_3D,11.4,0.099239364,0.077392944,3.8745715e-08,-4.0944748e-14,0.00020000591,0.0026682747,6.726506e-08,0.0006997190000000014,0.9929985449236111,0.154785888,2.302354065790434,2.352084511560321,0.006726506,0.0329039809665084,False,coarse
contraction_3D,11.4,0.099272271,0.073872205,3.56443e-08,-3.4819111e-14,0.00018496869,0.0025087255,6.1816427e-08,0.0006668120000000027,0.9933278155053714,0.14774441,2.194076935623949,2.24508411535952,0.0061816427,0.0329039809665084,False,coarse
contraction_3D,11.4,0.099303631,0.070517044,3.2688742e-08,-2.8981558e-14,0.00017063867,0.0023566797,5.6624039e-08,0.0006354519999999947,0.9936416066575277,0.141034088,2.090890051312952,2.14311587621499,0.0056624039,0.0329039809665084,False,coarse
contraction_3D,11.4,0.099333516,0.067319675,2.9872183e-08,-2.3418542e-14,0.00015698257,0.0022117846,5.1675846e-08,0.0006055670000000013,0.9939406388189493,0.13463935,1.9925565041945634,2.04594316622423,0.0051675846,0.0329039809665084,False,coarse
contraction_3D,11.4,0.099361995,0.064272676,2.7188085e-08,-1.8117151e-14,0.00014396872,0.0020737039,4.6960364e-08,0.0005770880000000034,0.9942256024102202,0.128545352,1.898849256800051,1.9533404199759443,0.0046960364,0.0329039809665084,False,coarse
contraction_3D,11.4,0.099389135,0.061268656,2.4581981e-08,-1.7279079e-14,0.00013113839,0.0019375693,4.2311409e-08,0.0005499479999999946,0.994497167839733,0.122537312,1.809547852456918,1.8620438682590665,0.0042311409,0.0329039809665084,False,coarse
contraction_3D,11.4,0.099414999,0.058273037,2.2034548e-08,-2.2061916e-14,0.0001183439,0.0018018136,3.7675476e-08,0.0005240839999999941,0.9947559654914985,0.116546074,1.7244449960851393,1.7710026351921888,0.0037675475999999993,0.0329039809665084,False,coarse
contraction_3D,11.4,0.099439646,0.0554183,1.9606919e-08,-2.6619819e-14,0.00010615113,0.0016724424,3.3257568e-08,0.0004994369999999915,0.9950025857251463,0.1108366,1.6433465541969774,1.6842430117014713,0.0033257568,0.0329039809665084,False,coarse
contraction_3D,11.4,0.099463135,0.05269782,1.7293461e-08,-3.0963367e-14,9.4531781e-05,0.0015491554,2.9047431e-08,0.0004759480000000038,0.9952376189003055,0.10539564,1.5660583933047865,1.60156365436872,0.0029047430999999996,0.0329039809665084,False,coarse
contraction_3D,11.4,0.099485518,0.050105283,1.5088803e-08,-3.510264e-14,8.3458881e-05,0.0014316666,2.5035295e-08,0.000453565000000003,0.9954615853339378,0.100210566,1.492409412707448,1.522772671519598,0.0025035294999999997,0.0329039809665084,False,coarse
contraction_3D,11.4,0.099506849,0.047634671,1.2987828e-08,-3.9047245e-14,7.2906734e-05,0.0013197032,2.1211847e-08,0.00043223400000000356,0.9956750253551956,0.095269342,1.4222219309077908,1.4476871673517366,0.0021211846999999997,0.0329039809665084,False,coarse
contraction_3D,11.4,0.099527177,0.04528025,1.0985662e-08,-4.2806338e-14,6.2850847e-05,0.0012130053,1.7568213e-08,0.00041190600000000355,0.9958784292627539,0.0905605,1.3553347183990725,1.376132877237222,0.0017568212999999999,0.0329039809665084,False,coarse
contraction_3D,11.4,0.099546548,0.043036557,9.0776556e-09,-4.6388643e-14,5.3267883e-05,0.0011113254,1.4095938e-08,0.0003925349999999994,0.996072257337002,0.086073114,1.2915964168688354,1.3079437726336254,0.0014095937999999998,0.0329039809665084,False,coarse
contraction_3D,11.4,0.099565009,0.040898383,7.2593821e-09,-4.9802474e-14,4.4135601e-05,0.0010144275,1.0786961e-08,0.000374074000000002,0.996256979864424,0.081796766,1.230852377606573,1.2429615444291915,0.0010786961,0.0329039809665084,False,coarse
contraction_3D,11.4,0.099582602,0.038860766,5.5266208e-09,-5.3055755e-14,3.5432804e-05,0.00092208658,7.6336038e-09,0.00035648099999999183,0.9964330171010275,0.077721532,1.1729644038921612,1.1810353902026252,0.0007633603799999999,0.0329039809665084,False,coarse
contraction_3D,11.4,0.099599367,0.036918977,3.8753503e-09,-5.6156036e-14,2.7139294e-05,0.00083408842,4.628547e-09,0.0003397160000000038,0.9966007692906287,0.073837954,1.117800879801849,1.12202158874266,0.0004628547,0.0329039809665084,False,coarse
contraction_3D,11.4,0.099615343,0.035068509,2.3017381e-09,-5.9110513e-14,1.9235824e-05,0.00075022876,1.7648164e-09,0.0003237400000000029,0.9967606266709491,0.070137018,1.0652334798097525,1.065783165742005,0.00017648164,0.0329039809665084,False,coarse
contraction_3D,11.4,0.099630569,0.03410317,2.0248143e-09,-5.7178828e-14,1.7691288e-05,0.00072305286,1.3079491e-09,0.00030851399999999585,0.9969129794797097,0.06820634,1.0151338783901236,1.0364451047644418,0.00013079491,0.0329039809665084,True,coarse
contraction_3D,11.4,0.099645078,0.033325684,1.9791508e-09,-5.4490658e-14,1.7288053e-05,0.00070656859,1.2781305e-09,0.00029400499999999996,0.997058157918059,0.066651368,0.96739349240583,1.0128161706001726,0.00012781305,0.0329039809665084,True,coarse
contraction_3D,11.4,0.099658905,0.032584762,1.9356349e-09,-5.1928911e-14,1.6903783e-05,0.00069085955,1.2497142e-09,0.00028017799999999204,0.9971965121993366,0.065169524,0.9218971579234128,0.9902984697555801,0.00012497141999999998,0.0329039809665084,True,coarse
contraction_3D,11.4,0.099672081,0.031878685,1.8941655e-09,-4.9487641e-14,1.6537585e-05,0.00067588931,1.2226343e-09,0.0002670020000000023,0.9973283525125001,0.06375737,0.8785428726019751,0.9688397593120416,0.00012226343,0.0329039809665084,True,coarse
contraction_3D,11.4,0.099684638,0.031205815,1.8546464e-09,-4.7161183e-14,1.6188608e-05,0.00066162311,1.196828e-09,0.00025444499999999204,0.9974539990526029,0.06241163,0.8372253437022968,0.9483902580591421,0.0001196828,0.0329039809665084,True,coarse
contraction_3D,11.4,0.099696605,0.03056459,1.8169858e-09,-4.4944137e-14,1.5856044e-05,0.00064802783,1.1722353e-09,0.0002424780000000043,0.9975737419964119,0.06112918,0.7978491496797164,0.9289024945373762,0.00011722353,0.0329039809665084,True,coarse
contraction_3D,11.4,0.099708008,0.029953521,1.7810964e-09,-4.2831357e-14,1.553912e-05,0.00063507194,1.1487993e-09,0.00023107499999999725,0.9976878415024081,0.059907042,0.7603287401835838,0.9103312158637719,0.00011487992999999999,0.0329039809665084,True,coarse
contraction_3D,11.4,0.099718875,0.02937119,1.7468948e-09,-4.081794e-14,1.5237101e-05,0.00062272535,1.1264654e-09,0.00022020799999999952,0.9977965777412626,0.05874238,0.7245719840672865,0.8926333269489706,0.00011264653999999999,0.0329039809665084,True,coarse
contraction_3D,11.4,0.099729232,0.028816246,1.7143018e-09,-3.8899213e-14,1.4949286e-05,0.00061095942,1.1051818e-09,0.000209850999999997,0.9979002108714566,0.057632492,0.6904933309802656,0.8757677689313905,0.00011051818,0.0329039809665084,True,coarse
contraction_3D,11.4,0.099739101,0.0282874,1.6832415e-09,-3.7070722e-14,1.4675006e-05,0.00059974683,1.0848992e-09,0.00019998200000000133,0.9979989610270888,0.0565748,0.6580203921644325,0.8596953672199292,0.00010848992,0.0329039809665084,True,coarse
contraction_3D,11.4,0.099748506,0.027783426,1.653642e-09,-3.5328225e-14,1.4413626e-05,0.00058906156,1.0655705e-09,0.00019057699999999733,0.9980930683544496,0.055566852,0.6270741980654183,0.8443788618854234,0.00010655704999999999,0.0329039809665084,True,coarse
contraction_3D,11.4,0.099757469,0.027303153,1.6254346e-09,-3.3667676e-14,1.4164538e-05,0.00057887882,1.0471508e-09,0.0001816139999999966,0.9981827529876375,0.054606306,0.5975823599251345,0.8297826645289744,0.00010471508,0.0329039809665084,True,coarse
contraction_3D,11.4,0.09976601,0.026845468,1.5985537e-09,-3.2085221e-14,1.3927165e-05,0.00056917496,1.0295974e-09,0.0001730729999999958,0.9982682150485612,0.053690936,0.5694790697816371,0.8158729494563254,0.00010295974,0.0329039809665084,True,coarse
contraction_3D,11.4,0.099774149,0.026409307,1.572937e-09,-3.0577189e-14,1.3700955e-05,0.00055992747,1.0128695e-09,0.0001649339999999916,0.9983496546591288,0.052818614,0.5426985196729819,0.8026173801547277,0.00010128695,0.0329039809665084,True,coarse
contraction_3D,11.4,0.099781906,0.025993658,1.5485251e-09,-2.9140078e-14,1.3485384e-05,0.00055111488,9.9692826e-10,0.00015717699999999446,0.9984272719412485,0.051987316,0.5171749016372709,0.7899852004673193,9.9692826e-05,0.0329039809665084,True,coarse
contraction_3D,11.4,0.099789298,0.025597557,1.5252613e-09,-2.7770554e-14,1.3279951e-05,0.00054271675,9.8173677e-10,0.0001497849999999995,0.9985012369985424,0.051195114,0.4928522789068444,0.7779471130272867,9.8173677e-05,0.0329039809665084,True,coarse
contraction_3D,11.4,0.099796342,0.025220085,1.5030915e-09,-2.6465437e-14,1.3084179e-05,0.00053471357,9.6725972e-10,0.00014274100000000178,0.9985717199346326,0.05044017,0.4696747147140434,0.7664751880834869,9.6725972e-05,0.0329039809665084,True,coarse
contraction_3D,11.4,0.099803055,0.024860365,1.4819643e-09,-2.52217e-14,1.2897614e-05,0.00052708678,9.5346352e-10,0.00013602799999999637,0.9986388908531411,0.04972073,0.44758627229120856,0.75554277232607,9.534635200000001e-05,0.0329039809665084,True,coarse
contraction_3D,11.4,0.099809453,0.024517562,1.4618308e-09,-2.4036455e-14,1.2719824e-05,0.00051981867,9.4031614e-10,0.0001296299999999917,0.9987029098515944,0.049035124,0.426534305268821,0.7451244888864789,9.403161400000001e-05,0.0329039809665084,True,coarse
contraction_3D,11.4,0.099815549,0.024190881,1.4426441e-09,-2.2906951e-14,1.2550394e-05,0.00051289238,9.2778708e-10,0.0001235339999999946,0.9987639070092329,0.048381762,0.4064760384716471,0.7351961765545298,9.277870799999999e-05,0.0329039809665084,True,coarse
contraction_3D,11.4,0.099821359,0.023879564,1.4243598e-09,-2.1830567e-14,1.2388933e-05,0.00050629182,9.1584725e-10,0.0001177239999999996,0.9988220424235832,0.047759128,0.38735882553012213,0.7257347986040358,9.1584725e-05,0.0329039809665084,True,coarse
contraction_3D,11.4,0.099826895,0.023582888,1.4069353e-09,-2.0804805e-14,1.2235066e-05,0.00050000169,9.0446895e-10,0.00011218799999999918,0.9988774361677903,0.047165776,0.3691431816670617,0.7167183820098865,9.044689499999998e-05,0.0329039809665084,True,coarse
contraction_3D,11.4,0.099832171,0.023300164,1.3903304e-09,-1.9827283e-14,1.2088434e-05,0.00049400738,8.9362576e-10,0.00010691200000000067,0.99893022832719,0.046600328,0.3517830413091368,0.7081259870565897,8.936257599999999e-05,0.0329039809665084,True,coarse
contraction_3D,11.4,0.099837199,0.023030736,1.3745063e-09,-1.8895734e-14,1.1948699e-05,0.00048829497,8.8329252e-10,0.00010188399999999653,0.9989805389749274,0.046061472,0.33523891967916275,0.6999376769468117,8.8329252e-05,0.0329039809665084,True,coarse
contraction_3D,11.4,0.099841991,0.02277398,1.3594264e-09,-1.8007996e-14,1.1815535e-05,0.00048285122,8.7344525e-10,9.709199999999307e-05,0.9990284881841472,0.04554796,0.31947133200000055,0.6921344874099182,8.734452499999999e-05,0.0329039809665084,True,coarse
contraction_3D,11.4,0.099846557,0.022529299,1.3450558e-09,-1.7162007e-14,1.1688634e-05,0.00047766348,8.6406109e-10,9.252599999999556e-05,0.9990741760158036,0.045058598,0.304447374290701,0.6846982747446773,8.6406109e-05,0.0329039809665084,True,coarse
contraction_3D,11.4,0.099850908,0.022296125,1.331361e-09,-1.6355804e-14,1.1567701e-05,0.00047271972,8.5511826e-10,8.81749999999959e-05,0.9991177125369461,0.04459225,0.29013085217217427,0.6776117766021778,8.5511826e-05,0.0329039809665084,True,coarse
contraction_3D,11.4,0.099855055,0.022073917,1.3183102e-09,-1.5587517e-14,1.1452455e-05,0.00046800847,8.46596e-10,8.402799999999988e-05,0.9991592078146244,0.044147834,0.2764855712653764,0.6708585512029114,8.465959999999999e-05,0.0329039809665084,True,coarse
contraction_3D,11.4,0.099859007,0.021763085,1.2995498e-09,-1.4855197e-14,1.1291247e-05,0.00046141829,8.3467473e-10,8.007599999999837e-05,0.9991987519036972,0.04352617,0.2634819179874073,0.6614119131102022,8.346747299999999e-05,0.0329039809665084,True,coarse
contraction_3D,11.4,0.099862773,0.021355368,1.2745548e-09,-1.4157133e-14,1.1079789e-05,0.000452774,8.1903753e-10,7.63099999999961e-05,0.9992364348590231,0.042710736,0.25109027875541273,0.6490207984783587,8.190375299999999e-05,0.0329039809665084,True,coarse
contraction_3D,11.4,0.099866362,0.020966825,1.2507353e-09,-1.3491899e-14,1.0878277e-05,0.00044453625,8.0413573e-10,7.272099999999782e-05,0.9992723467354608,0.04193365,0.23928103998653855,0.6372124096880941,8.041357299999999e-05,0.0329039809665084,True,coarse
contraction_3D,11.4,0.099869782,0.020596556,1.2280361e-09,-1.285795e-14,1.0686241e-05,0.00043668592,7.8993476e-10,6.930099999999384e-05,0.9993065675817738,0.041193112,0.22802787849597958,0.625959394425993,7.899347599999999e-05,0.0329039809665084,True,coarse
contraction_3D,11.4,0.099873041,0.0202437,1.2064044e-09,-1.2253815e-14,1.0503237e-05,0.00042920479,7.7640166e-10,6.604200000000227e-05,0.9993391774467252,0.0404874,0.2173044710990222,0.6152355856455552,7.7640166e-05,0.0329039809665084,True,coarse
contraction_3D,11.4,0.099876147,0.019907438,1.18579e-09,-1.1678093e-14,1.0328839e-05,0.00042207548,7.63505e-10,6.293599999999955e-05,0.9993702563790785,0.039814876,0.2070844946108158,0.605016092741573,7.63505e-05,0.0329039809665084,True,coarse
contraction_3D,11.4,0.099879107,0.019586991,1.1661451e-09,-1.1129446e-14,1.0162643e-05,0.00041528147,7.5121487e-10,5.997600000000325e-05,0.9993998744215014,0.039173982,0.1973449162447415,0.5952772407672126,7.5121487e-05,0.0329039809665084,True,coarse
contraction_3D,11.4,0.099881927,0.019281614,1.147424e-09,-1.0606602e-14,1.0004263e-05,0.00040880697,7.3950274e-10,5.715600000000265e-05,0.9994280916105663,0.038563228,0.1880659936121841,0.585996388085258,7.3950274e-05,0.0329039809665084,True,coarse
contraction_3D,11.4,0.099884615,0.018990599,1.1295835e-09,-1.0108347e-14,9.8533322e-06,0.00040263697,7.2834142e-10,5.446800000000196e-05,0.999454987995037,0.037981198,0.1792214035283844,0.5771520175424896,7.283414199999999e-05,0.0329039809665084,True,coarse
contraction_3D,11.4,0.099887177,0.01871327,1.1125819e-09,-9.6335247e-15,9.7094991e-06,0.00039675713,7.1770501e-10,5.190600000000434e-05,0.9994806236114854,0.03742654,0.17079140360477277,0.5687235845123866,7.177050099999999e-05,0.0329039809665084,True,coarse
contraction_3D,11.4,0.099889618,0.018448984,1.0963799e-09,-9.1810329e-15,9.5724305e-06,0.00039115382,7.0756883e-10,4.946499999999854e-05,0.9995050484903889,0.036897968,0.16275954185082897,0.560691547286587,7.0756883e-05,0.0329039809665084,True,coarse
contraction_3D,11.4,0.099891944,0.018197127,1.0809399e-09,-8.7498216e-15,9.441808e-06,0.00038581404,6.9790934e-10,4.7139000000001596e-05,0.9995283226683198,0.036394254,0.1551060758780292,0.5530372455090495,6.979093399999999e-05,0.0329039809665084,True,coarse
contraction_3D,11.4,0.099894161,0.017957114,1.066226e-09,-8.3388898e-15,9.3173287e-06,0.00038072538,6.8870414e-10,4.492200000000279e-05,0.9995505061818508,0.035914228,0.1478112632977582,0.5457429001760548,6.8870414e-05,0.0329039809665084,True,coarse
contraction_3D,11.4,0.099896274,0.01772839,1.0522041e-09,-7.947284e-15,9.1987036e-06,0.00037587603,6.7993185e-10,4.280900000000476e-05,0.9995716490614587,0.03545678,0.14085865211954146,0.5387916440276632,6.799318499999999e-05,0.0329039809665084,True,coarse
contraction_3D,11.4,0.099898287,0.017510422,1.0388417e-09,-7.5740951e-15,9.0856573e-06,0.00037125475,6.7157211e-10,4.0795999999995725e-05,0.9995917913315254,0.035020844,0.13423508075095358,0.5321672784160414,6.715721099999999e-05,0.0329039809665084,True,coarse
contraction_3D,11.4,0.099900206,0.017302705,1.0261077e-09,-7.2184571e-15,8.9779275e-06,0.0003668508,6.6360553e-10,3.887699999999272e-05,0.9996109930286233,0.03460541,0.12792080680347076,0.5258544556542173,6.6360553e-05,0.0329039809665084,True,coarse
contraction_3D,11.4,0.099902034,0.017104756,1.0139725e-09,-6.8795445e-15,8.8752643e-06,0.00036265397,6.5601361e-10,3.7048999999997334e-05,0.9996292841710385,0.034209512,0.12190595908280819,0.5198384966673248,6.5601361e-05,0.0329039809665084,True,coarse
contraction_3D,11.4,0.099903776,0.016916118,1.0024081e-09,-6.5565708e-15,8.7774291e-06,0.00035865451,6.4877874e-10,3.530699999999831e-05,0.9996467147892482,0.033832236,0.11617408559844564,0.5141055125584414,6.487787399999999e-05,0.0329039809665084,True,coarse
contraction_3D,11.4,0.099905437,0.01673635,9.9138751e-10,-6.2487863e-15,8.6841952e-06,0.00035484315,6.4188412e-10,3.364599999999829e-05,0.9996633349137294,0.0334727,0.11070873435990852,0.5086421006939932,6.4188412e-05,0.0329039809665084,True,coarse
contraction_3D,11.4,0.099907019,0.016565037,9.8088523e-10,-5.9554768e-15,8.5953459e-06,0.00035121103,6.3531374e-10,3.2063999999998316e-05,0.999679164556673,0.033130074,0.10550332457100699,0.5034356486183501,6.3531374e-05,0.0329039809665084,True,coarse
contraction_3D,11.4,0.099908527,0.016401781,9.7087687e-10,-5.6759614e-15,8.5106752e-06,0.00034774973,6.2905237e-10,3.055600000000103e-05,0.999694253748556,0.032803562,0.10054140424126645,0.49847406053069065,6.2905237e-05,0.0329039809665084,True,coarse
contraction_3D,11.4,0.099909964,0.016246203,9.6133919e-10,-5.4095915e-15,8.4299865e-06,0.00034445121,6.2308547e-10,2.9118999999994122e-05,0.9997086325076647,0.032492406,0.09581310217635647,0.4937458180679213,6.2308547e-05,0.0329039809665084,True,coarse
contraction_3D,11.4,0.099911334,0.016097941,9.5225007e-10,-5.1557488e-15,8.3530926e-06,0.00034130782,6.1739919e-10,2.7748999999993584e-05,0.9997223408583807,0.032195882,0.09130525678394304,0.4892399195217572,6.173991899999999e-05,0.0329039809665084,True,coarse
contraction_3D,11.4,0.099912639,0.015956653,9.435884e-10,-4.9138442e-15,8.2798149e-06,0.00033831226,6.1198033e-10,2.6444000000000467e-05,0.9997353988128949,0.031913306,0.08701128726783634,0.4849459710131007,6.1198033e-05,0.0329039809665084,True,coarse
contraction_3D,11.4,0.099913882,0.015822008,9.3533408e-10,-4.6833162e-15,8.2099834e-06,0.00033545758,6.0681631e-10,2.520100000000247e-05,0.9997478363894934,0.031644016,0.08292132243370595,0.4808539129689069,6.068163099999999e-05,0.0329039809665084,True,coarse
contraction_3D,11.4,0.099915067,0.015693696,9.2746796e-10,-4.4636298e-15,8.1434361e-06,0.00033273715,6.0189516e-10,2.4016000000001703e-05,0.9997596936125579,0.031387392,0.07902220068917216,0.4769543240367773,6.0189515999999994e-05,0.0329039809665084,True,coarse
contraction_3D,11.4,0.099916197,0.015571419,9.1997178e-10,-4.2542751e-15,8.0800184e-06,0.00033014466,5.9720544e-10,2.288599999999974e-05,0.9997710005003748,0.031142838,0.07530405083995026,0.4732381475618255,5.972054399999999e-05,0.0329039809665084,True,coarse
contraction_3D,11.4,0.099917273,0.015454892,9.1282814e-10,-4.0547663e-15,8.0195833e-06,0.0003276741,5.9273628e-10,2.180999999999711e-05,0.9997817670590394,0.030909784,0.0717635824879453,0.4696967219781368,5.9273628e-05,0.0329039809665084,True,coarse
contraction_3D,11.4,0.099918299,0.015343845,9.0602046e-10,-3.8646402e-15,7.9619903e-06,0.00032531973,5.884773e-10,2.0783999999995917e-05,0.9997920333129333,0.03068769,0.06838763404077762,0.46632184159168655,5.884772999999999e-05,0.0329039809665084,True,coarse
contraction_3D,11.4,0.099919276,0.015238021,8.9953295e-10,-3.6834556e-15,7.907106e-06,0.00032307608,5.8441862e-10,1.980699999999669e-05,0.9998018092681519,0.030476042,0.0651729151003523,0.4631056957974219,5.8441861999999996e-05,0.0329039809665084,True,coarse
contraction_3D,11.4,0.099920208,0.015137174,8.9335053e-10,-3.5107921e-15,7.8548028e-06,0.00032093795,5.8055082e-10,1.887500000000153e-05,0.9998111349490769,0.030274348,0.06210626407428963,0.4600408082963427,5.805508199999999e-05,0.0329039809665084,True,coarse
contraction_3D,11.4,0.099921095,0.015041069,8.8745888e-10,-3.3462488e-15,7.8049594e-06,0.00031890037,5.7686491e-10,1.7987999999996562e-05,0.9998200103557084,0.030082138,0.05918768096254399,0.45712003709550164,5.768649099999999e-05,0.0329039809665084,True,coarse
contraction_3D,11.4,0.099921941,0.014949484,8.818443e-10,-3.1894439e-15,7.7574601e-06,0.00031695862,5.7335236e-10,1.714199999999777e-05,0.9998284755124279,0.029898968,0.05640400417278135,0.45433663529092305,5.733523599999999e-05,0.0329039809665084,True,coarse
contraction_3D,11.4,0.099922748,0.014862207,8.7649377e-10,-3.0400134e-15,7.7121946e-06,0.00031510819,5.7000499e-10,1.6334999999992328e-05,0.9998365504314264,0.029724414,0.05374865290876622,0.45168415989322463,5.7000498999999995e-05,0.0329039809665084,True,coarse
contraction_3D,11.4,0.099923516,0.014779034,8.7139488e-10,-2.8976106e-15,7.669058e-06,0.00031334478,5.6681505e-10,1.5566999999994113e-05,0.9998442351127037,0.029558068,0.05122162717054426,0.449156411044699,5.6681504999999996e-05,0.0329039809665084,True,coarse
contraction_3D,11.4,0.099924248,0.014699772,8.6653578e-10,-2.7619049e-15,7.6279501e-06,0.00031166431,5.6377513e-10,1.4835000000004706e-05,0.999851559574546,0.029399544,0.04881305576383069,0.44674752319369165,5.6377512999999996e-05,0.0329039809665084,True,coarse
contraction_3D,11.4,0.099924946,0.014624238,8.619052e-10,-2.6325813e-15,7.5887754e-06,0.00031006286,5.6087818e-10,1.4136999999997402e-05,0.9998585438291444,0.029248476,0.04651635789234437,0.4444519347031414,5.608781799999999e-05,0.0329039809665084,True,coarse
contraction_3D,11.4,0.09992561,0.014552257,8.574924e-10,-2.5093398e-15,7.5514431e-06,0.00030853673,5.5811747e-10,1.3472999999999957e-05,0.9998651878764987,0.029104514,0.044331533556176625,0.4422643270676621,5.5811747e-05,0.0329039809665084,True,coarse
contraction_3D,11.4,0.099926244,0.014483661,8.5328713e-10,-2.3918942e-15,7.5158665e-06,0.00030708238,5.5548659e-10,1.28390000000006e-05,0.9998715317409906,0.028967322,0.04224542116290211,0.4401795945220829,5.5548659e-05,0.0329039809665084,True,coarse
contraction_3D,11.4,0.099926848,0.01441829,8.4927963e-10,-2.279972e-15,7.4819631e-06,0.00030569642,5.5297945e-10,1.223499999999933e-05,0.9998775754226202,0.02883658,0.04025802071252082,0.4381928744329077,5.5297944999999994e-05,0.0329039809665084,True,coarse
contraction_3D,11.4,0.099927423,0.014355994,8.454606e-10,-2.1733135e-15,7.4496541e-06,0.00030437565,5.5059021e-10,1.1659999999996673e-05,0.9998833289274828,0.028711988,0.038366041806937846,0.4362996080812341,5.505902099999999e-05,0.0329039809665084,True,coarse
contraction_3D,11.4,0.099927972,0.014296628,8.4182118e-10,-2.071671e-15,7.4188646e-06,0.00030311698,5.4831333e-10,1.1110999999994209e-05,0.9998888222738647,0.028593256,0.03655961325186843,0.43449538870545623,5.4831332999999995e-05,0.0329039809665084,True,coarse
contraction_3D,11.4,0.099928494,0.014240054,8.3835291e-10,-1.9748088e-15,7.3895231e-06,0.00030191752,5.4614354e-10,1.058899999999141e-05,0.9998940454556703,0.028480108,0.03484202544540748,0.4327760222841838,5.4614354e-05,0.0329039809665084,True,coarse
contraction_3D,11.4,0.099928992,0.01418614,8.3504776e-10,-1.8825019e-15,7.3615616e-06,0.00030077446,5.4407579e-10,1.0091000000003736e-05,0.999899028491186,0.02837228,0.033203407193315916,0.4311374971447827,5.4407579e-05,0.0329039809665084,True,coarse
contraction_3D,11.4,0.099929467,0.014134762,8.3189805e-10,-1.7945361e-15,7.334915e-06,0.00029968516,5.4210529e-10,9.616000000003955e-06,0.9999037813865072,0.028269524,0.03164046809740749,0.42957604474629346,5.4210529e-05,0.0329039809665084,True,coarse
contraction_3D,11.4,0.099929919,0.014085801,8.2889646e-10,-1.7107074e-15,7.3095216e-06,0.00029864709,5.4022745e-10,9.163999999992067e-06,0.999908304141634,0.028171602,0.030153208157682194,0.42808804850505333,5.4022745e-05,0.0329039809665084,True,coarse
contraction_3D,11.4,0.09993035,0.014039142,8.2603604e-10,-1.630821e-15,7.2853225e-06,0.00029765784,5.3843793e-10,8.732999999996882e-06,0.9999126167687571,0.028078284,0.028735046578041525,0.4266700134032371,5.3843793e-05,0.0329039809665084,True,coarse
contraction_3D,11.4,0.099930761,0.013994677,8.2331015e-10,-1.5546916e-15,7.2622614e-06,0.00029671511,5.3673257e-10,8.32199999999117e-06,0.9999167292739719,0.027989354,0.027382692960299236,0.42531865716323514,5.3673257e-05,0.0329039809665084,True,coarse
contraction_3D,11.4,0.099931152,0.013952303,8.2071245e-10,-1.4821426e-15,7.2402848e-06,0.00029581672,5.3510742e-10,7.931000000002686e-06,0.9999206416572783,0.027904606,0.026096147304546645,0.42403084946473407,5.3510742e-05,0.0329039809665084,True,coarse
contraction_3D,11.4,0.099931525,0.013911922,8.1823691e-10,-1.4130055e-15,7.2193419e-06,0.00029496058,5.3355869e-10,7.558000000004728e-06,0.9999243739308674,0.027823844,0.024868828814502603,0.4228036119447179,5.3355869e-05,0.0329039809665084,True,coarse
contraction_3D,11.4,0.09993188,0.013873441,8.1587781e-10,-1.3471199e-15,7.1993838e-06,0.0002941447,5.320828e-10,7.202999999997295e-06,0.9999279260947391,0.027746882,0.023700737490167097,0.42163411819746677,5.320827999999999e-05,0.0329039809665084,True,coarse
contraction_3D,11.4,0.099932219,0.013836769,8.1362964e-10,-1.2843328e-15,7.1803644e-06,0.0002933672,5.3067632e-10,6.863999999995318e-06,0.9999313181610843,0.027673538,0.02258529253539596,0.42051960260018006,5.3067632e-05,0.0329039809665084,True,coarse
contraction_3D,11.4,0.099932542,0.013801821,8.1148721e-10,-1.2244986e-15,7.1622394e-06,0.00029262626,5.2933598e-10,6.540999999998798e-06,0.9999345501299026,0.027603642,0.021522493950189188,0.4194574818788129,5.2933598e-05,0.0329039809665084,True,coarse
contraction_3D,11.4,0.099932849,0.013768518,8.0944554e-10,-1.1674784e-15,7.1449669e-06,0.00029192016,5.2805868e-10,6.2339999999938556e-06,0.9999376220011945,0.027537036,0.020512341734501116,0.41844535510807657,5.2805868e-05,0.0329039809665084,True,coarse
contraction_3D,11.4,0.099933143,0.01373678,8.0749988e-10,-1.1131398e-15,7.1285066e-06,0.00029124727,5.2684145e-10,5.9399999999959485e-06,0.9999405637932459,0.02747356,0.019544964694092656,0.4174807909712232,5.268414499999999e-05,0.0329039809665084,True,coarse
contraction_3D,11.4,0.099933422,0.013706535,8.0564573e-10,-1.0613566e-15,7.1128205e-06,0.00029060603,5.2568147e-10,5.661000000004024e-06,0.9999433554938661,0.02741307,0.018626943625153644,0.41656160128317954,5.2568147e-05,0.0329039809665084,True,coarse
contraction_3D,11.4,0.099933688,0.013677713,8.0387878e-10,-1.0120089e-15,7.0978721e-06,0.00028999495,5.2457604e-10,5.394999999991379e-06,0.9999460171152462,0.027355426,0.017751697731402914,0.415685658641791,5.2457603999999995e-05,0.0329039809665084,True,coarse
contraction_3D,11.4,0.099933942,0.013650246,8.0219492e-10,-9.649819e-16,7.0836267e-06,0.0002894126,5.235226e-10,5.141000000000173e-06,0.999948558663481,0.027300492,0.016915936614882537,0.4148508964278219,5.2352259999999994e-05,0.0329039809665084,True,coarse
contraction_3D,11.4,0.099934184,0.013624071,8.0059026e-10,-9.201665600000001e-16,7.0700512e-06,0.00028885764,5.225187e-10,4.899000000002651e-06,0.999950980138571,0.027248142,0.01611966027550119,0.4140553999793331,5.225186999999999e-05,0.0329039809665084,True,coarse
contraction_3D,11.4,0.099934414,0.013599126,7.9906106e-10,-8.774588800000001e-16,7.0571142e-06,0.00028832878,5.2156201e-10,4.668999999998813e-06,0.9999532815405161,0.027198252,0.015362868713258865,0.41329728502584495,5.215620099999999e-05,0.0329039809665084,True,coarse
contraction_3D,11.4,0.099934634,0.013575355,7.9760378e-10,-8.367597100000001e-16,7.0447856e-06,0.0002878248,5.2065032e-10,4.449000000003589e-06,0.9999554828815069,0.02715071,0.014638981132011394,0.41257484964563385,5.2065032e-05,0.0329039809665084,True,coarse
contraction_3D,11.4,0.099934843,0.013552702,7.9621504e-10,-7.979745800000001e-16,7.0330369e-06,0.00028734451,5.197815e-10,4.240000000002575e-06,0.9999575741554483,0.027105404,0.013951287929808032,0.41188639191697607,5.197814999999999e-05,0.0329039809665084,True,coarse
contraction_3D,11.4,0.099935042,0.013531114,7.948916e-10,-7.610135100000001e-16,7.0218406e-06,0.00028688681,5.1895354e-10,4.0409999999962976e-06,0.9999595653684356,0.027062228,0.013296498708553862,0.4112303010925262,5.1895354e-05,0.0329039809665084,True,coarse
contraction_3D,11.4,0.099935232,0.013510542,7.9363041e-10,-7.257906800000001e-16,7.0111709e-06,0.00028645064,5.1816452e-10,3.850999999999161e-06,0.999961466526564,0.027021084,0.012671323070199622,0.410605087990776,5.181645199999999e-05,0.0329039809665084,True,coarse
contraction_3D,11.4,0.099935413,0.013490937,7.9242853e-10,-6.9222438e-16,7.001003e-06,0.00028603498,5.1741261e-10,3.6699999999972865e-06,0.9999632776298338,0.026981874,0.012075761014699654,0.4100092634302173,5.1741261e-05,0.0329039809665084,True,coarse
contraction_3D,11.4,0.099935586,0.013472254,7.9128317e-10,-6.602366700000001e-16,6.9913133e-06,0.00028563887,5.1669606e-10,3.4969999999912016e-06,0.9999650086843404,0.026944508,0.011506522143959037,0.4094414597951795,5.1669605999999994e-05,0.0329039809665084,True,coarse
contraction_3D,11.4,0.09993575,0.013454449,7.9019168e-10,-6.2975334e-16,6.9820793e-06,0.00028526139,5.160132e-10,3.3329999999942572e-06,0.9999666496839881,0.026908898,0.010966896856118354,0.408900339861451,5.160132e-05,0.0329039809665084,True,coarse
contraction_3D,11.4,0.099935907,0.013437482,7.8915153e-10,-6.007036e-16,6.9732796e-06,0.00028490166,5.1536247e-10,3.1759999999936284e-06,0.9999682206409679,0.026874964,0.010450304354942102,0.4083846879706579,5.1536247e-05,0.0329039809665084,True,coarse
contraction_3D,11.4,0.099936056,0.013421313,7.8816029e-10,-5.730200800000001e-16,6.9648937e-06,0.00028455885,5.1474233e-10,3.0270000000026664e-06,0.9999697115491843,0.026842626,0.009960035038570864,0.40789328846442624,5.147423299999999e-05,0.0329039809665084,True,coarse
contraction_3D,11.4,0.099936199,0.013405904,7.8721566e-10,-5.4663847e-16,6.9569022e-06,0.00028423216,5.1415136e-10,2.8839999999946686e-06,0.9999711424208285,0.026811808,0.00948950811072348,0.4074249864673005,5.1415135999999993e-05,0.0329039809665084,True,coarse
contraction_3D,11.4,0.099936334,0.01339122,7.8631546e-10,-5.2149759e-16,6.9492865e-06,0.00028392083,5.1358819e-10,2.7489999999963377e-06,0.9999724932437093,0.02678244,0.009045304367681108,0.40697871827820375,5.135881899999999e-05,0.0329039809665084,True,coarse
contraction_3D,11.4,0.099936464,0.013377227,7.854576e-10,-4.975390600000001e-16,6.942029e-06,0.00028362415,5.130515e-10,2.618999999995375e-06,0.999973794036113,0.026754454,0.008617552615113332,0.40655345058751785,5.1305149999999994e-05,0.0329039809665084,True,coarse
contraction_3D,11.4,0.099936587,0.013363892,7.8464009e-10,-4.747073e-16,6.9351128e-06,0.00028334142,5.1254005e-10,2.4960000000046056e-06,0.9999750247858488,0.026727784,0.00821283364925565,0.4061481804770843,5.1254004999999994e-05,0.0329039809665084,True,coarse
contraction_3D,11.4,0.099936704,0.013351184,7.8386102e-10,-4.5294929e-16,6.9285219e-06,0.00028307199,5.1205265e-10,2.3789999999968003e-06,0.9999761954990122,0.026702368,0.00782785707192182,0.40576196581166324,5.1205265e-05,0.0329039809665084,True,coarse
contraction_3D,11.4,0.099936816,0.013339073,7.8311858e-10,-4.3221455000000004e-16,6.9222409e-06,0.00028281522,5.1158817e-10,2.267000000000241e-06,0.9999773161816984,0.026678146,0.007459332485108247,0.40539389484747423,5.1158816999999995e-05,0.0329039809665084,True,coarse
contraction_3D,11.4,0.099936923,0.013327532,7.8241107e-10,-4.1245495e-16,6.9162554e-06,0.00028257053,5.1114554e-10,2.16000000000105e-06,0.9999783868339076,0.026655064,0.007107259888769269,0.40504314701511474,5.1114554e-05,0.0329039809665084,True,coarse
contraction_3D,11.4,0.099937024,0.013316534,7.8173683e-10,-3.9362465000000003e-16,6.9105513e-06,0.00028233735,5.1072373e-10,2.0589999999987008e-06,0.9999793974495443,0.026633068,0.006774929680999803,0.40470890174518237,5.1072373e-05,0.0329039809665084,True,coarse
contraction_3D,11.4,0.099937121,0.013306053,7.810943e-10,-3.756799e-16,6.9051155e-06,0.00028211514,5.1032175e-10,1.961999999994246e-06,0.9999803680407995,0.026612106,0.006455761065610015,0.404390368859734,5.1032174999999994e-05,0.0329039809665084,True,coarse
contraction_3D,11.4,0.099937213,0.013296065,7.8048198e-10,-3.585791e-16,6.8999353e-06,0.00028190338,5.0993868e-10,1.8700000000010375e-06,0.9999812886015774,0.02659213,0.006153044440740485,0.40408681896374526,5.0993868e-05,0.0329039809665084,True,coarse
contraction_3D,11.4,0.099937301,0.013286547,7.7989847e-10,-3.4228254000000005e-16,6.8949988e-06,0.00028170157,5.0957362e-10,1.7819999999918457e-06,0.9999821691379739,0.026573094,0.005863489408204966,0.403797553053651,5.0957362e-05,0.0329039809665084,True,coarse
contraction_3D,11.4,0.099937385,0.013277476,7.7934239e-10,-3.2675238000000005e-16,6.8902944e-06,0.00028150926,5.0922574e-10,1.6979999999944262e-06,0.9999830096499885,0.026554952,0.005587095968094786,0.4035218721258863,5.092257399999999e-05,0.0329039809665084,True,coarse
contraction_3D,11.4,0.099937465,0.013268832,7.7881247e-10,-3.1195261000000004e-16,6.8858112e-06,0.00028132599,5.0889421e-10,1.6179999999949013e-06,0.9999838101376216,0.026537664,0.005323864120364282,0.4032591683512641,5.0889421e-05,0.0329039809665084,True,coarse
contraction_3D,11.4,0.099937541,0.013260594,7.7830747e-10,-2.9784886e-16,6.8815389e-06,0.00028115134,5.0857827e-10,1.541999999993271e-06,0.999984570600873,0.026521188,0.005073793865013453,0.403008803509138,5.085782699999999e-05,0.0329039809665084,True,coarse
contraction_3D,11.4,0.099937613,0.013252744,7.7782622e-10,-2.844084e-16,6.8774675e-06,0.00028098491,5.082772e-10,1.470000000003413e-06,0.9999852910397427,0.026505488,0.004836885202087965,0.40277023055323974,5.082771999999999e-05,0.0329039809665084,True,coarse
contraction_3D,11.4,0.099937683,0.013245263,7.773676e-10,-2.7160005e-16,6.8735876e-06,0.0002808263,5.0799028e-10,1.3999999999986246e-06,0.9999859914664216,0.026490526,0.00460655733530665,0.40254287204584166,5.0799027999999996e-05,0.0329039809665084,True,coarse
contraction_3D,11.4,0.099937748,0.013238134,7.7693055e-10,-2.5939406e-16,6.8698902e-06,0.00028067515,5.0771685e-10,1.3349999999912043e-06,0.9999866418626235,0.026476268,0.00439268145899993,0.4023262113321348,5.0771685e-05,0.0329039809665084,True,coarse
contraction_3D,11.4,0.099937811,0.01323134,7.7651406e-10,-2.4776212e-16,6.8663667e-06,0.00028053111,5.0745629e-10,1.2719999999966092e-06,0.9999872722466345,0.02646268,0.0041853863789287115,0.40211973175731025,5.0745629e-05,0.0329039809665084,True,coarse
contraction_3D,11.4,0.099937871,0.013224866,7.7611715e-10,-2.366772e-16,6.8630088e-06,0.00028039384,5.0720798e-10,1.212000000000435e-06,0.9999878726123592,0.026449732,0.003987962493142249,0.40192297744947775,5.0720798e-05,0.0329039809665084,True,coarse
contraction_3D,11.4,0.099937928,0.013218696,7.7573891e-10,-2.261136e-16,6.8598089e-06,0.00028026303,5.0697135e-10,1.1550000000026817e-06,0.9999884429597978,0.026437392,0.0038004098016405437,0.40173546214528766,5.0697134999999995e-05,0.0329039809665084,True,coarse
contraction_3D,11.4,0.099937982,0.013212816,7.7537845e-10,-2.1604682e-16,6.8567595e-06,0.00028013837,5.0674584e-10,1.1010000000033493e-06,0.9999889832889501,0.026425632,0.0036227283044235952,0.4015567603643091,5.0674583999999994e-05,0.0329039809665084,True,coarse
contraction_3D,11.4,0.099938034,0.013207213,7.7503495e-10,-2.0645347000000002e-16,6.8538535e-06,0.00028001957,5.0653094e-10,1.0490000000029642e-06,0.9999895036059115,0.026414426,0.0034516276033964843,0.40138647701757046,5.0653093999999995e-05,0.0329039809665084,True,coarse
contraction_3D,11.4,0.099938083,0.013201873,7.7470761e-10,-1.9731128e-16,6.8510841e-06,0.00027990636,5.0632615e-10,1.000000000001e-06,0.9999899939045869,0.026403746,0.003290398096654131,0.40122418662464093,5.0632614999999995e-05,0.0329039809665084,True,coarse
contraction_2D,11.6,9.9939083e-08,0.63153414,8.0654644e-11,-5.914484600000001e-16,0.0012703497,0.00042774125,0.00032410686,0.099938983060917,1e-06,1.26306828,328.87642339642645,19.191062426439835,32.410686,0.03290772162409963,False,coarse
contraction_2D,11.6,0.0047000761,0.63146386,3.8320466e-06,-3.7405816e-13,0.0012717093,0.00042878849,0.00032401015,0.09523900689999999,0.04702940990563221,1.26292772,313.40987268209034,19.18892675746819,32.401015,0.03290772162409963,False,coarse
contraction_2D,11.6,0.0091791104,0.63043414,8.0631753e-06,-5.1217532e-13,0.0012917821,0.00044420705,0.00032261587,0.0907599726,0.0918470544701716,1.26086828,298.67039129317095,19.15763562124909,32.261587,0.03290772162409963,False,coarse
contraction_2D,11.6,0.013447498,0.62876101,1.1289775e-05,-2.780145e-13,0.0013238561,0.00046959964,0.00032044682,0.086491585,0.13455694805604732,1.25752202,284.6241002007151,19.106792538913826,32.044681999999995,0.03290772162409963,False,coarse
contraction_2D,11.6,0.017515147,0.62662572,1.4162912e-05,-2.7997461e-13,0.001364119,0.00050245499,0.00031785661,0.082423936,0.1752582320572223,1.25325144,271.23839410506037,19.0419053363177,31.785660999999998,0.03290772162409963,False,coarse
contraction_2D,11.6,0.021391496,0.62404295,1.6705415e-05,-2.840623e-13,0.0014118938,0.00054284603,0.000314949,0.078547587,0.21404535000586308,1.2480859,258.48221272407466,18.963420109369974,31.4949,0.03290772162409963,False,coarse
contraction_2D,11.6,0.025085542,0.62106126,1.8813894e-05,-2.958836e-13,0.0014657831,0.00059040326,0.0003118383,0.074853541,0.25100832674240164,1.24212252,246.32594898061276,18.8728124995798,31.183829999999997,0.03290772162409963,False,coarse
contraction_2D,11.6,0.02860586,0.61773614,2.0495699e-05,-2.9997115e-13,0.001524304,0.00064465027,0.00030858233,0.071333223,0.2862329645350058,1.23547228,234.74138450338205,18.771768737329033,30.858232999999995,0.03290772162409963,False,coarse
contraction_2D,11.6,0.03196062,0.61412657,2.1781217e-05,-3.0605517e-13,0.0015860381,0.00070499797,0.00030519341,0.06797846299999999,0.3198010131832008,1.22825314,223.70163368381557,18.662081107135986,30.519340999999994,0.03290772162409963,False,coarse
contraction_2D,11.6,0.035157607,0.6102692,2.2718012e-05,-5.12391e-13,0.0016500963,0.00077114999,0.0003016425,0.064781476,0.35179037013977804,1.2205384,213.18107786062907,18.544863329373605,30.164249999999996,0.03290772162409963,False,coarse
contraction_2D,11.6,0.038204241,0.60623422,2.3295071e-05,-3.1104175e-13,0.0017149002,0.00084241974,0.00029792762,0.061734842,0.38227528063270305,1.21246844,203.15529950437735,18.42224833809311,29.792761999999996,0.03290772162409963,False,coarse
contraction_2D,11.6,0.041107594,0.60200153,2.3606806e-05,-5.3326155e-13,0.0017807348,0.00091938539,0.00029397377,0.058831489,0.41132650776873747,1.20400306,193.60102627432792,18.293625334399646,29.397377,0.03290772162409963,False,coarse
contraction_2D,11.6,0.043874404,0.59765861,2.3653468e-05,-3.1838452e-13,0.0018459827,0.0010009576,0.00028980519,0.056064679,0.43901147261877516,1.19531722,184.49608494765042,18.16165266094602,28.980519,0.03290772162409963,False,coarse
contraction_2D,11.6,0.046511093,0.59318627,2.3495803e-05,-3.2160032e-13,0.0019109435,0.0010877608,0.00028536937,0.053427989999999995,0.46539443432755934,1.18637254,175.81934218551783,18.025747171921687,28.536936999999995,0.03290772162409963,False,coarse
contraction_2D,11.6,0.04902378,0.58861584,2.3159455e-05,-3.5085231e-13,0.0019750647,0.0011796274,0.00028066686,0.050915302999999995,0.49053662019292293,1.17723168,167.55066175306843,17.886860923514476,28.066685999999997,0.03290772162409963,False,coarse
contraction_2D,11.6,0.051418297,0.58397131,2.2680574e-05,-4.0612273e-13,0.0020380294,0.001276403,0.00027581725,0.048520785999999996,0.5144963857633155,1.16794262,159.670851867051,17.7457229239576,27.581725,0.03290772162409963,False,coarse
contraction_2D,11.6,0.053700201,0.57926933,2.2076903e-05,-3.2739876e-13,0.0020994857,0.0013782779,0.0002706022,0.046238881999999995,0.5373293349109477,1.15853866,152.16162570655905,17.602839133529628,27.060219999999997,0.03290772162409963,False,coarse
contraction_2D,11.6,0.055874788,0.57452357,2.1385965e-05,-3.2935917e-13,0.0021594262,0.0014851088,0.00026515718,0.044064294999999996,0.5590884599171277,1.14904714,145.00555534222048,17.458624956255058,26.515718,0.03290772162409963,False,coarse
contraction_2D,11.6,0.057947106,0.56973889,2.0625417e-05,-3.305569e-13,0.0022178114,0.001597213,0.00025949185,0.041991977,0.5798242715515011,1.13947778,138.18602895615942,17.313228077836833,25.949185,0.03290772162409963,False,coarse
contraction_2D,11.6,0.059921964,0.56492085,1.9813527e-05,-3.3184549e-13,0.002274611,0.0017149027,0.00025362209,0.040017119,0.5995848891269094,1.1298417,131.68722122504678,17.16681745558119,25.362209,0.03290772162409963,False,coarse
contraction_2D,11.6,0.061803945,0.56007497,1.8966637e-05,-3.3270268e-13,0.0023298149,0.0018384897,0.00024756836,0.038135138,0.6184161705786314,1.12014994,125.49405054006233,17.019560831274166,24.756836,0.03290772162409963,False,coarse
contraction_2D,11.6,0.063597418,0.55520721,1.8099151e-05,-3.3322911e-13,0.0023834274,0.0019682537,0.00024135544,0.036341664999999995,0.6363618325375269,1.11041442,119.59213951762844,16.8716393174239,24.135544,0.03290772162409963,False,coarse
contraction_2D,11.6,0.065306545,0.55032465,1.7223516e-05,-3.3353539e-13,0.0024354628,0.0021043897,0.00023501215,0.034632538000000004,0.6534635203727054,1.1006493,113.96779196400522,16.723268061103795,23.501215,0.03290772162409963,False,coarse
contraction_2D,11.6,0.066935293,0.54543636,1.6350204e-05,-3.3371325e-13,0.0024859384,0.0022469231,0.0002285713,0.03300378999999999,0.669760928264671,1.09087272,108.60795338602426,16.574722681516647,22.857129999999998,0.03290772162409963,False,coarse
contraction_2D,11.6,0.068487442,0.54055957,1.5488303e-05,-6.1572809e-13,0.0025348199,0.0023954097,0.0002220765,0.031451641,0.6852918792540852,1.08111914,103.50018466491184,16.42652676398377,22.207649999999997,0.03290772162409963,False,coarse
contraction_2D,11.6,0.069966594,0.53566127,1.463485e-05,-6.7642609e-13,0.0025823443,0.0025520322,0.00021549462,0.029972489000000005,0.7000924152966261,1.07132254,98.63263243933882,16.277677200469387,21.549462,0.03290772162409963,False,coarse
contraction_2D,11.6,0.071376182,0.53071082,1.3794998e-05,-3.3299324e-13,0.002628704,0.0027195829,0.00020880569,0.028562901,0.7141968873178474,1.06142164,93.99399948847169,16.12724290250892,20.880568999999998,0.03290772162409963,False,coarse
contraction_2D,11.6,0.072719479,0.52579409,1.2991894e-05,-3.328409e-13,0.0026735785,0.002893418,0.0002021523,0.027219603999999994,0.727638045268036,1.05158818,89.57351511502284,15.977833288067568,20.21523,0.03290772162409963,False,coarse
contraction_2D,11.6,0.073999601,0.52094243,1.2215451e-05,-8.3436051e-13,0.0027169254,0.0030710486,0.00019558419,0.025939482,0.7404470681404991,1.04188486,85.3609252729343,15.830401021093275,19.558418999999997,0.03290772162409963,False,coarse
contraction_2D,11.6,0.075219519,0.51459774,1.1247861e-05,-3.3162169e-13,0.0027713135,0.0033218669,0.00018753187,0.024719564,0.7526536840447096,1.02919548,81.34645307811147,15.637598551433586,18.753186999999997,0.03290772162409963,False,coarse
contraction_2D,11.6,0.076382066,0.51050396,1.0625923e-05,-5.6932204e-13,0.0028064058,0.0034837006,0.00018233634,0.023557017,0.7642862402489725,1.02100792,77.52077577301824,15.51319674547562,18.233634,0.03290772162409963,False,coarse
contraction_2D,11.6,0.077489938,0.50648281,1.0070613e-05,-6.5229445e-13,0.0028385277,0.0036572654,0.0001771205,0.022449145000000004,0.7753717131865218,1.01296562,73.87502143590481,15.391002020300382,17.712049999999998,0.03290772162409963,False,coarse
contraction_2D,11.6,0.078545708,0.50157011,9.4430542e-06,-3.2979174e-13,0.0028749827,0.0038866231,0.00017061516,0.021393374999999992,0.7859358485408557,1.00314022,70.4007229099972,15.24171486951805,17.061515999999997,0.03290772162409963,False,coarse
contraction_2D,11.6,0.079551826,0.49665644,8.8061676e-06,-3.2462594e-13,0.0029114413,0.0041160156,0.00016410862,0.020387256999999992,0.7960031612457361,0.99331288,67.08981780349762,15.092398242371141,16.410861999999998,0.03290772162409963,False,coarse
contraction_2D,11.6,0.080510627,0.49172507,8.1804321e-06,-6.4479282e-13,0.0029480348,0.0043462449,0.00015757856,0.019428455999999997,0.8055970155339528,0.98345014,63.9346221634068,14.942543747540707,15.757855999999999,0.03290772162409963,False,coarse
contraction_2D,11.6,0.081424336,0.48678005,7.6317273e-06,-5.6423752e-13,0.0029818112,0.0046048869,0.00015127186,0.018514746999999998,0.8147396749678002,0.9735601,60.92781402166336,14.792274456445861,15.127185999999998,0.03290772162409963,False,coarse
contraction_2D,11.6,0.082295073,0.48182836,7.1256283e-06,-3.2127913e-13,0.0030137249,0.0048819999,0.00014511421,0.01764401,0.8234523524695538,0.96365672,58.062416941283004,14.641802477359539,14.511421,0.03290772162409963,False,coarse
contraction_2D,11.6,0.083124861,0.47691973,6.6169182e-06,-3.1645436e-13,0.003045358,0.0051566958,0.00013900995,0.016814222000000004,0.8317552903702348,0.95383946,55.33177369018118,14.492639005756411,13.900994999999998,0.03290772162409963,False,coarse
contraction_2D,11.6,0.083915623,0.47194843,6.1155477e-06,-6.6191439e-13,0.0030773996,0.0054349104,0.00013282795,0.016023460000000003,0.8396677303913225,0.94389686,52.729556113489544,14.341571117897553,13.282794999999998,0.03290772162409963,False,coarse
contraction_2D,11.6,0.084669197,0.46695011,5.6915742e-06,-5.3283688e-13,0.003106412,0.0057527742,0.00012698081,0.015269885999999996,0.8472080637361862,0.93390022,50.2497157719736,14.189682146151192,12.698080999999998,0.03290772162409963,False,coarse
contraction_2D,11.6,0.085387331,0.46193822,5.2990342e-06,-3.1250729e-13,0.0031339513,0.0060899388,0.0001212958,0.014551752000000001,0.8543937810596081,0.92387644,47.8865003958935,14.037380809180796,12.129579999999999,0.03290772162409963,False,coarse
contraction_2D,11.6,0.086071691,0.45697373,4.904005e-06,-3.0531849e-13,0.0031612274,0.0064239091,0.00011566434,0.013867391999999992,0.8612415525165465,0.91394746,45.63442755882659,13.886519863634074,11.566434,0.03290772162409963,False,coarse
contraction_2D,11.6,0.086723867,0.4519524,4.5159911e-06,-6.118292e-13,0.0031888199,0.0067617121,0.00010996872,0.013215216000000002,0.8677672877987083,0.9039048,43.48826493303474,13.73393166389913,10.996871999999998,0.03290772162409963,False,coarse
contraction_2D,11.6,0.08734537,0.4468723,4.1865274e-06,-5.5448099e-13,0.0032136228,0.0071435023,0.00010461177,0.012593712999999992,0.8739861061162629,0.8937446,41.44304016178043,13.579557561126862,10.461177,0.03290772162409963,False,coarse
contraction_2D,11.6,0.087937645,0.44176801,3.8938594e-06,-3.0187335e-13,0.0032364097,0.0075545314,9.9506831e-05,0.012001438000000003,0.879912466277082,0.88353602,39.493998079289106,13.424448372520441,9.9506831,0.03290772162409963,False,coarse
contraction_2D,11.6,0.088502066,0.43665919,3.5939039e-06,-2.9492003e-13,0.0032592134,0.0079659184,9.4397078e-05,0.011437016999999994,0.8855601166562636,0.87331838,37.63661716460948,13.269201526252646,9.439707799999999,0.03290772162409963,False,coarse
contraction_2D,11.6,0.089039942,0.43156927,3.3023045e-06,-4.9920593e-13,0.0032819356,0.0083757894,8.9306468e-05,0.010899141000000001,0.8909421552327031,0.86313854,35.86658979698108,13.114529013274039,8.9306468,0.03290772162409963,False,coarse
contraction_2D,11.6,0.089552522,0.42641266,3.0391166e-06,-6.3419297e-13,0.003302859,0.0088146168,8.4404345e-05,0.010386561000000002,0.8960710796195718,0.85282532,34.17980580197299,12.957829924260729,8.4404345,0.03290772162409963,False,coarse
contraction_2D,11.6,0.090040996,0.42114942,2.8298874e-06,-3.098453e-13,0.0033196643,0.0093136615,7.9953911e-05,0.009898087,0.9009587970704114,0.84229884,32.57234916071194,12.797890562304246,7.9953911,0.03290772162409963,False,coarse
contraction_2D,11.6,0.090506497,0.41578853,2.6082452e-06,-2.840835e-13,0.0033367776,0.0098219592,7.5420551e-05,0.009432585999999993,0.9056166444913248,0.83157706,31.040491428337916,12.634983811686968,7.5420551,0.03290772162409963,False,coarse
contraction_2D,11.6,0.090950106,0.41060327,2.3948923e-06,-3.2228386e-13,0.0033533305,0.010313605,7.1035745e-05,0.008988976999999995,0.9100554384714536,0.82120654,29.580675280143403,12.477414106338465,7.1035745,0.03290772162409963,False,coarse
contraction_2D,11.6,0.091372852,0.40533014,2.186598e-06,-6.3077516e-13,0.0033701674,0.010813587,6.6576951e-05,0.008566230999999994,0.9142854752829782,0.81066028,28.189514511573233,12.317174207015313,6.6576951,0.03290772162409963,False,coarse
contraction_2D,11.6,0.091775717,0.3997729,2.0250206e-06,-4.6925708e-13,0.0033800961,0.011394585,6.26234e-05,0.008163365999999991,0.918316580911594,0.7995458,26.863777584363937,12.148300771671487,6.262339999999999,0.03290772162409963,False,coarse
contraction_2D,11.6,0.092159635,0.39419922,1.8754908e-06,-2.7403623e-13,0.0033880175,0.011991384,5.8852229e-05,0.007779447999999994,0.922158101050417,0.78839844,25.60039091731584,11.978927757530084,5.8852229,0.03290772162409963,False,coarse
contraction_2D,11.6,0.092525498,0.38862683,1.7208884e-06,-2.6501113e-13,0.0033959347,0.012588043,5.5081733e-05,0.007413585,0.9258189611365556,0.77725366,24.39641914166006,11.809593943914766,5.5081733,0.03290772162409963,False,coarse
contraction_2D,11.6,0.092874155,0.3831534,1.5724043e-06,-3.6694582e-13,0.0034037127,0.013174108,5.1378308e-05,0.007064927999999998,0.9293076563450157,0.7663068,23.249068391830686,11.643267327246429,5.1378308,0.03290772162409963,False,coarse
contraction_2D,11.6,0.093206414,0.37768909,1.429149e-06,-6.3233629e-13,0.0034114797,0.013759198,4.7681232e-05,0.006732668999999997,0.9326322716008911,0.75537818,22.15567972392051,11.477217849181127,4.7681232,0.03290772162409963,False,coarse
contraction_2D,11.6,0.093523047,0.37161713,1.325456e-06,-4.2107304e-13,0.003404971,0.014420009,4.4555474e-05,0.006416036,0.9358005316098408,0.74323426,21.113712661820166,11.292703100048412,4.4555473999999995,0.03290772162409963,False,coarse
contraction_2D,11.6,0.09382479,0.36560828,1.2248861e-06,-2.5622277e-13,0.0033973509,0.01507478,4.15386e-05,0.006114292999999993,0.9388198008580888,0.73121656,20.120745197218074,11.110106137893503,4.15386,0.03290772162409963,False,coarse
contraction_2D,11.6,0.094112341,0.35960533,1.120208e-06,-2.4625188e-13,0.0033897368,0.015728907,3.8524571e-05,0.005826741999999996,0.9416970636002334,0.71921066,19.174480371144934,10.927688464966435,3.8524570999999996,0.03290772162409963,False,coarse
contraction_2D,11.6,0.09438637,0.35378252,1.0202649e-06,-2.9101631e-13,0.0033823518,0.016363406,3.5601028e-05,0.005552713000000001,0.9444390239202015,0.70756504,18.272713366251914,10.750744887209422,3.5601027999999992,0.03290772162409963,False,coarse
contraction_2D,11.6,0.09464751,0.34789213,9.2439386e-07,-5.1499848e-13,0.0033748827,0.017005269,3.264369e-05,0.005291572999999994,0.9470520156763896,0.69578426,17.41336112376015,10.57174768809351,3.264369,0.03290772162409963,False,coarse
contraction_2D,11.6,0.09489637,0.34148145,8.4872228e-07,-4.7305183e-13,0.003349267,0.017589748,3.0113036e-05,0.005042713000000004,0.9495421325809043,0.6829629,16.594419563422843,10.376939914002422,3.0113035999999997,0.03290772162409963,False,coarse
contraction_2D,11.6,0.095133526,0.33485892,7.8671211e-07,-2.6863895e-13,0.003312946,0.018129228,2.7886573e-05,0.004805557000000002,0.9519151381447036,0.66971784,15.813993200474338,10.175694441111643,2.7886572999999997,0.03290772162409963,False,coarse
contraction_2D,11.6,0.095359528,0.3281473,7.192635e-07,-2.2908493e-13,0.003276135,0.018675964,2.5630073e-05,0.004579554999999999,0.9541765357202647,0.6562946,15.070272110225353,9.971741700880463,2.5630072999999998,0.03290772162409963,False,coarse
contraction_2D,11.6,0.095574902,0.32168245,6.535501e-07,-2.1809012e-13,0.0032406772,0.0192026,2.3456522e-05,0.004364180999999995,0.956331588513775,0.6433649,14.361525346518455,9.775287808573754,2.3456522,0.03290772162409963,False,coarse
contraction_2D,11.6,0.095780147,0.31528598,5.9117661e-07,-2.989979e-13,0.0032055952,0.019723664,2.130601e-05,0.004158936000000002,0.9583852895668454,0.63057196,13.686110814044646,9.580911848029723,2.130601,0.03290772162409963,False,coarse
contraction_2D,11.6,0.095975739,0.30893896,5.3200258e-07,-4.7357923e-13,0.0031707853,0.0202407,1.9172174e-05,0.003963343999999994,0.9603424017808929,0.61787792,13.042462105254529,9.388038574319037,1.9172174,0.03290772162409963,False,coarse
contraction_2D,11.6,0.096162133,0.30174576,4.8720117e-07,-4.2997348e-13,0.0031005406,0.020398888,1.7443826e-05,0.003776950000000001,0.9622074779293301,0.60349152,12.42908191881431,9.169451578775348,1.7443825999999998,0.03290772162409963,False,coarse
contraction_2D,11.6,0.096339761,0.29424949,4.5100054e-07,-2.7076694e-13,0.0030128278,0.020362197,1.5967733e-05,0.003599322000000002,0.9639848406453759,0.58849898,11.844548641149757,8.941654890641516,1.5967733,0.03290772162409963,False,coarse
contraction_2D,11.6,0.096509035,0.28677407,4.1221916e-07,-2.040095e-13,0.0029253585,0.020325611,1.4495716e-05,0.003430047999999991,0.9656786124403404,0.57354814,11.287506474129938,8.714491792406072,1.4495715999999998,0.03290772162409963,False,coarse
contraction_2D,11.6,0.096670348,0.27945344,3.7272064e-07,-1.9079434e-13,0.0028396999,0.020289784,1.3054163e-05,0.003268734999999995,0.9672927257097207,0.55890688,10.756662144295111,8.492032453421059,1.3054162999999999,0.03290772162409963,False,coarse
contraction_2D,11.6,0.096824074,0.2724771,3.3507971e-07,-1.7820069e-13,0.0027580699,0.020255642,1.1680406e-05,0.003115009000000002,0.9688309227332014,0.5449542,10.250784902856502,8.280035400580703,1.1680405999999999,0.03290772162409963,False,coarse
contraction_2D,11.6,0.096970571,0.2653675,3.0028865e-07,-2.8430358e-13,0.0026748814,0.020220843,1.0280446e-05,0.0029685119999999926,0.9702967856929406,0.530735,9.768696653379898,8.06398884223151,1.0280445999999999,0.03290772162409963,False,coarse
contraction_2D,11.6,0.097110179,0.25851532,2.6731384e-07,-4.0511335e-13,0.0025947051,0.020187304,8.9311813e-06,0.002828903999999993,0.9716937166613787,0.51703064,9.30927853333017,7.855764764057047,0.8931181299999998,0.03290772162409963,False,coarse
contraction_2D,11.6,0.09724322,0.25051019,2.4384318e-07,-3.6778737e-13,0.0024652775,0.019484479,7.9273168e-06,0.002695862999999993,0.9730249376012386,0.50102038,8.871470914070985,7.612504835841977,0.7927316799999998,0.03290772162409963,False,coarse
contraction_2D,11.6,0.097370005,0.24216035,2.2536444e-07,-2.5768715e-13,0.0023160161,0.018486746,7.108497e-06,0.0025690780000000024,0.9742935604081938,0.4843207,8.45425036545987,7.358769858520269,0.7108496999999999,0.03290772162409963,False,coarse
contraction_2D,11.6,0.097490827,0.23406747,2.0670474e-07,-1.7302399e-13,0.0021713481,0.017519719,6.3148718e-06,0.002448255999999996,0.9755025168682007,0.46813494,8.056652691253152,7.112843382891119,0.6314871799999999,0.03290772162409963,False,coarse
contraction_2D,11.6,0.097605967,0.22591067,1.8548367e-07,-1.5869406e-13,0.002025537,0.016545062,5.514965e-06,0.002333115999999996,0.9766546186940699,0.45182134,7.677753184473269,6.864974506000339,0.5514965,0.03290772162409963,False,coarse
contraction_2D,11.6,0.097715692,0.21813748,1.652606e-07,-1.4503806e-13,0.0018865834,0.015616243,4.7526773e-06,0.0022233909999999912,0.9777525375132771,0.43627496,7.31667320895282,6.62876277159976,0.47526772999999994,0.03290772162409963,False,coarse
contraction_2D,11.6,0.097820257,0.21072986,1.4598862e-07,-1.320243e-13,0.0017541646,0.014731105,4.0262395e-06,0.002118826000000004,0.9787988248801522,0.42145972,6.972573617790464,6.403659980084254,0.40262395,0.03290772162409963,False,coarse
contraction_2D,11.6,0.097919904,0.20321488,1.2881e-07,-1.8755581e-13,0.0016198269,0.013833131,3.2892855e-06,0.002019178999999996,0.9797959022697857,0.40642976,6.644658044122772,6.175294732382132,0.32892855,0.03290772162409963,False,coarse
contraction_2D,11.6,0.098014865,0.19593649,1.1274357e-07,-2.5788982e-13,0.0014897188,0.012963427,2.5755367e-06,0.0019242179999999914,0.9807460910963133,0.39187298,6.332163028808145,5.954118982716444,0.25755366999999996,0.03290772162409963,False,coarse
contraction_2D,11.6,0.09810536,0.1890004,9.7432732e-08,-3.2491607e-13,0.0013657296,0.012134624,1.8953551e-06,0.0018337229999999954,0.9816515927007256,0.3780008,6.034364601970869,5.743345047066022,0.18953551,0.03290772162409963,False,coarse
contraction_2D,11.6,0.098191599,0.18118539,9.0493999e-08,-2.6213788e-13,0.0012643889,0.01134646,1.7161665e-06,0.0017474839999999936,0.9825145083630595,0.36237078,5.750571701456789,5.5058624863081,0.17161664999999998,0.03290772162409963,False,coarse
contraction_2D,11.6,0.098273782,0.17372624,8.3955668e-08,-2.0108603e-13,0.001167977,0.01059538,1.5499454e-06,0.001665300999999994,0.9833368393023979,0.34745248,5.480126172833453,5.2791938009094315,0.15499454,0.03290772162409963,False,coarse
contraction_2D,11.6,0.0983521,0.1666179,7.772483e-08,-1.4290541e-13,0.0010760993,0.0098796226,1.3915415e-06,0.0015869830000000001,0.9841204966829643,0.3332358,5.2223994786178505,5.0631855314461855,0.13915414999999998,0.03290772162409963,False,coarse
contraction_2D,11.6,0.098426735,0.15945467,7.0054425e-08,-1.1978351e-13,0.0009835116,0.0091583393,1.2319115e-06,0.0015123479999999967,0.9848673016141243,0.31890934,4.9767926982763715,4.845509264403921,0.12319114999999999,0.03290772162409963,False,coarse
contraction_2D,11.6,0.09849786,0.15250883,6.2212817e-08,-1.0767258e-13,0.00089373368,0.0084589463,1.0771252e-06,0.0014412229999999915,0.9855789851503841,0.30501766,4.742736528224945,4.63443904570749,0.10771251999999999,0.03290772162409963,False,coarse
contraction_2D,11.6,0.09856564,0.14588965,5.4739994e-08,-9.6131231e-14,0.00080817797,0.0077924453,9.2961838e-07,0.001373443000000002,0.9862571982974868,0.2917793,4.519687991056832,4.433295372632521,0.09296183799999999,0.03290772162409963,False,coarse
contraction_2D,11.6,0.098630232,0.13958177,4.7618614e-08,-8.5132661e-14,0.00072664589,0.0071572895,7.8904874e-07,0.0013088509999999998,0.9869035120124126,0.27916354,4.307130435542441,4.241611485426531,0.07890487399999999,0.03290772162409963,False,coarse
contraction_2D,11.6,0.098691786,0.13357055,4.0832149e-08,-7.4651347e-14,0.00064894822,0.0065520047,6.5509001e-07,0.0012472969999999944,0.9875194272094733,0.2671411,4.10457024585744,4.058942503700439,0.06550900099999998,0.03290772162409963,False,coarse
contraction_2D,11.6,0.098750446,0.12738686,3.5371749e-08,-1.0250647e-13,0.00056902207,0.0059293539,5.1729141e-07,0.0011886369999999924,0.9881063847664082,0.25477372,3.911533550810465,3.871032502800484,0.05172914099999999,0.03290772162409963,False,coarse
contraction_2D,11.6,0.098806347,0.12147877,3.0201845e-08,-1.3031807e-13,0.00049265792,0.0053344521,3.8563406e-07,0.0011327359999999953,0.9886657355060983,0.24295754,3.727576096159596,3.6914974360010473,0.038563405999999995,0.03290772162409963,False,coarse
contraction_2D,11.6,0.098859619,0.11584852,2.527508e-08,-1.5682171e-13,0.00041988514,0.0047675283,2.6016847e-07,0.0010794640000000022,0.9891987802209472,0.23169704,3.552270081523715,3.520405372432698,0.026016846999999996,0.03290772162409963,False,coarse
contraction_2D,11.6,0.098910385,0.11048306,2.0580017e-08,-1.8207889e-13,0.00035053482,0.0042272665,1.4060345e-07,0.0010286979999999946,0.9897067496606908,0.22096612,3.3852107419267856,3.3573597486338547,0.014060344999999998,0.03290772162409963,False,coarse
contraction_2D,11.6,0.098958764,0.10560912,1.880191e-08,-1.6802657e-13,0.00032046683,0.0039471699,1.1089262e-07,0.0009803189999999934,0.9901908345506834,0.21121824,3.22600647548155,3.209250436914425,0.011089261999999999,0.03290772162409963,False,coarse
contraction_2D,11.6,0.099004868,0.10102466,1.7786675e-08,-1.4503102e-13,0.00030088774,0.0037393889,1.0379962e-07,0.0009342150000000021,0.9906521555736107,0.20204932,3.0742887157058303,3.06993784480101,0.010379962,0.03290772162409963,False,coarse
contraction_2D,11.6,0.099048804,0.096655803,1.6819185e-08,-1.2311695e-13,0.00028222943,0.0035413798,9.7040206e-08,0.0008902789999999938,0.9910917833816827,0.193311606,2.9297053499781587,2.9371769976689945,0.009704020599999998,0.03290772162409963,False,coarse
contraction_2D,11.6,0.099090673,0.092492411,1.5897196e-08,-1.0223348e-13,0.00026444862,0.0033526829,9.059868e-08,0.0008484099999999939,0.9915107285905356,0.184984822,2.791924010310216,2.8106598219265395,0.009059867999999999,0.03290772162409963,False,coarse
contraction_2D,11.6,0.099130573,0.08852482,1.5018568e-08,-8.2332144e-14,0.00024750403,0.0031728604,8.4460095e-08,0.0008085099999999984,0.9919099717975199,0.17704964,2.6606222010300735,2.690092647896042,0.008446009499999999,0.03290772162409963,False,coarse
contraction_2D,11.6,0.099168597,0.084577547,1.3825318e-08,-7.0275915e-14,0.00023064611,0.0029939585,7.8352866e-08,0.0007704860000000008,0.9922904435695092,0.169155094,2.5354938803266047,2.5701428973454217,0.0078352866,0.03290772162409963,False,coarse
contraction_2D,11.6,0.099204832,0.080699816,1.2439659e-08,-6.3610815e-14,0.00021408511,0.0028182083,7.2353177e-08,0.0007342509999999913,0.9926530144368045,0.161399632,2.416252751021649,2.4523063894189603,0.0072353177000000005,0.03290772162409963,False,coarse
contraction_2D,11.6,0.099239364,0.077004452,1.1119167e-08,-5.725917e-14,0.00019830297,0.0026507236,6.663565e-08,0.0006997190000000014,0.9929985449236111,0.154008904,2.302615806709341,2.3400116507490627,0.006663565,0.03290772162409963,False,coarse
contraction_2D,11.6,0.099272271,0.073482879,9.8607765e-09,-5.120624e-14,0.00018326305,0.0024911155,6.1187015e-08,0.0006668120000000027,0.9933278155053714,0.146965758,2.194326367160921,2.2329980738072606,0.0061187015,0.03290772162409963,False,coarse
contraction_2D,11.6,0.099303631,0.070126923,8.6615675e-09,-4.5437975e-14,0.00016893045,0.0023390138,5.5994626e-08,0.0006354519999999947,0.9936416066575277,0.140253846,2.091127752147718,2.131017267042981,0.0055994626,0.03290772162409963,False,coarse
contraction_2D,11.6,0.099333516,0.066928796,7.5187566e-09,-3.9940989e-14,0.00015527191,0.0021940653,5.1046432e-08,0.0006055670000000013,0.9939406388189493,0.133857592,1.992783026074118,2.0338325686754746,0.005104643199999999,0.03290772162409963,False,coarse
contraction_2D,11.6,0.099361995,0.063881075,6.4296915e-09,-3.4702522e-14,0.00014225572,0.0020559336,4.6330949e-08,0.0005770880000000034,0.9942256024102202,0.12776215,1.8990651256608515,1.941218408545712,0.0046330949,0.03290772162409963,False,coarse
contraction_2D,11.6,0.099389135,0.060976686,5.3918444e-09,-2.9710417e-14,0.00012985167,0.0019242982,4.1837232e-08,0.0005499479999999946,0.994497167839733,0.121953372,1.809753569173016,1.8529598219083134,0.0041837231999999995,0.03290772162409963,False,coarse
contraction_2D,11.6,0.099414999,0.058208889,4.4028067e-09,-2.4953089e-14,0.00011803098,0.0017988535,3.7554852e-08,0.0005240839999999941,0.9947559654914985,0.116417778,1.7246410379644432,1.7688519936114728,0.0037554852,0.03290772162409963,False,coarse
contraction_2D,11.6,0.099439646,0.055430009,3.6620354e-09,-2.6328352e-14,0.00010616303,0.0016729066,3.3255386e-08,0.0004994369999999915,0.9950025857251463,0.110860018,1.6435333764775162,1.6844073750583333,0.0033255385999999996,0.03290772162409963,False,coarse
contraction_2D,11.6,0.099463135,0.052709028,3.0600684e-09,-3.0683868e-14,9.4542397e-05,0.001549584,2.9045534e-08,0.0004759480000000038,0.9952376189003055,0.105418056,1.5662364291547095,1.6017221915904105,0.0029045534,0.03290772162409963,False,coarse
contraction_2D,11.6,0.099485518,0.050116013,2.4864117e-09,-3.4834548e-14,8.3468276e-05,0.0014320611,2.5033668e-08,0.000453565000000003,0.9954615853339378,0.100232026,1.4925790758434845,1.5229256395343413,0.0025033667999999998,0.03290772162409963,False,coarse
contraction_2D,11.6,0.099506849,0.047644946,1.9397336e-09,-3.8790023e-14,7.2914965e-05,0.0013200653,2.1210478e-08,0.00043223400000000356,0.9956750253551956,0.095289892,1.4223836148471194,1.4478348438777275,0.0021210478,0.03290772162409963,False,coarse
contraction_2D,11.6,0.099527177,0.045290092,1.4187656e-09,-4.2559474e-14,6.285797e-05,0.0012133366,1.756709e-08,0.00041190600000000355,0.9958784292627539,0.090580184,1.3554887983296497,1.376275529413506,0.001756709,0.03290772162409963,False,coarse
contraction_2D,11.6,0.099546548,0.043045985,9.222983e-10,-4.6151651e-14,5.3273949e-05,0.0011116272,1.4095049e-08,0.0003925349999999994,0.996072257337002,0.08609197,1.2917432507715927,1.3080815953078844,0.0014095048999999999,0.03290772162409963,False,coarse
contraction_2D,11.6,0.099565009,0.040907418,4.491796e-10,-4.9574889e-14,4.414066e-05,0.0010147012,1.0786296e-08,0.000374074000000002,0.996256979864424,0.081814836,1.230992305881351,1.2430948112202906,0.0010786296,0.03290772162409963,False,coarse
contraction_2D,11.6,0.099582602,0.038869426,-1.6886076e-12,-5.2837135e-14,3.5436903e-05,0.00092233361,7.6331511e-09,0.00035648099999999183,0.9964330171010275,0.077738852,1.173097751228039,1.181164300707296,0.0007633151099999999,0.03290772162409963,False,coarse
contraction_2D,11.6,0.099599367,0.036927279,-4.3135275e-10,-5.5945959e-14,2.7142479e-05,0.00083430997,4.6282971e-09,0.0003397160000000038,0.9966007692906287,0.073854558,1.1179279559252753,1.1221463285065805,0.0004628297099999999,0.03290772162409963,False,coarse
contraction_2D,11.6,0.099615343,0.035076471,-8.4081004e-10,-5.8908577e-14,1.9238137e-05,0.00075042604,1.7647596e-09,0.0003237400000000029,0.9967606266709491,0.070152942,1.0653545798586108,1.0659039662688805,0.00017647596,0.03290772162409963,False,coarse
contraction_2D,11.6,0.099630569,0.034118264,-8.7738852e-10,-5.6971574e-14,1.7697235e-05,0.00072339838,1.3082035e-09,0.00030851399999999585,0.9969129794797097,0.068236528,1.0152492829137336,1.036785967431238,0.00013082034999999998,0.03290772162409963,True,coarse
contraction_2D,11.6,0.099645078,0.033348906,-8.4912865e-10,-5.4276002e-14,1.7298261e-05,0.00070708596,1.278704e-09,0.00029400499999999996,0.997058157918059,0.066697812,0.967503469609341,1.0134067128967468,0.00012787039999999998,0.03290772162409963,True,coarse
contraction_2D,11.6,0.099658905,0.03261573,-8.2219782e-10,-5.1707202e-14,1.691805e-05,0.00069154071,1.2505919e-09,0.00028017799999999204,0.9971965121993366,0.06523146,0.9220019629196723,0.9911269571489937,0.00012505918999999998,0.03290772162409963,True,coarse
contraction_2D,11.6,0.099672081,0.031917035,-7.9653353e-10,-4.925921e-14,1.6555721e-05,0.00067672654,1.2238019e-09,0.0002670020000000023,0.9973283525125001,0.06383407,0.8786427489077924,0.9698950101919512,0.00012238019,0.03290772162409963,True,coarse
contraction_2D,11.6,0.099684638,0.0312512,-7.7207622e-10,-4.6926346e-14,1.6210431e-05,0.00066260907,1.1982719e-09,0.00025444499999999204,0.9974539990526029,0.0625024,0.8373205228643766,0.9496616130699704,0.00011982718999999999,0.03290772162409963,True,coarse
contraction_2D,11.6,0.099696605,0.030616678,-7.4876912e-10,-4.4703196e-14,1.5881381e-05,0.00064915553,1.1739424e-09,0.0002424780000000043,0.9975737419964119,0.061233356,0.7979398523968569,0.9303797555397514,0.00011739423999999998,0.03290772162409963,True,coarse
contraction_2D,11.6,0.099708008,0.030011997,-7.2655815e-10,-4.2584599e-14,1.5567805e-05,0.00063633471,1.1507572e-09,0.00023107499999999725,0.9976878415024081,0.060023994,0.7604151774288731,0.9120047064583476,0.00011507571999999999,0.03290772162409963,True,coarse
contraction_2D,11.6,0.099718875,0.029435755,-7.0539174e-10,-4.0565638e-14,1.5268977e-05,0.00062411685,1.1286624e-09,0.00022020799999999952,0.9977965777412626,0.05887151,0.7246543563399714,0.8944938618431436,0.00011286623999999999,0.03290772162409963,True,coarse
contraction_2D,11.6,0.099729232,0.028886612,-6.8522077e-10,-3.8641627e-14,1.4984202e-05,0.00061247358,1.1076067e-09,0.000209850999999997,0.9979002108714566,0.057773224,0.6905718290538831,0.8778065017678158,0.00011076067,0.03290772162409963,True,coarse
contraction_2D,11.6,0.099739101,0.028363296,-6.6599843e-10,-3.6808102e-14,1.471282e-05,0.00060137789,1.0875412e-09,0.00019998200000000133,0.9979989610270888,0.056726592,0.6580951985830734,0.861903972690362,0.00010875411999999998,0.03290772162409963,True,coarse
contraction_2D,11.6,0.099748506,0.02786459,-6.4768011e-10,-3.5060807e-14,1.4454201e-05,0.00059080402,1.0684194e-09,0.00019057699999999733,0.9980930683544496,0.05572918,0.6271454863955946,0.8467492924090393,0.00010684193999999999,0.03290772162409963,True,coarse
contraction_2D,11.6,0.099757469,0.027389339,-6.3022329e-10,-3.3395685e-14,1.4207745e-05,0.00058072744,1.0501968e-09,0.0001816139999999966,0.9981827529876375,0.054778678,0.5976502955039117,0.8323073627783973,0.00010501967999999999,0.03290772162409963,True,coarse
contraction_2D,11.6,0.09976601,0.026936438,-6.1358745e-10,-3.1808874e-14,1.397288e-05,0.00057112475,1.0328313e-09,0.0001730729999999958,0.9982682150485612,0.053872876,0.5695438104647657,0.8185446050532219,0.00010328312999999999,0.03290772162409963,True,coarse
contraction_2D,11.6,0.099774149,0.026504837,-5.9773398e-10,-3.0296689e-14,1.374906e-05,0.00056197367,1.0162825e-09,0.0001649339999999916,0.9983496546591288,0.053009674,0.542760215834897,0.8054291118285581,0.00010162824999999999,0.03290772162409963,True,coarse
contraction_2D,11.6,0.099781906,0.026093534,-5.826261e-10,-2.8855621e-14,1.3535766e-05,0.00055325296,1.0005119e-09,0.00015717699999999446,0.9984272719412485,0.052187068,0.5172336961710925,0.7929304343236778,0.00010005119,0.03290772162409963,True,coarse
contraction_2D,11.6,0.099789298,0.025701574,-5.6822873e-10,-2.7482326e-14,1.3332503e-05,0.00054494238,9.8548301e-10,0.0001497849999999995,0.9985012369985424,0.051403148,0.49290830834657456,0.7810195519940742,9.854830099999998e-05,0.03290772162409963,True,coarse
contraction_2D,11.6,0.099796342,0.025328048,-5.5450846e-10,-2.6173616e-14,1.31388e-05,0.00053702264,9.7116093e-10,0.00014274100000000178,0.9985717199346326,0.050656096,0.4697281092345663,0.7696688421434581,9.711609299999999e-05,0.03290772162409963,True,coarse
contraction_2D,11.6,0.099803055,0.024972088,-5.4143344e-10,-2.4926454e-14,1.2954206e-05,0.00052947536,9.5751241e-10,0.00013602799999999637,0.9986388908531411,0.049944176,0.4476371557082905,0.7588519279837335,9.575124099999998e-05,0.03290772162409963,True,coarse
contraction_2D,11.6,0.099809453,0.024632869,-5.2897334e-10,-2.3737946e-14,1.2778294e-05,0.00052228303,9.4450576e-10,0.0001296299999999917,0.9987029098515944,0.049265738,0.4265827954131761,0.7485437394110073,9.4450576e-05,0.03290772162409963,True,coarse
contraction_2D,11.6,0.099815549,0.0240816,-5.2085396e-10,-2.2616805e-14,1.2492414e-05,0.00051059462,9.2336816e-10,0.0001235339999999946,0.9987639070092329,0.0481632,0.4065222483111345,0.7317917744376473,9.233681599999998e-05,0.03290772162409963,True,coarse
contraction_2D,11.6,0.099821359,0.023452457,-5.1482578e-10,-2.1553613e-14,1.2166149e-05,0.00049725508,8.9924455e-10,0.0001177239999999996,0.9988220424235832,0.046904914,0.38740286204754915,0.7126733739848108,8.992445499999999e-05,0.03290772162409963,True,coarse
contraction_2D,11.6,0.099826895,0.022852902,-5.090811e-10,-2.0540423e-14,1.1855228e-05,0.00048454289,8.7625546e-10,0.00011218799999999918,0.9988774361677903,0.045705804,0.36918514735644614,0.6944540938155961,8.762554599999999e-05,0.03290772162409963,True,coarse
contraction_2D,11.6,0.099832171,0.022281544,-5.0360659e-10,-1.9574883e-14,1.155893e-05,0.00047242855,8.5434753e-10,0.00010691200000000067,0.99893022832719,0.044563088,0.35182303342757615,0.6770916642154389,8.5434753e-05,0.03290772162409963,True,coarse
contraction_2D,11.6,0.099837199,0.021737057,-4.9838954e-10,-1.8654751e-14,1.1276566e-05,0.00046088394,8.3346992e-10,0.00010188399999999653,0.9989805389749274,0.043474114,0.3352770309949652,0.6605457906900821,8.334699199999999e-05,0.03290772162409963,True,coarse
contraction_2D,11.6,0.099841991,0.021218177,-4.9341785e-10,-1.7777893e-14,1.1007482e-05,0.00044988226,8.1357417e-10,9.709199999999307e-05,0.9990284881841472,0.042436354,0.3195076507926853,0.6447780628015611,8.135741699999999e-05,0.03290772162409963,True,coarse
contraction_2D,11.6,0.099846557,0.020723699,-4.8867997e-10,-1.6942273e-14,1.0751052e-05,0.00043939799,7.9461411e-10,9.252599999999556e-05,0.9990741760158036,0.041447398,0.3044819850991296,0.6297518630041897,7.9461411e-05,0.03290772162409963,True,coarse
contraction_2D,11.6,0.099850908,0.020252476,-4.8416491e-10,-1.6145952e-14,1.0506683e-05,0.00042940679,7.7654573e-10,8.81749999999959e-05,0.9991177125369461,0.040504952,0.29016383542048496,0.6154323362565554,7.765457299999999e-05,0.03290772162409963,True,coarse
contraction_2D,11.6,0.099855055,0.019803415,-4.7986219e-10,-1.5387081e-14,1.0273806e-05,0.00041988546,7.5932709e-10,8.402799999999988e-05,0.9991592078146244,0.03960683,0.27651700326298395,0.6017862684695003,7.593270899999999e-05,0.03290772162409963,True,coarse
contraction_2D,11.6,0.099859007,0.019375473,-4.7576183e-10,-1.4663899e-14,1.0051881e-05,0.00041081192,7.4291823e-10,8.007599999999837e-05,0.9991987519036972,0.038750946,0.2635118716771348,0.5887819649541028,7.4291823e-05,0.03290772162409963,True,coarse
contraction_2D,11.6,0.099862773,0.018967656,-4.718543e-10,-1.3974728e-14,9.8403926e-06,0.0004021651,7.2728108e-10,7.63099999999961e-05,0.9992364348590231,0.037935312,0.2511188237134914,0.5763892200336724,7.2728108e-05,0.03290772162409963,True,coarse
contraction_2D,11.6,0.099866362,0.018579019,-4.6813055e-10,-1.3317969e-14,9.6388508e-06,0.00039392494,7.1237933e-10,7.272099999999782e-05,0.9992723467354608,0.037158038,0.2393082424226077,0.5645793170437496,7.1237933e-05,0.03290772162409963,True,coarse
contraction_2D,11.6,0.099869782,0.01820866,-4.6458192e-10,-1.2692096e-14,9.4467873e-06,0.00038607231,6.981784e-10,6.930099999999384e-05,0.9993065675817738,0.03641732,0.22805380162715255,0.5533248460040783,6.981783999999999e-05,0.03290772162409963,True,coarse
contraction_2D,11.6,0.099873041,0.017855718,-4.6120017e-10,-1.2095658e-14,9.2637565e-06,0.00037858898,6.8464533e-10,6.604200000000227e-05,0.9993391774467252,0.035711436,0.21732917514988617,0.5425996428425951,6.8464533e-05,0.03290772162409963,True,coarse
contraction_2D,11.6,0.099876147,0.017519375,-4.5797748e-10,-1.152727e-14,9.0893335e-06,0.00037145759,6.7174872e-10,6.293599999999955e-05,0.9993702563790785,0.03503875,0.20710803681343193,0.5323788501714403,6.717487199999999e-05,0.03290772162409963,True,coarse
contraction_2D,11.6,0.099879107,0.017198849,-4.5490634e-10,-1.0985613e-14,8.9231135e-06,0.00036466158,6.5945862e-10,5.997600000000325e-05,0.9993998744215014,0.034397698,0.1973673512127106,0.5226387045709235,6.594586199999999e-05,0.03290772162409963,True,coarse
contraction_2D,11.6,0.099881927,0.016893398,-4.5197963e-10,-1.046943e-14,8.7647108e-06,0.00035818519,6.4774652e-10,5.715600000000265e-05,0.9994280916105663,0.033786796,0.1880873737147125,0.5133566581415437,6.4774652e-05,0.03290772162409963,True,coarse
contraction_2D,11.6,0.099884615,0.016602312,-4.4919057e-10,-9.9775223e-15,8.6137576e-06,0.00035201337,6.3658523e-10,5.446800000000196e-05,0.999454987995037,0.033204624,0.17924177814215228,0.5045111353999504,6.3658523e-05,0.03290772162409963,True,coarse
contraction_2D,11.6,0.099887177,0.016324916,-4.4653268e-10,-9.508749e-15,8.4699037e-06,0.00034613182,6.2594886e-10,5.190600000000434e-05,0.9994806236114854,0.032649832,0.17081081986206578,0.496081624442958,6.259488599999999e-05,0.03290772162409963,True,coarse
contraction_2D,11.6,0.099889618,0.016060566,-4.4399978e-10,-9.0620219e-15,8.3328151e-06,0.00034052687,6.158127e-10,4.946499999999854e-05,0.9995050484903889,0.032121132,0.162778045013604,0.4880485553955279,6.158127e-05,0.03290772162409963,True,coarse
contraction_2D,11.6,0.099891944,0.015808647,-4.41586e-10,-8.636304e-15,8.2021738e-06,0.00033518551,6.0615324e-10,4.7139000000001596e-05,0.9995283226683198,0.031617294,0.15512370896384847,0.48039323963475794,6.0615323999999994e-05,0.03290772162409963,True,coarse
contraction_2D,11.6,0.099894161,0.015568577,-4.3928575e-10,-8.2306074e-15,8.0776764e-06,0.00033009536,5.9694806e-10,4.492200000000279e-05,0.9995505061818508,0.031137154,0.14782806707978952,0.4730979913419018,5.9694806e-05,0.03290772162409963,True,coarse
contraction_2D,11.6,0.099896274,0.015339796,-4.3709367e-10,-7.8439905e-15,7.959034e-06,0.0003252446,5.881758e-10,4.280900000000476e-05,0.9995716490614587,0.030679592,0.14087466550062375,0.46614579323431676,5.8817579999999996e-05,0.03290772162409963,True,coarse
contraction_2D,11.6,0.099898287,0.015121775,-4.3500469e-10,-7.4755559e-15,7.8459714e-06,0.00032062196,5.7981609e-10,4.0795999999995725e-05,0.9995917913315254,0.03024355,0.13425034113766277,0.4595205700575067,5.7981609e-05,0.03290772162409963,True,coarse
contraction_2D,11.6,0.099900206,0.014914008,-4.3301394e-10,-7.1244486e-15,7.738226e-06,0.00031621672,5.7184953e-10,3.887699999999272e-05,0.9996109930286233,0.029828016,0.12793534935798814,0.4532069454810837,5.7184953e-05,0.03290772162409963,True,coarse
contraction_2D,11.6,0.099902034,0.014716012,-4.3111683e-10,-6.7898536e-15,7.6355478e-06,0.00031201866,5.6425763e-10,3.7048999999997334e-05,0.9996292841710385,0.029432024,0.12191981784511793,0.4471902420987688,5.642576299999999e-05,0.03290772162409963,True,coarse
contraction_2D,11.6,0.099903776,0.014527327,-4.2930893e-10,-6.4709945e-15,7.5376985e-06,0.00030801803,5.5702278e-10,3.530699999999831e-05,0.9996467147892482,0.029054654,0.116187292738203,0.44145648142839106,5.5702278e-05,0.03290772162409963,True,coarse
contraction_2D,11.6,0.099905437,0.014347516,-4.2758606e-10,-6.1671311e-15,7.444451e-06,0.00030420555,5.5012818e-10,3.364599999999829e-05,0.9996633349137294,0.028695032,0.11072132017643996,0.4359923839118885,5.5012818e-05,0.03290772162409963,True,coarse
contraction_2D,11.6,0.099907019,0.014176161,-4.2594421e-10,-5.8775583e-15,7.3555889e-06,0.00030057237,5.4355782e-10,3.2063999999998316e-05,0.999679164556673,0.028352322,0.1055153186155075,0.4307852473632886,5.4355782e-05,0.03290772162409963,True,coarse
contraction_2D,11.6,0.099908527,0.014012865,-4.2437958e-10,-5.6016039e-15,7.2709059e-06,0.00029711005,5.3729647e-10,3.055600000000103e-05,0.999694253748556,0.02802573,0.10055283419460219,0.425823007744718,5.3729646999999997e-05,0.03290772162409963,True,coarse
contraction_2D,11.6,0.099909964,0.013857249,-4.2288853e-10,-5.3386274e-15,7.1902055e-06,0.00029381056,5.3132958e-10,2.9118999999994122e-05,0.9997086325076647,0.027714498,0.09582399459719636,0.42109414800238826,5.313295799999999e-05,0.03290772162409963,True,coarse
contraction_2D,11.6,0.099911334,0.013708952,-4.214676e-10,-5.0880186e-15,7.1133004e-06,0.00029066625,5.2564332e-10,2.7748999999993584e-05,0.9997223408583807,0.027417904,0.09131563673469294,0.4165876980665958,5.256433199999999e-05,0.03290772162409963,True,coarse
contraction_2D,11.6,0.099912639,0.013567628,-4.201135e-10,-4.8491957e-15,7.040012e-06,0.00028766981,5.2022447e-10,2.6444000000000467e-05,0.9997353988128949,0.027135256,0.08702117906277058,0.4122931436877079,5.2022447e-05,0.03290772162409963,True,coarse
contraction_2D,11.6,0.099913882,0.013432952,-4.1882308e-10,-4.6216046e-15,6.9701704e-06,0.0002848143,5.1506047e-10,2.520100000000247e-05,0.9997478363894934,0.026865904,0.0829307492649016,0.408200608764191,5.150604699999999e-05,0.03290772162409963,True,coarse
contraction_2D,11.6,0.099915067,0.013304608,-4.1759335e-10,-4.404717e-15,6.9036135e-06,0.00028209307,5.1013933e-10,2.4016000000001703e-05,0.9997596936125579,0.026609216,0.07903118425244327,0.40430049068655394,5.101393299999999e-05,0.03290772162409963,True,coarse
contraction_2D,11.6,0.099916197,0.013182301,-4.1642146e-10,-4.1980294e-15,6.8401866e-06,0.00027949983,5.0544963e-10,2.288599999999974e-05,0.9997710005003748,0.026364602,0.07531261170891354,0.40058382499340456,5.054496299999999e-05,0.03290772162409963,True,coarse
contraction_2D,11.6,0.099917273,0.013065746,-4.1530467e-10,-4.0010622e-15,6.7797427e-06,0.00027702854,5.0098048e-10,2.180999999999711e-05,0.9997817670590394,0.026131492,0.07177174086215177,0.39704195110339807,5.0098048e-05,0.03290772162409963,True,coarse
contraction_2D,11.6,0.099918299,0.012954672,-4.1424041e-10,-3.8133583e-15,6.7221414e-06,0.00027467348,4.9672152e-10,2.0783999999995917e-05,0.9997920333129333,0.025909344,0.06839540862351522,0.3936666338672557,4.967215199999999e-05,0.03290772162409963,True,coarse
contraction_2D,11.6,0.099919276,0.012848822,-4.132262e-10,-3.634482e-15,6.667249e-06,0.00027242917,4.9266285e-10,1.980699999999669e-05,0.9998018092681519,0.025697644,0.06518032422084323,0.39045006356776457,4.9266285e-05,0.03290772162409963,True,coarse
contraction_2D,11.6,0.099920208,0.01274795,-4.1225969e-10,-3.4640181e-15,6.6149383e-06,0.00027029041,4.8879505e-10,1.887500000000153e-05,0.9998111349490769,0.0254959,0.06211332456549308,0.3873847647557639,4.887950499999999e-05,0.03290772162409963,True,coarse
contraction_2D,11.6,0.099921095,0.012651823,-4.1133863e-10,-3.3015711e-15,6.5650876e-06,0.00026825224,4.8510916e-10,1.7987999999996562e-05,0.9998200103557084,0.025303646,0.059194409657419095,0.38446365702615426,4.8510915999999994e-05,0.03290772162409963,True,coarse
contraction_2D,11.6,0.099921941,0.012560215,-4.1046089e-10,-3.1467638e-15,6.5175814e-06,0.00026630992,4.8159661e-10,1.714199999999777e-05,0.9998284755124279,0.02512043,0.05641041640802424,0.38167987268986914,4.815966099999999e-05,0.03290772162409963,True,coarse
contraction_2D,11.6,0.099922748,0.012472917,-4.0962443e-10,-2.999237e-15,6.4723094e-06,0.00026445894,4.7824926e-10,1.6334999999992328e-05,0.9998365504314264,0.024945834,0.053754763272941486,0.37902706065392233,4.7824925999999994e-05,0.03290772162409963,True,coarse
contraction_2D,11.6,0.099923516,0.012389723,-4.0882731e-10,-2.8586484e-15,6.4291666e-06,0.00026269502,4.7505933e-10,1.5566999999994113e-05,0.9998442351127037,0.024779446,0.05122745025221652,0.37649896098934166,4.7505933e-05,0.03290772162409963,True,coarse
contraction_2D,11.6,0.099924248,0.012310443,-4.0806767e-10,-2.7246715e-15,6.3880527e-06,0.00026101405,4.7201942e-10,1.4835000000004706e-05,0.999851559574546,0.024620886,0.04881860502936728,0.3740897999752306,4.7201941999999994e-05,0.03290772162409963,True,coarse
contraction_2D,11.6,0.099924946,0.01223489,-4.0734376e-10,-2.5969955e-15,6.3488723e-06,0.00025941214,4.6912247e-10,1.4136999999997402e-05,0.9998585438291444,0.02446978,0.04652164605998109,0.3717938950547067,4.6912246999999996e-05,0.03290772162409963,True,coarse
contraction_2D,11.6,0.09992561,0.012162891,-4.066539e-10,-2.475324e-15,6.3115346e-06,0.00025788556,4.6636177e-10,1.3472999999999957e-05,0.9998651878764987,0.024325782,0.04433657334414928,0.36960598910295367,4.663617699999999e-05,0.03290772162409963,True,coarse
contraction_2D,11.6,0.099926244,0.012094278,-4.0599648e-10,-2.3593747e-15,6.2759529e-06,0.00025643078,4.637309e-10,1.28390000000006e-05,0.9998715317409906,0.024188556,0.04225022379318348,0.3675209769351787,4.637309e-05,0.03290772162409963,True,coarse
contraction_2D,11.6,0.099926848,0.012028892,-4.0536998e-10,-2.2488783e-15,6.2420445e-06,0.00025504442,4.6122376e-10,1.223499999999933e-05,0.9998775754226202,0.024057784,0.04026259740708368,0.36553402685863146,4.612237599999999e-05,0.03290772162409963,True,coarse
contraction_2D,11.6,0.099927423,0.011966581,-4.0477294e-10,-2.1435786e-15,6.2097309e-06,0.00025372326,4.5883453e-10,1.1659999999996673e-05,0.9998833289274828,0.023933162,0.03837040341368921,0.36364051989659474,4.5883453e-05,0.03290772162409963,True,coarse
contraction_2D,11.6,0.099927972,0.011907201,-4.0420398e-10,-2.043231e-15,6.1789369e-06,0.00025246423,4.5655766e-10,1.1110999999994209e-05,0.9998888222738647,0.023814402,0.03656376949651803,0.3618360801763889,4.5655766e-05,0.03290772162409963,True,coarse
contraction_2D,11.6,0.099928494,0.011850613,-4.0366178e-10,-1.9476028e-15,6.1495912e-06,0.00025126441,4.5438788e-10,1.058899999999141e-05,0.9998940454556703,0.023701226,0.034845986427730825,0.36011648376535815,4.5438787999999997e-05,0.03290772162409963,True,coarse
contraction_2D,11.6,0.099928992,0.011796686,-4.0314507e-10,-1.8564718e-15,6.1216255e-06,0.00025012101,4.5232013e-10,1.0091000000003736e-05,0.999899028491186,0.023593372,0.033207181890891224,0.35847774983488434,4.5232013e-05,0.03290772162409963,True,coarse
contraction_2D,11.6,0.099929467,0.011745295,-4.0265267e-10,-1.7696267e-15,6.0949751e-06,0.00024903139,4.5034963e-10,9.616000000003955e-06,0.9999037813865072,0.02349059,0.03164406511374721,0.3569160798843775,4.5034963e-05,0.03290772162409963,True,coarse
contraction_2D,11.6,0.099929919,0.011696322,-4.0218343e-10,-1.6868659e-15,6.069578e-06,0.00024799302,4.4847181e-10,9.163999999992067e-06,0.999908304141634,0.023392644,0.030156636096298792,0.3554278881292809,4.4847180999999994e-05,0.03290772162409963,True,coarse
contraction_2D,11.6,0.09993035,0.011649651,-4.0173625e-10,-1.6079973e-15,6.0453754e-06,0.00024700348,4.4668229e-10,8.732999999996882e-06,0.9999126167687571,0.023299302,0.02873831329431594,0.3540096495610471,4.4668229e-05,0.03290772162409963,True,coarse
contraction_2D,11.6,0.099930761,0.011605176,-4.013101e-10,-1.5328378e-15,6.0223109e-06,0.00024606048,4.4497694e-10,8.32199999999117e-06,0.9999167292739719,0.023210352,0.02738580593554665,0.3526581430511759,4.4497693999999996e-05,0.03290772162409963,True,coarse
contraction_2D,11.6,0.099931152,0.011562792,-4.00904e-10,-1.461213e-15,6.0003312e-06,0.00024516182,4.4335178e-10,7.931000000002686e-06,0.9999206416572783,0.023125584,0.02609911402008225,0.3513701778591718,4.4335177999999995e-05,0.03290772162409963,True,coarse
contraction_2D,11.6,0.099931525,0.011522401,-4.0051699e-10,-1.3929567e-15,5.9793852e-06,0.00024430543,4.4180306e-10,7.558000000004728e-06,0.9999243739308674,0.023044802,0.024871656003510052,0.3501427759605724,4.4180306e-05,0.03290772162409963,True,coarse
contraction_2D,11.6,0.09993188,0.01148391,-4.0014819e-10,-1.3279104e-15,5.9594242e-06,0.00024348931,4.4032718e-10,7.202999999997295e-06,0.9999279260947391,0.02296782,0.02370343188583006,0.3489731112709389,4.4032718e-05,0.03290772162409963,True,coarse
contraction_2D,11.6,0.099932219,0.011447229,-3.9979673e-10,-1.2659233e-15,5.940402e-06,0.00024271158,4.389207e-10,6.863999999995318e-06,0.9999313181610843,0.022894458,0.022587860122766576,0.3478584488698464,4.389207e-05,0.03290772162409963,True,coarse
contraction_2D,11.6,0.099932542,0.011412273,-3.9946179e-10,-1.2068513e-15,5.9222745e-06,0.00024197042,4.3758037e-10,6.540999999998798e-06,0.9999345501299026,0.022824546,0.02152494071431961,0.3467962057768941,4.3758037e-05,0.03290772162409963,True,coarse
contraction_2D,11.6,0.099932849,0.011378962,-3.9914261e-10,-1.1505575e-15,5.9049994e-06,0.00024126412,4.3630307e-10,6.2339999999938556e-06,0.9999376220011945,0.022757924,0.020514673660443485,0.34578395095170417,4.3630307e-05,0.03290772162409963,True,coarse
contraction_2D,11.6,0.099933143,0.011347216,-3.9883845e-10,-1.0969111e-15,5.8885368e-06,0.00024059104,4.3508584e-10,5.9399999999959485e-06,0.9999405637932459,0.022694432,0.019547186644701845,0.3448192533538993,4.3508584e-05,0.03290772162409963,True,coarse
contraction_2D,11.6,0.099933422,0.011316964,-3.9854858e-10,-1.0457877e-15,5.8728484e-06,0.00023994961,4.3392586e-10,5.661000000004024e-06,0.9999433554938661,0.022633928,0.01862906121141604,0.34389995543514446,4.3392586e-05,0.03290772162409963,True,coarse
contraction_2D,11.6,0.099933688,0.011288135,-3.9827235e-10,-9.970686200000001e-16,5.8578978e-06,0.00023933834,4.3282044e-10,5.394999999991379e-06,0.9999460171152462,0.02257627,0.01775371581617338,0.34302389964710445,4.3282044e-05,0.03290772162409963,True,coarse
contraction_2D,11.6,0.099933942,0.011260661,-3.9800911e-10,-9.5064076e-16,5.8436503e-06,0.00023875583,4.31767e-10,5.141000000000173e-06,0.999948558663481,0.022521322,0.016917859686950185,0.34218901960545856,4.3176699999999996e-05,0.03290772162409963,True,coarse
contraction_2D,11.6,0.099934184,0.011234479,-3.9775825e-10,-9.063963500000002e-16,5.8300729e-06,0.00023820071,4.307631e-10,4.899000000002651e-06,0.999950980138571,0.022468958,0.01612149282365513,0.3413934008659094,4.3076309999999993e-05,0.03290772162409963,True,coarse
contraction_2D,11.6,0.099934414,0.011209529,-3.9751918e-10,-8.6423275e-16,5.817134e-06,0.00023767169,4.2980642e-10,4.668999999998813e-06,0.9999532815405161,0.022419058,0.015364615226288209,0.3406352201481739,4.2980641999999995e-05,0.03290772162409963,True,coarse
contraction_2D,11.6,0.099934634,0.011185752,-3.9729136e-10,-8.240520800000001e-16,5.8048037e-06,0.00023716756,4.2889472e-10,4.449000000003589e-06,0.9999554828815069,0.022371504,0.014640645350573734,0.33991268455997364,4.288947199999999e-05,0.03290772162409963,True,coarse
contraction_2D,11.6,0.099934843,0.011163094,-3.9707426e-10,-7.857610600000001e-16,5.7930532e-06,0.00023668713,4.2802591e-10,4.240000000002575e-06,0.9999575741554483,0.022326188,0.013952873968626715,0.33922415314905374,4.2802591e-05,0.03290772162409963,True,coarse
contraction_2D,11.6,0.099935042,0.011141501,-3.9686736e-10,-7.492708600000001e-16,5.7818553e-06,0.0002362293,4.2719795e-10,4.0409999999962976e-06,0.9999595653684356,0.022283002,0.013298010308286473,0.33856798496315943,4.2719795e-05,0.03290772162409963,True,coarse
contraction_2D,11.6,0.099935232,0.011120923,-3.966702e-10,-7.144967600000001e-16,5.7711841e-06,0.000235793,4.2640893e-10,3.850999999999161e-06,0.999961466526564,0.022241846,0.012672763597438002,0.3379426606020548,4.2640893e-05,0.03290772162409963,True,coarse
contraction_2D,11.6,0.099935413,0.011101313,-3.964823e-10,-6.8135809e-16,5.7610147e-06,0.00023537722,4.2565702e-10,3.6699999999972865e-06,0.9999632776298338,0.022202626,0.012077133836035633,0.337346751829518,4.2565702e-05,0.03290772162409963,True,coarse
contraction_2D,11.6,0.099935586,0.011082626,-3.9630325e-10,-6.497778900000001e-16,5.7513236e-06,0.00023498099,4.2494048e-10,3.4969999999912016e-06,0.9999650086843404,0.022165252,0.011507830251918686,0.3367788911853367,4.2494047999999995e-05,0.03290772162409963,True,coarse
contraction_2D,11.6,0.09993575,0.011064817,-3.9613261e-10,-6.196829e-16,5.7420882e-06,0.0002346034,4.2425763e-10,3.3329999999942572e-06,0.9999666496839881,0.022129634,0.010968143617293506,0.3362377112092986,4.2425762999999995e-05,0.03290772162409963,True,coarse
contraction_2D,11.6,0.099935907,0.011047846,-3.9597e-10,-5.9100325e-16,5.7332872e-06,0.00023424356,4.2360689e-10,3.1759999999936284e-06,0.9999682206409679,0.022095692,0.010451492387793073,0.3357219963812148,4.2360689e-05,0.03290772162409963,True,coarse
contraction_2D,11.6,0.099936056,0.011031673,-3.9581504e-10,-5.6367241e-16,5.7249001e-06,0.00023390065,4.2298676e-10,3.0270000000026664e-06,0.9999697115491843,0.022063346,0.009961167335623732,0.33523053118089674,4.2298675999999996e-05,0.03290772162409963,True,coarse
contraction_2D,11.6,0.099936199,0.01101626,-3.9566736e-10,-5.376268900000001e-16,5.7169075e-06,0.00023357387,4.2239579e-10,2.8839999999946686e-06,0.9999711424208285,0.02203252,0.009490586916372787,0.334762160864165,4.2239579e-05,0.03290772162409963,True,coarse
contraction_2D,11.6,0.099936334,0.011001573,-3.9552663e-10,-5.128063e-16,5.7092907e-06,0.00023326245,4.2183262e-10,2.7489999999963377e-06,0.9999724932437093,0.022003146,0.009046332674452935,0.3343158522388591,4.2183261999999996e-05,0.03290772162409963,True,coarse
contraction_2D,11.6,0.099936464,0.010987576,-3.9539252e-10,-4.89153e-16,5.7020321e-06,0.00023296568,4.2129593e-10,2.618999999995375e-06,0.999973794036113,0.021975152,0.008618532293336471,0.3338905113368093,4.2129593e-05,0.03290772162409963,True,coarse
contraction_2D,11.6,0.099936587,0.010974237,-3.9526472e-10,-4.666121e-16,5.6951149e-06,0.00023268287,4.2078448e-10,2.4960000000046056e-06,0.9999750247858488,0.021948474,0.008213767317390422,0.33348516574186443,4.2078448e-05,0.03290772162409963,True,coarse
contraction_2D,11.6,0.099936704,0.010961526,-3.9514292e-10,-4.451312800000001e-16,5.688523e-06,0.00023241335,4.2029708e-10,2.3789999999968003e-06,0.9999761954990122,0.021923052,0.007828746974362772,0.333098903813883,4.2029708e-05,0.03290772162409963,True,coarse
contraction_2D,11.6,0.099936816,0.010949413,-3.9502686e-10,-4.2466069000000006e-16,5.6822412e-06,0.00023215651,4.1983261e-10,2.267000000000241e-06,0.9999773161816984,0.021898826,0.007460180492184178,0.33273081391272347,4.1983260999999995e-05,0.03290772162409963,True,coarse
contraction_2D,11.6,0.099936923,0.010937869,-3.9491625e-10,-4.0515282e-16,5.6762547e-06,0.00023191175,4.1938998e-10,2.16000000000105e-06,0.9999783868339076,0.021875738,0.0071080678708089744,0.33238001478624896,4.1938997999999994e-05,0.03290772162409963,True,coarse
contraction_2D,11.6,0.099937024,0.010926868,-3.9481084e-10,-3.8656242e-16,5.6705498e-06,0.00023167851,4.1896817e-10,2.0589999999987008e-06,0.9999793974495443,0.021853736,0.006775699882397837,0.33204571634633684,4.1896817e-05,0.03290772162409963,True,coarse
contraction_2D,11.6,0.099937121,0.010916385,-3.9471039e-10,-3.6884629000000004e-16,5.6651132e-06,0.00023145623,4.1856619e-10,1.961999999994246e-06,0.9999803680407995,0.02183277,0.006456494982629412,0.3317271588928691,4.1856619e-05,0.03290772162409963,True,coarse
contraction_2D,11.6,0.099937213,0.010906394,-3.9461467e-10,-3.5196334000000004e-16,5.6599323e-06,0.0002312444,4.1818312e-10,1.8700000000010375e-06,0.9999812886015774,0.021812788,0.006153743943710044,0.33142355233772297,4.1818312e-05,0.03290772162409963,True,coarse
contraction_2D,11.6,0.099937301,0.010896873,-3.9452345e-10,-3.3587439e-16,5.654995e-06,0.00023104254,4.1781806e-10,1.7819999999918457e-06,0.9999821691379739,0.021793746,0.005864155993387719,0.3311342281447947,4.1781806e-05,0.03290772162409963,True,coarse
contraction_2D,11.6,0.099937385,0.010887801,-3.9443652e-10,-3.2054209000000005e-16,5.65029e-06,0.00023085017,4.1747018e-10,1.6979999999944262e-06,0.9999830096499885,0.021775602,0.005587731131753774,0.33085854816598526,4.1747017999999994e-05,0.03290772162409963,True,coarse
contraction_2D,11.6,0.099937465,0.010879154,-3.9435367e-10,-3.0593086e-16,5.6458062e-06,0.00023066685,4.1713865e-10,1.6179999999949013e-06,0.9999838101376216,0.021758308,0.005324469358762541,0.33059578308918125,4.1713865e-05,0.03290772162409963,True,coarse
contraction_2D,11.6,0.099937541,0.010870915,-3.9427472e-10,-2.9200679e-16,5.6415333e-06,0.00023049215,4.1682272e-10,1.541999999993271e-06,0.999984570600873,0.02174183,0.0050743706744140185,0.3303454163183026,4.1682271999999996e-05,0.03290772162409963,True,coarse
contraction_2D,11.6,0.099937613,0.010863063,-3.9419949e-10,-2.7873756e-16,5.6374613e-06,0.00023032566,4.1652164e-10,1.470000000003413e-06,0.9999852910397427,0.021726126,0.004837435078753877,0.3301068097052501,4.1652163999999996e-05,0.03290772162409963,True,coarse
contraction_2D,11.6,0.099937683,0.01085558,-3.9412779e-10,-2.6609238e-16,5.6335808e-06,0.00023016701,4.1623472e-10,1.3999999999986246e-06,0.9999859914664216,0.02171116,0.004607081027369421,0.3298794162659389,4.1623471999999996e-05,0.03290772162409963,True,coarse
contraction_2D,11.6,0.099937748,0.010848449,-3.9405947e-10,-2.5404189000000004e-16,5.6298828e-06,0.00023001581,4.159613e-10,1.3349999999912043e-06,0.9999866418626235,0.021696898,0.004393180836788356,0.3296627194042887,4.1596129999999995e-05,0.03290772162409963,True,coarse
contraction_2D,11.6,0.099937811,0.010841654,-3.9399435e-10,-2.4255813000000003e-16,5.6263588e-06,0.00022987173,4.1570074e-10,1.2719999999966092e-06,0.9999872722466345,0.021683308,0.0041858621905743135,0.3294562329122241,4.1570074e-05,0.03290772162409963,True,coarse
contraction_2D,11.6,0.099937871,0.010835178,-3.939323e-10,-2.3161444e-16,5.6230005e-06,0.00022973442,4.1545243e-10,1.212000000000435e-06,0.9999878726123592,0.021670356,0.003988415860842306,0.3292594401936648,4.1545243e-05,0.03290772162409963,True,coarse
contraction_2D,11.6,0.099937928,0.010829006,-3.9387317e-10,-2.2118541000000001e-16,5.6198001e-06,0.00022960357,4.1521579e-10,1.1550000000026817e-06,0.9999884429597978,0.021658012,0.003800841847592331,0.32907188542854,4.1521578999999995e-05,0.03290772162409963,True,coarse
contraction_2D,11.6,0.099937982,0.010823125,-3.9381682e-10,-2.1124688000000003e-16,5.6167502e-06,0.00022947888,4.1499029e-10,1.1010000000033493e-06,0.9999889832889501,0.02164625,0.0036231401508243907,0.32889317357278836,4.1499028999999996e-05,0.03290772162409963,True,coarse
contraction_2D,11.6,0.099938034,0.010817521,-3.9376312e-10,-2.0177574000000002e-16,5.6138438e-06,0.00022936004,4.1477539e-10,1.0490000000029642e-06,0.9999895036059115,0.021635042,0.003452019998377805,0.3287228791943439,4.1477539e-05,0.03290772162409963,True,coarse
contraction_2D,11.6,0.099938083,0.01081218,-3.9371195e-10,-1.9275002000000002e-16,5.611074e-06,0.0002292468,4.145706e-10,1.000000000001e-06,0.9999899939045869,0.02162436,0.003290772162413254,0.32856057686114043,4.145706e-05,0.03290772162409963,True,coarse
