station,x,r,Ux,Ur,Uz,k,epsilon,nut
expansion_4D,2.6,0.0499690416555,0.104774519718,1.53604955914e-07,-3.90475933731e-18,0.000872600871215,0.262264678634,9.36523475083e-09
expansion_4D,2.6,0.0499690169954,0.104814746491,1.53662351273e-07,-4.09736739578e-18,0.000872933549547,0.2623654275,9.36883249541e-09
expansion_4D,2.6,0.0499689911183,0.104856958495,1.53722579148e-07,-4.29948084986e-18,0.000873282645879,0.26247114842,9.3726077922e-09
expansion_4D,2.6,0.0499689639641,0.104901253767,1.5378577942e-07,-4.51156911149e-18,0.000873648970993,0.262582086934,9.37656940939e-09
expansion_4D,2.6,0.0499689354699,0.104947734913,1.53852098487e-07,-4.73412346199e-18,0.000874033373445,0.26269850002,9.38072652367e-09
expansion_4D,2.6,0.0499689055695,0.104996509923,1.53921690426e-07,-4.96766095744e-18,0.00087443674631,0.262820658137,9.38508879318e-09
expansion_4D,2.6,0.0499688741934,0.105047692167,1.53994716995e-07,-5.21272442847e-18,0.000874860027181,0.262948845228,9.3896663575e-09
expansion_4D,2.6,0.049968841269,0.105101400074,1.54071347168e-07,-5.46988091847e-18,0.000875304195471,0.263083357901,9.39446980849e-09
expansion_4D,2.6,0.0499688067197,0.105157758599,1.54151759229e-07,-5.73972871287e-18,0.000875770284557,0.263224509104,9.39951032159e-09
expansion_4D,2.6,0.0499687704654,0.105216898404,1.54236139606e-07,-6.02289343375e-18,0.000876259375033,0.263372626086,9.40479958284e-09
expansion_4D,2.6,0.049968732422,0.105278956677,1.54324684039e-07,-6.32003194538e-18,0.000876772601453,0.263528052439,9.41034986189e-09
expansion_4D,2.6,0.0499686925011,0.105344077621,1.54417598276e-07,-6.63183469723e-18,0.000877311156382,0.26369114932,9.41617405571e-09
expansion_4D,2.6,0.0499686506101,0.10541241229,1.54515097838e-07,-6.95902494283e-18,0.000877876289045,0.263862295047,9.42228567401e-09
expansion_4D,2.6,0.0499686066517,0.105484119403,1.54617409188e-07,-7.30236264532e-18,0.000878469312072,0.264041887138,9.42869891222e-09
expansion_4D,2.6,0.049968560524,0.105559365186,1.54724769493e-07,-7.662643696e-18,0.000879091600152,0.264230341908,9.43542863687e-09
expansion_4D,2.6,0.0499685121199,0.105638324344,1.54837428025e-07,-8.04070460093e-18,0.000879744598121,0.264428096911,9.44249047315e-09
expansion_4D,2.6,0.049968461327,0.105721180232,1.5495564639e-07,-8.4374232619e-18,0.000880429822318,0.26463561136,9.44990081945e-09
expansion_4D,2.6,0.0499684080274,0.105808125172,1.55079698995e-07,-8.85372053859e-18,0.000881148863279,0.264853366935,9.45767687662e-09
expansion_4D,2.6,0.0499683520976,0.105899360624,1.55209873281e-07,-9.2905610294e-18,0.000881903387087,0.265081868194,9.46583666248e-09
expansion_4D,2.6,0.0499682934075,0.105995098814,1.5534647205e-07,-9.7489608822e-18,0.000882695148862,0.265321646663,9.47439915774e-09
expansion_4D,2.6,0.0499682318211,0.106095561592,1.55489811838e-07,-1.0229982327e-17,0.000883525983319,0.265573257968,9.48338420392e-09
expansion_4D,2.6,0.0499681671954,0.106200982226,1.5564022547e-07,-1.07347422673e-17,0.000884397819607,0.265837286336,9.49281266375e-09
expansion_4D,2.6,0.0499680993803,0.106311605567,1.55798062298e-07,-1.12644130612e-17,0.000885312682657,0.266114345002,9.50270643583e-09
expansion_4D,2.6,0.0499680282186,0.106427688047,1.55963688199e-07,-1.18202225215e-17,0.000886272693186,0.266405076206,9.51308845459e-09
expansion_4D,2.6,0.049967953545,0.106549499312,1.561374879e-07,-1.24034617263e-17,0.000887280081179,0.266710155281,9.52398283621e-09
expansion_4D,2.6,0.0499678751863,0.106677321894,1.5631986452e-07,-1.30154834565e-17,0.000888337183201,0.267030289836,9.53541484941e-09
expansion_4D,2.6,0.0499677929605,0.10681145268,1.56511241653e-07,-1.36577092257e-17,0.000889446454532,0.267366223433,9.54741104678e-09
expansion_4D,2.6,0.0499677066769,0.10695220275,1.56712063148e-07,-1.43316284991e-17,0.00089061046782,0.267718735176,9.55999925018e-09
expansion_4D,2.6,0.0499676161351,0.107099899007,1.56922795426e-07,-1.50388065035e-17,0.000891831926571,0.268088643799,9.57320869665e-09
expansion_4D,2.6,0.0499675211251,0.107254884012,1.57143927254e-07,-1.57808834469e-17,0.000893113663802,0.268476807259,9.58707002378e-09
expansion_4D,2.6,0.0499674214263,0.107417517619,1.57375972069e-07,-1.65595823288e-17,0.000894458655527,0.268884126816,9.60161541564e-09
expansion_4D,2.6,0.0499673168073,0.107588177299,1.57619468446e-07,-1.73767105021e-17,0.000895870023459,0.269311547856,9.61687863197e-09
expansion_4D,2.6,0.0499672070254,0.107767258957,1.57874981257e-07,-1.82341635786e-17,0.000897351041757,0.26976006193,9.63289508106e-09
expansion_4D,2.6,0.0499670918256,0.107955178561,1.58143104006e-07,-1.91339332394e-17,0.00089890515051,0.27023071084,9.64970196574e-09
expansion_4D,2.6,0.0499669709408,0.108152371818,1.58424458356e-07,-2.00781056728e-17,0.000900535953044,0.270724585823,9.6673382541e-09
expansion_4D,2.6,0.0499668440902,0.108359296782,1.58719697858e-07,-2.10688740711e-17,0.000902247237505,0.271242834089,9.68584491301e-09
expansion_4D,2.6,0.0499667109795,0.108576433531,1.59029507483e-07,-2.21085370686e-17,0.000904042974164,0.271786658001,9.70526487888e-09
expansion_4D,2.6,0.0499665712997,0.10880428612,1.59354606415e-07,-2.31995081142e-17,0.0009059273316,0.272357319978,9.72564323275e-09
expansion_4D,2.6,0.0499664247267,0.109043383237,1.59695748983e-07,-2.43443185956e-17,0.000907904682101,0.272956144131,9.74702725865e-09
expansion_4D,2.6,0.0499662709203,0.109294279834,1.6005372699e-07,-2.55456256495e-17,0.000909979615152,0.273584520348,9.76946658951e-09
expansion_4D,2.6,0.0499661095235,0.109557558266,1.60429371337e-07,-2.68062176296e-17,0.000912156946879,0.274243907152,9.79301330925e-09
expansion_4D,2.6,0.0499659401617,0.1098338296,1.60823553891e-07,-2.81290203544e-17,0.000914441730844,0.274935834972,9.81772206951e-09
expansion_4D,2.6,0.0499657624418,0.110123735079,1.61237189575e-07,-2.95171041369e-17,0.000916839270181,0.27566190982,9.84365022098e-09
expansion_4D,2.6,0.0499655759514,0.110427947431,1.61671238234e-07,-3.09736900334e-17,0.000919355128393,0.276423816555,9.87085793008e-09
expansion_4D,2.6,0.0499653802576,0.110747172824,1.62126707424e-07,-3.25021592151e-17,0.000921995145541,0.27722332379,9.89940835402e-09
expansion_4D,2.6,0.0499651749063,0.111082152008,1.62604654044e-07,-3.41060584366e-17,0.000924765447683,0.278062286753,9.92936774298e-09
expansion_4D,2.6,0.0499649594209,0.111433662436,1.63106187361e-07,-3.5789110189e-17,0.000927672464416,0.278942652592,9.96080562974e-09
expansion_4D,2.6,0.0499647333011,0.111802520223,1.63632471802e-07,-3.75552220723e-17,0.000930722945062,0.279866465284,9.99379500473e-09
expansion_4D,2.6,0.0499644960223,0.112189581121,1.64184728352e-07,-3.94084914824e-17,0.000933923966764,0.280835868083,1.00284124036e-08
expansion_4D,2.6,0.0499642470337,0.112595743624,1.64764238975e-07,-4.13532204503e-17,0.000937282960118,0.281853111283,1.00647381844e-08
expansion_4D,2.6,0.0499639857574,0.113015392011,1.65363257922e-07,-4.33877223715e-17,0.000940753454031,0.28290412116,1.01022697591e-08
expansion_4D,2.6,0.049963711587,0.113237111641,1.6568877838e-07,-4.53159384088e-17,0.000942586105398,0.283459112727,1.01220880025e-08
expansion_4D,2.6,0.0499634238863,0.113469773127,1.66030363261e-07,-4.7339311199e-17,0.000944509198048,0.284041493109,1.01428842756e-08
expansion_4D,2.6,0.0499631219874,0.113713916596,1.66388805559e-07,-4.94625392734e-17,0.00094652719646,0.284652614307,1.01647068571e-08
expansion_4D,2.6,0.0499628051897,0.113970108617,1.66764937091e-07,-5.16905482445e-17,0.00094864478369,0.285293894518,1.01876063894e-08
expansion_4D,2.6,0.0499624727579,0.114238943822,1.67159630871e-07,-5.40285114897e-17,0.000950866874742,0.285966822177,1.02116360233e-08
expansion_4D,2.6,0.0499621239205,0.114521046118,1.67573802898e-07,-5.64818532562e-17,0.000953198626594,0.286672958999,1.02368515262e-08
expansion_4D,2.6,0.0499617578679,0.114817070222,1.68008414403e-07,-5.90562686404e-17,0.000955645450896,0.287413943825,1.02633114196e-08
expansion_4D,2.6,0.0499613737505,0.1151277032,1.68464474108e-07,-6.17577315742e-17,0.000958213026674,0.288191496462,1.02910771162e-08
expansion_4D,2.6,0.0499609706767,0.115453666083,1.68943040606e-07,-6.4592513027e-17,0.000960907313696,0.289007421739,1.03202130648e-08
expansion_4D,2.6,0.0499605477112,0.11579571524,1.69445224369e-07,-6.75671913067e-17,0.000963734563835,0.289863612945,1.03507868731e-08
expansion_4D,2.6,0.0499601038721,0.116154644727,1.69972191201e-07,-7.06886716284e-17,0.000966701340457,0.290762057699,1.03828695171e-08
expansion_4D,2.6,0.0499596381295,0.116531287417,1.70525163894e-07,-7.39641976148e-17,0.000969814527776,0.291704840783,1.04165354425e-08
expansion_4D,2.6,0.0499591494022,0.116926517669,1.71105426149e-07,-7.74013724369e-17,0.000973081352912,0.292694150824,1.04518628032e-08
expansion_4D,2.6,0.0499586365562,0.117341252539,1.71714324356e-07,-8.10081722581e-17,0.000976509395921,0.293732283332,1.04889335697e-08
expansion_4D,2.6,0.049958098401,0.117776454778,1.72353271985e-07,-8.47929685348e-17,0.000980106614522,0.294821648185,1.05278337965e-08
expansion_4D,2.6,0.0499575336877,0.118233134361,1.73023751848e-07,-8.87645459272e-17,0.000983881356803,0.295964773479,1.05686537598e-08
expansion_4D,2.6,0.0499569411056,0.118712351243,1.73727320127e-07,-9.29321229031e-17,0.000987842383943,0.297164312408,1.06114882026e-08
expansion_4D,2.6,0.0499563192793,0.119215217698,1.74465609826e-07,-9.73053708928e-17,0.0009919988896,0.298423049137,1.06564365449e-08
expansion_4D,2.6,0.0499556667658,0.119742900671,1.75240334206e-07,-1.01894439647e-16,0.000996360519293,0.299743904669,1.07036030931e-08
expansion_4D,2.6,0.0499549820505,0.120296625009,1.76053291543e-07,-1.06709980821e-16,0.00100093739714,0.301129944945,1.07530973292e-08
expansion_4D,2.6,0.0499542635442,0.120877675885,1.7690636868e-07,-1.11763170723e-16,0.00100574014592,0.302584386917,1.08050341275e-08
expansion_4D,2.6,0.0499535095795,0.121487401714,1.77801545309e-07,-1.17065736466e-16,0.00101077991111,0.30411060583,1.08595340151e-08
expansion_4D,2.6,0.0499527184063,0.122127217789,1.78740899311e-07,-1.22629985959e-16,0.00101606839099,0.305712144339,1.09167234968e-08
expansion_4D,2.6,0.0499518881885,0.122798608951,1.79726610673e-07,-1.28468832767e-16,0.00102161785872,0.307392719184,1.09767352941e-08
expansion_4D,2.6,0.0499510169992,0.123503133471,1.8076096719e-07,-1.34595828633e-16,0.00102744119436,0.309156230907,1.10397086918e-08
expansion_4D,2.6,0.0499501028163,0.124242426605,1.81846369685e-07,-1.41025194834e-16,0.00103355191434,0.311006772759,1.11057898562e-08
expansion_4D,2.6,0.0499491435183,0.125018203997,1.82985337e-07,-1.47771850892e-16,0.00103996419951,0.312948639204,1.11751321386e-08
expansion_4D,2.6,0.0499481368786,0.125832266281,1.8418051276e-07,-1.54851456731e-16,0.00104669293325,0.314986337453,1.12478964874e-08
expansion_4D,2.6,0.0499470805609,0.126686502806,1.85434670837e-07,-1.62280444614e-16,0.00105375373222,0.31712459678,1.13242517808e-08
expansion_4D,2.6,0.0499459721136,0.127582896163,1.86750721996e-07,-1.7007605439e-16,0.00106116298376,0.319368379857,1.14043752312e-08
expansion_4D,2.6,0.049944808964,0.128523526877,1.88131720786e-07,-1.78256380079e-16,0.00106893788472,0.321722894489,1.14884528046e-08
expansion_4D,2.6,0.0499435884126,0.129510578013,1.89580872302e-07,-1.868404083e-16,0.00107709647948,0.324193605163,1.15766796328e-08
expansion_4D,2.6,0.0499423076266,0.130546340438,1.91101539906e-07,-1.9584806027e-16,0.0010856577035,0.326786246194,1.16692604831e-08
expansion_4D,2.6,0.0499409636334,0.13163321807,1.92697252944e-07,-2.05300242885e-16,0.00109464142667,0.329506834892,1.1766410228e-08
expansion_4D,2.6,0.0499395533137,0.132773733466,1.94371714938e-07,-2.15218894363e-16,0.00110406849949,0.332361685524,1.18683543443e-08
expansion_4D,2.6,0.0499380733943,0.133970533638,1.96128812134e-07,-2.25627033632e-16,0.00111396080118,0.33535742389,1.19753294333e-08
expansion_4D,2.6,0.0499365204404,0.135226396285,1.97972622643e-07,-2.3654881862e-16,0.00112434129115,0.338501002912,1.20875837775e-08
expansion_4D,2.6,0.0499348908476,0.136544236259,1.99907425943e-07,-2.48009597562e-16,0.00113523406248,0.341799718823,1.22053779188e-08
expansion_4D,2.6,0.049933180834,0.137927111956,2.01937712255e-07,-2.60035969102e-16,0.00114666439472,0.345261227165,1.23289852295e-08
expansion_4D,2.6,0.0499313864306,0.139378233077,2.04068193943e-07,-2.72655846504e-16,0.00115865881805,0.348893562217,1.24586926064e-08
expansion_4D,2.6,0.0499295034728,0.140900967504,2.06303815605e-07,-2.8589851826e-16,0.00117124517014,0.352705154202,1.25948010852e-08
expansion_4D,2.6,0.0499275275904,0.142498849386,2.08649765948e-07,-2.9979472131e-16,0.00118445266292,0.356704849533,1.27376265631e-08
expansion_4D,2.6,0.0499254541976,0.144175587228,2.11111489657e-07,-3.14376705172e-16,0.00119831194952,0.360901931049,1.28875005221e-08
expansion_4D,2.6,0.0499232784822,0.14593507262,2.13694700221e-07,-3.29678315962e-16,0.00121285519635,0.365306139885,1.30447708089e-08
expansion_4D,2.6,0.0499209953945,0.147781389218,2.1640539311e-07,-3.45735065357e-16,0.00122811615739,0.369927697936,1.32098024383e-08
expansion_4D,2.6,0.0499185996357,0.149718822125,2.19249859551e-07,-3.6258422128e-16,0.00124413025169,0.374777331337,1.33829784308e-08
expansion_4D,2.6,0.0499160856454,0.151751867995,2.22234701364e-07,-3.80264887742e-16,0.00126093464691,0.379866295773,1.35647007166e-08
expansion_4D,2.6,0.0499134475889,0.153885245308,2.25366846046e-07,-3.98818100991e-16,0.00127856834424,0.38520640218,1.37553910535e-08
expansion_4D,2.6,0.0499106793434,0.15612390553,2.28653563149e-07,-4.18286921597e-16,0.00129707227063,0.390810044684,1.39554920244e-08
expansion_4D,2.6,0.0499077744841,0.158473044348,2.32102480793e-07,-4.38716535522e-16,0.00131648937169,0.396690228736,1.41654680421e-08
expansion_4D,2.6,0.049904726269,0.160938113971,2.35721603701e-07,-4.60154357088e-16,0.00133686471334,0.402860601882,1.43858064481e-08
expansion_4D,2.6,0.0499015276235,0.163524835576,2.39519331495e-07,-4.82650142459e-16,0.00135824558468,0.409335484937,1.46170186257e-08
expansion_4D,2.6,0.0498981711238,0.166239212737,2.43504478395e-07,-5.0625610204e-16,0.001380681609,0.416129905584,1.48596411998e-08
expansion_4D,2.6,0.0498946489798,0.169087545252,2.47686293529e-07,-5.3102702281e-16,0.00140422485807,0.423259632996,1.5114237273e-08
expansion_4D,2.6,0.0498909530168,0.172076443941,2.52074482657e-07,-5.57020397232e-16,0.00142892997447,0.430741214871,1.53813977487e-08
expansion_4D,2.6,0.0498870746569,0.175212845692,2.56679230256e-07,-5.84296552409e-16,0.00145485429588,0.438592015091,1.56617426753e-08
expansion_4D,2.6,0.0498830048986,0.178504029951,2.61511223738e-07,-6.12918795421e-16,0.0014820579915,0.446830255013,1.59559227208e-08
expansion_4D,2.6,0.0498787342964,0.181957635228,2.66581677675e-07,-6.42953555341e-16,0.00151060419838,0.455475054762,1.62646206475e-08
expansion_4D,2.6,0.0498742529385,0.185581677123,2.71902360273e-07,-6.74470541011e-16,0.00154055917047,0.464546478378,1.6588552924e-08
expansion_4D,2.6,0.0498695504243,0.189384566527,2.77485620086e-07,-7.07542899272e-16,0.00157199242905,0.474065579356,1.69284713514e-08
expansion_4D,2.6,0.0498646158393,0.193375129918,2.83344415818e-07,-7.42247390049e-16,0.00160497693045,0.484054451457,1.72851648779e-08
expansion_4D,2.6,0.0498594377311,0.197562628768,2.89492344817e-07,-7.78664557933e-16,0.00163958922656,0.494536277292,1.76594613332e-08
expansion_4D,2.6,0.0498540040814,0.201956782191,2.95943676321e-07,-8.16878925998e-16,0.00167590965192,0.505535384998,1.80522294531e-08
expansion_4D,2.6,0.0498483022794,0.20656778845,3.02713383039e-07,-8.56979184946e-16,0.00171402250155,0.517077302084,1.84643808017e-08
expansion_4D,2.6,0.0498423190916,0.211406349381,3.09817177004e-07,-8.99058404326e-16,0.00175401623282,0.529188816566,1.88968719546e-08
expansion_4D,2.6,0.0498360406316,0.217652304363,3.34188103768e-07,-9.22170077236e-16,0.00191913005923,0.554110486335,3.67887204741e-08
expansion_4D,2.6,0.0498294523275,0.228121756677,4.1643822733e-07,-8.75916847095e-16,0.00250497649363,0.621178091357,1.13987082261e-07
expansion_4D,2.6,0.0498225388884,0.239107879946,5.02747421865e-07,-8.27381013115e-16,0.00311973464454,0.691555505007,1.94995208896e-07
expansion_4D,2.6,0.0498152842688,0.250636172023,5.93316003619e-07,-7.76449912774e-16,0.00376483131297,0.765406067236,2.800011133e-07
expansion_4D,2.6,0.0498076716314,0.262733389005,6.8835417388e-07,-7.23005346324e-16,0.00444176370854,0.842901178355,3.69202086303e-07
expansion_4D,2.6,0.0497996833078,0.275427607688,7.88082509608e-07,-6.66923279276e-16,0.00515210294407,0.924220699109,4.62805157137e-07
expansion_4D,2.6,0.0497913007579,0.288748290084,8.92732470293e-07,-6.08073532547e-16,0.00589749764588,1.00955336397,5.61027569165e-07
expansion_4D,2.6,0.0497825045264,0.302726352546,1.00254694102e-06,-5.46319541594e-16,0.00667967782186,1.09909722396,6.64097289596e-07
expansion_4D,2.6,0.049773274198,0.31739423696,1.11778079179e-06,-4.81517965792e-16,0.00750045884523,1.19306010272,7.72253534424e-07
expansion_4D,2.6,0.0497635883499,0.332785986227,1.23870147045e-06,-4.1351841121e-16,0.00836174567828,1.29166008001,8.8574732501e-07
expansion_4D,2.6,0.049753424502,0.348937323399,1.36558962451e-06,-3.4216305286e-16,0.00926553730076,1.39512599873,1.00484207161e-06
expansion_4D,2.6,0.0497427590648,0.365885734473,1.4987397515e-06,-2.67286293752e-16,0.0102139313427,1.5036979952,1.12981418387e-06
expansion_4D,2.6,0.0497315672849,0.383670554996,1.63846087938e-06,-1.8871433595e-16,0.0112091289306,1.61762805405,1.26095370941e-06
expansion_4D,2.6,0.049719823187,0.40233306223,1.78507729064e-06,-1.06264826322e-16,0.0122534398452,1.73718059858,1.39856501344e-06
expansion_4D,2.6,0.049707499514,0.421358022001,1.9339037421e-06,-6.68918567013e-17,0.0133181420263,1.85907528566,1.53886857244e-06
expansion_4D,2.6,0.0496945676637,0.439233908512,2.07267848761e-06,-2.11406292014e-16,0.0143187300402,1.97364334526,1.67073256177e-06
expansion_4D,2.6,0.0496809976224,0.456707035059,2.21015021141e-06,-4.95038144475e-16,0.0152964859542,2.08557668463,1.79957375701e-06
expansion_4D,2.6,0.0496667578951,0.475042466146,2.35440620997e-06,-7.92667315333e-16,0.0163224944441,2.20303397109,1.9347733076e-06
expansion_4D,2.6,0.0496518154326,0.494282756755,2.50578128925e-06,-1.10498457998e-15,0.0173991367885,2.32628781307,2.07664500023e-06
expansion_4D,2.6,0.0496361355548,0.514472561854,2.66462677708e-06,-1.4327148084e-15,0.0185289117767,2.45562427153,2.22551810624e-06
expansion_4D,2.6,0.0496196818698,0.53565874057,2.83131134271e-06,-1.77661862961e-15,0.0197144415375,2.59134352737,2.38173814969e-06
expansion_4D,2.6,0.0496024161901,0.557890464089,3.00622184581e-06,-2.13749421628e-15,0.0209584775771,2.73376057257,2.54566770304e-06
expansion_4D,2.6,0.0495842984434,0.581219330511,3.18976424005e-06,-2.51617913094e-15,0.0222639072064,2.88320594602,2.71768723403e-06
expansion_4D,2.6,0.04956528658,0.605699484089,3.38236451122e-06,-2.91355227385e-15,0.0236337602131,3.04002649733,2.89819598489e-06
expansion_4D,2.6,0.049545336475,0.631387741153,3.58446966799e-06,-3.33053590541e-15,0.0250712159082,3.2045861935,3.08761290091e-06
expansion_4D,2.6,0.0495244018258,0.652423712249,3.96280278747e-06,-3.0292636961e-15,0.0265169629171,3.32810132001,3.81648698945e-06
expansion_4D,2.6,0.0495024340447,0.673359963756,4.3917615188e-06,-2.57111643495e-15,0.0280220168802,3.44826210742,4.68322059673e-06
expansion_4D,2.6,0.0494793821465,0.695329426044,4.84188950221e-06,-2.09035945424e-15,0.0296013457431,3.57435286854,5.59272778777e-06
expansion_4D,2.6,0.0494551926296,0.718383088467,5.31423144851e-06,-1.58587696546e-15,0.0312586150009,3.70666624987,6.54711945554e-06
expansion_4D,2.6,0.0494298093522,0.742574456603,5.80988362298e-06,-1.056498111e-15,0.0329976710337,3.84550933946,7.54861066148e-06
expansion_4D,2.6,0.0494031734017,0.767959676724,6.3299963955e-06,-5.00994230487e-16,0.0348225500545,3.99120438125,8.59952578828e-06
expansion_4D,2.6,0.0493752229583,0.793583914541,6.85229656159e-06,-1.70802159909e-16,0.0366645945849,4.13826569667,9.66038082551e-06
expansion_4D,2.6,0.0493458931514,0.816663287444,7.32478316e-06,-8.13612643364e-16,0.0383237035451,4.27072383065,1.06158596719e-05
expansion_4D,2.6,0.049315115909,0.840442878101,7.81326535411e-06,-1.6064270927e-15,0.0400331579513,4.40720358287,1.16003038202e-05
expansion_4D,2.6,0.0492828197996,0.86539599935,8.32585430461e-06,-2.43836721342e-15,0.0418269744928,4.5504186556,1.26333306098e-05
expansion_4D,2.6,0.0492489298666,0.891580565324,8.86373968806e-06,-3.31136386337e-15,0.0437093164694,4.70070143918,1.37173376106e-05
expansion_4D,2.6,0.0492133674544,0.919057348133,9.42816988988e-06,-4.22744314937e-15,0.0456845526339,4.85840072693,1.4854840709e-05
expansion_4D,2.6,0.0491760500255,0.947710918575,1.00240837729e-05,-5.15230225456e-15,0.0477282691868,5.01916995042,1.60585199151e-05
expansion_4D,2.6,0.0491368909693,0.968055960818,1.0846291572e-05,-4.1463331878e-15,0.0482995383532,4.93219074722,1.78663224389e-05
expansion_4D,2.6,0.0490957994009,0.989405037534,1.17090755943e-05,-3.09071920117e-15,0.0488989998394,4.84091909196,1.9763340607e-05
expansion_4D,2.6,0.0490526799502,1.01180769815,1.26144382894e-05,-1.98301034377e-15,0.0495280449454,4.74514315076,2.17539772404e-05
expansion_4D,2.6,0.0490074325405,1.03531593739,1.35644809297e-05,-8.20635714859e-16,0.0501881336331,4.64464063552,2.38428524429e-05
expansion_4D,2.6,0.0489599521563,1.05856497263,1.44998393913e-05,-3.16770246271e-16,0.0508408568434,4.54521283899,2.59087262789e-05
expansion_4D,2.6,0.0489101285996,1.07956433068,1.53519628316e-05,-1.55098066299e-15,0.0514304986125,4.45543631463,2.77746694034e-05
expansion_4D,2.6,0.0488578462342,1.10160001387,1.62461388404e-05,-2.84609967333e-15,0.0520492393944,4.36122928964,2.97326974269e-05
expansion_4D,2.6,0.0488029837169,1.12472316525,1.71844427288e-05,-4.20513329043e-15,0.0526985152371,4.26237311704,3.17873547763e-05
expansion_4D,2.6,0.0487454137165,1.14898745169,1.81690522198e-05,-5.63123565145e-15,0.053379833054,4.15863836012,3.39434101352e-05
expansion_4D,2.6,0.0486850026177,1.17018380047,1.94475215044e-05,-5.14968077247e-15,0.0536916638617,4.0332216777,3.67595422035e-05
expansion_4D,2.6,0.0486216102115,1.19014118543,2.09204766845e-05,-3.58470758592e-15,0.0538029334724,3.89274290291,4.00112602924e-05
expansion_4D,2.6,0.0485550893693,1.21108347387,2.2466122685e-05,-1.94250241989e-15,0.0539196942748,3.74533145459,4.34234517335e-05
expansion_4D,2.6,0.0484852857018,1.23305927109,2.40880468208e-05,-2.19253920066e-16,0.054042217261,3.59064520313,4.70040359373e-05
expansion_4D,2.6,0.0484120372006,1.25240928034,2.55157665027e-05,-1.4840159841e-15,0.0541500360792,3.45442191276,5.01567420143e-05
expansion_4D,2.6,0.0483351738618,1.27205608992,2.69731960515e-05,-3.33687789493e-15,0.054259574227,3.31612928116,5.33578569159e-05
expansion_4D,2.6,0.0482545172922,1.29267247595,2.85025502232e-05,-5.28117903594e-15,0.054374518118,3.17101186316,5.67169478802e-05
expansion_4D,2.6,0.0481698802945,1.31430628738,3.01073785236e-05,-7.3214320911e-15,0.0544951345276,3.0187328531,6.02418110827e-05
expansion_4D,2.6,0.0480810664333,1.33282676778,3.23469736874e-05,-5.35822029716e-15,0.0543984460371,2.89839437025,6.477075697e-05
expansion_4D,2.6,0.047987869579,1.35208101698,3.47210416844e-05,-3.12121166428e-15,0.0542873623017,2.7738178978,6.95589910269e-05
expansion_4D,2.6,0.0478900734295,1.37228546967,3.72122707126e-05,-7.73806002812e-16,0.0541707965477,2.64309353575,7.45835259984e-05
expansion_4D,2.6,0.0477874510081,1.39080821569,3.94966825825e-05,-1.46239047946e-15,0.054063879927,2.52323807598,7.91897153997e-05
expansion_4D,2.6,0.0476797641367,1.40889075688,4.17393897745e-05,-3.76716538794e-15,0.0539595563357,2.40624267719,8.36865631963e-05
expansion_4D,2.6,0.0475667628829,1.42786567741,4.40927753014e-05,-6.18568172268e-15,0.053850084341,2.28347351711,8.84053319055e-05
expansion_4D,2.6,0.0474481849804,1.44713901048,4.67517629594e-05,-7.55159124142e-15,0.0537171544004,2.16377591893,9.35620040813e-05
expansion_4D,2.6,0.0473237552196,1.46514118252,5.02019070099e-05,-4.90272654339e-15,0.0535147734074,2.06997378346,9.96873239042e-05
expansion_4D,2.6,0.0471931848095,1.48403176763,5.38223167953e-05,-2.12313920795e-15,0.0533024048465,1.971542482,0.000106114930259
expansion_4D,2.6,0.047056170707,1.50287706689,5.74297923223e-05,-6.76748514013e-16,0.0530904947273,1.87333902273,0.000112526964133
expansion_4D,2.6,0.0469123949137,1.51980721859,6.06955484188e-05,-3.38501780799e-15,0.0529001657457,1.78512280002,0.000118287522703
expansion_4D,2.6,0.0467615237381,1.53757287879,6.4122470644e-05,-6.22694114962e-15,0.0527004439667,1.69255307794,0.000124332366717
expansion_4D,2.6,0.0466032070206,1.55600161373,6.78490721459e-05,-8.51997795899e-15,0.0524873882532,1.59882710277,0.000130784620044
expansion_4D,2.6,0.0464370773214,1.57363005531,7.28043194114e-05,-5.41170996202e-15,0.0522359904398,1.52777927,0.000138428266045
expansion_4D,2.6,0.0462627490673,1.59212846625,7.80041097475e-05,-2.15004796946e-15,0.0519721860622,1.45322520349,0.000146449128472
expansion_4D,2.6,0.0460798176569,1.61021575203,8.30884613126e-05,-1.08917719122e-15,0.0517141929699,1.38032185139,0.0001542916279
expansion_4D,2.6,0.0458878585216,1.62682460916,8.7789848809e-05,-4.18453492809e-15,0.0514773358849,1.31338329897,0.000161493181318
expansion_4D,2.6,0.0456864261402,1.64425311881,9.27232513158e-05,-7.43264989846e-15,0.0512287898254,1.2431413071,0.000169050133752
expansion_4D,2.6,0.045475053005,1.66198775164,9.85503561575e-05,-7.93433532789e-15,0.0509597584476,1.17855794783,0.000177410390449
expansion_4D,2.6,0.0452532485365,1.67982141397,0.000105576077788,-4.388168347e-15,0.05066593396,1.12357254997,0.000186786214465
expansion_4D,2.6,0.045020497945,1.69853517335,0.000112948521076,-6.66996811271e-16,0.050357609138,1.06587360475,0.00019662473846
expansion_4D,2.6,0.0447762610358,1.71519969127,0.00011953957698,-2.78122782638e-15,0.0500829941774,1.01448775011,0.000205386031434
expansion_4D,2.6,0.0445199709553,1.73204244375,0.000126224554581,-6.30085930008e-15,0.0498054965616,0.962557627085,0.000214240890042
expansion_4D,2.6,0.0442510328755,1.74968617183,0.000133302621831,-9.7491378929e-15,0.0495135587792,0.908563882046,0.000223565147416
expansion_4D,2.6,0.0439688226137,1.76728162026,0.000142651458526,-5.91550672152e-15,0.0491845405117,0.867084926928,0.000234335128259
expansion_4D,2.6,0.0436726851832,1.78574540983,0.00015246166337,-1.89268452856e-15,0.0488392850851,0.823558971813,0.000245636611178
expansion_4D,2.6,0.0433619332737,1.80319576648,0.000161755340187,-2.03613876286e-15,0.0485129265363,0.782417408636,0.000256318443167
expansion_4D,2.6,0.043035845656,1.81986743997,0.00017068362371,-5.92695733599e-15,0.0482011831787,0.743116205144,0.000266522979484
expansion_4D,2.6,0.0426936655078,1.83736186599,0.000180052520942,-1.00097883563e-14,0.0478740551846,0.701875474415,0.000277231113003
expansion_4D,2.6,0.0423345986575,1.85511012063,0.00019193606728,-6.91401675937e-15,0.047501412681,0.668438861745,0.000289210593482
expansion_4D,2.6,0.0419578117407,1.87363640148,0.000204735553717,-2.48063797401e-15,0.0471056648658,0.634931792723,0.000301900532981
expansion_4D,2.6,0.0415624302666,1.89148356394,0.000217092824207,-1.72928321908e-15,0.0467243744257,0.602648724019,0.00031412695123
expansion_4D,2.6,0.0411475365874,1.9082858246,0.000228798902241,-5.63857410857e-15,0.0463654559241,0.572259837105,0.000325635972312
expansion_4D,2.6,0.0407121677697,1.92591728231,0.000241082679048,-9.74078954826e-15,0.0459888246773,0.540371248701,0.000337712967342
expansion_4D,2.6,0.0402553133585,1.94392927039,0.000256221272688,-6.65550545619e-15,0.045551450903,0.514213484725,0.000350789239319
expansion_4D,2.6,0.0397759130328,1.96275076173,0.000272471607551,-2.21956894535e-15,0.0450856563981,0.487949370292,0.000364576226601
expansion_4D,2.6,0.0392728541444,1.98073145267,0.000288046387009,-1.94727872973e-15,0.0446406315507,0.462854605958,0.000377750635397
expansion_4D,2.6,0.0387449691355,1.99790704293,0.000303009033422,-5.72207209658e-15,0.044215572557,0.438887310784,0.000390331964859
expansion_4D,2.6,0.0381910328289,2.01593025418,0.000318710091325,-9.68315242808e-15,0.0437695367631,0.413737221762,0.000403534187043
expansion_4D,2.6,0.0376097595846,2.0343209859,0.000337538404384,-5.70231039232e-15,0.0432345151285,0.393715664676,0.000417106474301
expansion_4D,2.6,0.0369998003158,2.05361407731,0.000357319468259,-1.44348847552e-15,0.0426724190279,0.372769851659,0.000431345738489
expansion_4D,2.6,0.0363597393577,2.07156115998,0.000375823868992,-2.75411505376e-15,0.0421495268824,0.353281417101,0.000444598154771
expansion_4D,2.6,0.0356880911821,2.08932311789,0.000394213539202,-6.94212820856e-15,0.0416320441113,0.333997959098,0.000457707391752
expansion_4D,2.6,0.0349832969497,2.10783129763,0.000413747883879,-9.417908393e-15,0.0410697824049,0.314821885374,0.000471137968173
expansion_4D,2.6,0.0342437208916,2.12677306882,0.000435119204973,-4.95199283317e-15,0.0404089432175,0.298597950448,0.000484032732607
expansion_4D,2.6,0.0334676465133,2.14659158842,0.0004574818592,-4.0725445233e-16,0.0397175204261,0.281622458507,0.000497526214553
expansion_4D,2.6,0.0326532726109,2.16449106243,0.000477873798722,-2.88395089113e-15,0.0390930719021,0.266288330625,0.000509720619079
expansion_4D,2.6,0.0317987090903,2.1830310046,0.00049902469577,-6.11123474255e-15,0.0384462592347,0.250408586316,0.000522342010724
expansion_4D,2.6,0.0309019725807,2.20201094376,0.000520139827605,-5.97356849923e-15,0.037708294791,0.235767270908,0.000533863776113
expansion_4D,2.6,0.0299609818313,2.22148892748,0.000541300015116,-2.57449169978e-15,0.0368792113393,0.222270812734,0.000544363417516
expansion_4D,2.6,0.028973552881,2.24116869869,0.000562747515514,-2.48227050323e-16,0.0360416287952,0.208631379199,0.000554989225033
expansion_4D,2.6,0.0279373939894,2.25971216735,0.000583172705061,-1.34281345705e-15,0.0352523361127,0.19578240032,0.000564985693921
expansion_4D,2.6,0.0268501003178,2.27917076224,0.000604605884388,-2.49141969363e-15,0.0344240915783,0.182299320132,0.000575475491816
expansion_4D,2.6,0.0257091483483,2.29805132217,0.000617037021977,-1.58399201385e-15,0.0334444565457,0.171029881848,0.000581650778454
expansion_4D,2.6,0.0245118900263,2.31769370613,0.000628970341873,-3.98392346854e-16,0.0324042675176,0.159522338791,0.000587597008332
expansion_4D,2.6,0.0232555466148,2.33689491698,0.000640842883845,6.22617138773e-16,0.0313876499046,0.148270774843,0.000593436153736
expansion_4D,2.6,0.0219372022455,2.35626415445,0.000652944032418,1.57655239487e-15,0.0303619499883,0.136923092221,0.000599301304674
expansion_4D,2.6,0.0205537971508,2.37529657262,0.000659089730847,1.90779092184e-15,0.0292735315958,0.126109679703,0.000603319956957
expansion_4D,2.6,0.0191021205626,2.39276690986,0.000652859517363,9.59373865213e-16,0.0281079864956,0.116880029688,0.000603403929908
expansion_4D,2.6,0.0175788032604,2.41103568898,0.00064637281538,3.47437431181e-16,0.0268894913129,0.107227344529,0.000603522253387
expansion_4D,2.6,0.0159803097516,2.42960734784,0.000640094446287,4.16702127023e-15,0.0256505760907,0.0974153276679,0.000603621260444
expansion_4D,2.6,0.0143029300658,2.44908749534,0.000633514271451,8.25138713141e-15,0.0243509910166,0.0871235684548,0.000603718912259
expansion_4D,2.6,0.0125427711444,2.46089220408,0.000578653672612,5.58358669425e-15,0.0234146275394,0.0810879315501,0.000601318683809
expansion_4D,2.6,0.0106957478051,2.47214879974,0.000514807599982,1.87378820046e-15,0.0224880012988,0.0753781128272,0.000598472364175
expansion_4D,2.6,0.00875757326046,2.4863054539,0.000434676752041,1.05602687033e-15,0.021323117781,0.0681963821493,0.000594931459538
expansion_4D,2.6,0.00672374916872,2.50341006446,0.000338006617678,3.13822968111e-15,0.0199151813152,0.0595195558704,0.000590616907203
expansion_4D,2.6,0.00458955519348,2.50514815442,0.00023109303185,2.36293047398e-15,0.0197720839751,0.0586380415569,0.000590175226636
expansion_4D,2.6,0.00235003804819,2.50514935586,0.000118287890147,1.2165301666e-15,0.0197719508449,0.058637645746,0.000590171140708
expansion_4D,2.6,4.9969541351e-08,2.50515086627,2.50161503461e-09,-1.72664891319e-20,0.0197717083177,0.0586368498714,0.000590164459777
expansion_3D,2.7,0.0499690416555,0.0792436341008,8.48042495131e-08,-4.49768834262e-18,0.000665001525174,0.199418797059,7.12190514681e-09
expansion_3D,2.7,0.0499690169954,0.0792839528014,8.48487337279e-08,-4.71958045838e-18,0.000665336373918,0.199520225739,7.12552751897e-09
expansion_3D,2.7,0.0499689911183,0.0793262612692,8.48954132821e-08,-4.95242316653e-18,0.000665687747775,0.199626660022,7.12932865873e-09
expansion_3D,2.7,0.0499689639641,0.0793706577664,8.49443965897e-08,-5.19675745506e-18,0.000666056462816,0.199738347106,7.1333173943e-09
expansion_3D,2.7,0.0499689354699,0.0794172451329,8.49957971157e-08,-5.4531488859e-18,0.000666443373133,0.199855545701,7.13750296519e-09
expansion_3D,2.7,0.0499689055695,0.0794661316044,8.5049734278e-08,-5.72219333494e-18,0.000666849377627,0.199978528093,7.14189509566e-09
expansion_3D,2.7,0.0499688741934,0.0795174308116,8.51063334471e-08,-6.00451616459e-18,0.000667275420007,0.20010758014,7.1465039947e-09
expansion_3D,2.7,0.049968841269,0.0795712614541,8.51657255858e-08,-6.30077063131e-18,0.000667722486077,0.200243000451,7.15134032666e-09
expansion_3D,2.7,0.0499688067197,0.0796277487709,8.52280488725e-08,-6.61164598359e-18,0.000668191615957,0.200385104087,7.15641534349e-09
expansion_3D,2.7,0.0499687704654,0.0796870237238,8.5293447799e-08,-6.93786275609e-18,0.000668683897288,0.200534220504,7.16174081123e-09
expansion_3D,2.7,0.049968732422,0.0797492238144,8.53620740728e-08,-7.28017809607e-18,0.000669200472027,0.200690695613,7.1673290835e-09
expansion_3D,2.7,0.0499686925011,0.0798144935746,8.54340871583e-08,-7.63938722187e-18,0.00066974254052,0.200854893007,7.17319314556e-09
expansion_3D,2.7,0.0499686506101,0.0798829844033,8.5509654096e-08,-8.01632335023e-18,0.000670311360143,0.201027193558,7.1793465996e-09
expansion_3D,2.7,0.0499686066517,0.0799548553839,8.55889504049e-08,-8.41186240238e-18,0.000670908252088,0.201207997466,7.18580373824e-09
expansion_3D,2.7,0.049968560524,0.0800302731204,8.56721599017e-08,-8.82692044945e-18,0.000671534600012,0.201397723854,7.19257952975e-09
expansion_3D,2.7,0.0499685121199,0.080109412719,8.57594757837e-08,-9.26246159319e-18,0.000672191858179,0.20159681323,7.19968970628e-09
expansion_3D,2.7,0.049968461327,0.080192457951,8.58511008084e-08,-9.71949700443e-18,0.000672881552819,0.201805727905,7.20715077849e-09
expansion_3D,2.7,0.0499684080274,0.0802796015803,8.5947247655e-08,-1.01990879636e-17,0.000673605284846,0.202024952808,7.21498006496e-09
expansion_3D,2.7,0.0499683520976,0.0803710455266,8.60481391046e-08,-1.07023457263e-17,0.000674364731212,0.202254995904,7.22319570684e-09
expansion_3D,2.7,0.0499682934075,0.0804670025004,8.61540098436e-08,-1.12304405215e-17,0.000675161658488,0.202496392303,7.23181681479e-09
expansion_3D,2.7,0.0499682318211,0.0805676948585,8.62651052019e-08,-1.17845962872e-17,0.000675997913358,0.202749701382,7.24086336614e-09
expansion_3D,2.7,0.0499681671954,0.0806733564028,8.63816831362e-08,-1.23660995335e-17,0.000676875437558,0.20301551131,7.25035636643e-09
expansion_3D,2.7,0.0499680993803,0.0807842325432,8.65040144111e-08,-1.29763012771e-17,0.00067779626923,0.203294439458,7.26031786416e-09
expansion_3D,2.7,0.0499680282186,0.0809005802983,8.66323825988e-08,-1.3616616007e-17,0.000678762542924,0.203587132402,7.27077095077e-09
expansion_3D,2.7,0.049967953545,0.0810226699297,8.6767085883e-08,-1.42885306827e-17,0.000679776503176,0.20389427003,7.28173990749e-09
expansion_3D,2.7,0.0499678751863,0.0811507846155,8.69084366983e-08,-1.49936035546e-17,0.000680840501795,0.204216564727,7.29325017603e-09
expansion_3D,2.7,0.0499677929605,0.0812852219215,8.70567633533e-08,-1.57334735035e-17,0.000681957010078,0.204554765071,7.30532849075e-09
expansion_3D,2.7,0.0499677066769,0.0814262936379,8.72124098508e-08,-1.65098552115e-17,0.000683128617458,0.204909655424,7.31800286395e-09
expansion_3D,2.7,0.0499676161351,0.0815743274141,8.73757376912e-08,-1.73245520888e-17,0.000684358045079,0.205282060045,7.33130273279e-09
expansion_3D,2.7,0.0499675211251,0.0817296665952,8.75471256922e-08,-1.81794541336e-17,0.000685648144439,0.205672842679,7.3452589446e-09
expansion_3D,2.7,0.0499674214263,0.0818926718574,8.7726971793e-08,-1.90765463096e-17,0.00068700191097,0.206082910668,7.35990390376e-09
expansion_3D,2.7,0.0499673168073,0.0820637215342,8.79156934147e-08,-2.00179101384e-17,0.000688422486751,0.206513215777,7.3752716011e-09
expansion_3D,2.7,0.0499672070254,0.0822432124347,8.81137283625e-08,-2.10057302672e-17,0.0006899131673,0.206964756246,7.39139768729e-09
expansion_3D,2.7,0.0499670918256,0.082431561478,8.83215366295e-08,-2.20423005712e-17,0.000691477415151,0.207438580909,7.40831961982e-09
expansion_3D,2.7,0.0499669709408,0.0826292053665,8.85396000357e-08,-2.3130024422e-17,0.000693118857138,0.207935788367,7.42607663354e-09
expansion_3D,2.7,0.0499668440902,0.0828366032018,8.87684251148e-08,-2.42714290844e-17,0.000694841306121,0.208457533568,7.44470997574e-09
expansion_3D,2.7,0.0499667109795,0.0830542361578,8.90085427529e-08,-2.54691616422e-17,0.000696648758273,0.209005026988,7.46426287673e-09
expansion_3D,2.7,0.0499665712997,0.0832826094423,8.92605103532e-08,-2.6726003725e-17,0.000698545409369,0.209579539567,7.48478072616e-09
expansion_3D,2.7,0.0499664247267,0.0835222529514,8.9524912558e-08,-2.80448705576e-17,0.000700535660222,0.21018240435,7.50631113174e-09
expansion_3D,2.7,0.0499662709203,0.0837737229044,8.98023630521e-08,-2.94288238874e-17,0.000702624130259,0.210815020601,7.52890406613e-09
expansion_3D,2.7,0.0499661095235,0.0840376029882,9.00935058257e-08,-3.08810755946e-17,0.000704815667028,0.211478856688,7.55261196979e-09
expansion_3D,2.7,0.0499659401617,0.0843145056651,9.03990166178e-08,-3.2404997372e-17,0.000707115357059,0.212175453364,7.57748986847e-09
expansion_3D,2.7,0.0499657624418,0.0846050736447,9.07196045391e-08,-3.40041246877e-17,0.000709528538086,0.212906427479,7.60359550543e-09
expansion_3D,2.7,0.0499655759514,0.0849099811916,9.10560135158e-08,-3.56821695667e-17,0.000712060809907,0.21367347526,7.63098945894e-09
expansion_3D,2.7,0.0499653802576,0.0852299360875,9.14090244535e-08,-3.7443026632e-17,0.000714718050684,0.214478377255,7.65973531857e-09
expansion_3D,2.7,0.0499651749063,0.0855656807754,9.17794565009e-08,-3.92907818854e-17,0.000717506426442,0.215323001208,7.68989978798e-09
expansion_3D,2.7,0.0499649594209,0.0859179944854,9.21681693938e-08,-4.12297241977e-17,0.000720432408725,0.216209307409,7.72155287591e-09
expansion_3D,2.7,0.0499647333011,0.0862876951967,9.25760656207e-08,-4.3264355279e-17,0.000723502790888,0.217139353625,7.75476807245e-09
expansion_3D,2.7,0.0499644960223,0.0866756406183,9.30040915045e-08,-4.53993950781e-17,0.000726724696247,0.218115297572,7.78962243717e-09
expansion_3D,2.7,0.0499642470337,0.0870827312955,9.34532406302e-08,-4.76397999121e-17,0.000730105603873,0.219139404728,7.82619687817e-09
expansion_3D,2.7,0.0499639857574,0.0875099120818,9.39245554684e-08,-4.99907691173e-17,0.00073365336082,0.220214052035,7.86457628439e-09
expansion_3D,2.7,0.049963711587,0.0879581744272,9.44191299006e-08,-5.24577605417e-17,0.000737376201128,0.221341733658,7.90484973113e-09
expansion_3D,2.7,0.0499634238863,0.0884285585043,9.49381115643e-08,-5.50464976928e-17,0.000741282763479,0.222525066331,7.94711067111e-09
expansion_3D,2.7,0.0499631219874,0.0889221563142,9.54827052806e-08,-5.77629907628e-17,0.000745382116998,0.223766797172,7.99145721351e-09
expansion_3D,2.7,0.0499628051897,0.0894401133221,9.60541748579e-08,-6.06135433523e-17,0.000749683774825,0.225069807798,8.0379922709e-09
expansion_3D,2.7,0.0499624727579,0.0899836317266,9.66538466996e-08,-6.360477212e-17,0.000754197721278,0.226437122547,8.08682385299e-09
expansion_3D,2.7,0.0499621239205,0.0905539729126,9.72831125103e-08,-6.67436186264e-17,0.00075893443222,0.227871914652,8.13806528696e-09
expansion_3D,2.7,0.0499617578679,0.0911524605576,9.79434327228e-08,-7.00373678765e-17,0.000763904900856,0.229377514053,8.19183549662e-09
expansion_3D,2.7,0.0499613737505,0.0917804837382,9.86363399257e-08,-7.34936641759e-17,0.000769120663534,0.230957415213,8.24825928144e-09
expansion_3D,2.7,0.0499609706767,0.0924395002001,9.93634424713e-08,-7.71205309881e-17,0.000774593826901,0.232615285344,8.30746761033e-09
expansion_3D,2.7,0.0499605477112,0.0931310391374,1.00126427542e-07,-8.0926383956e-17,0.000780337090989,0.234354971399,8.36959787143e-09
expansion_3D,2.7,0.0499601038721,0.0938567059343,1.00927066381e-07,-8.49200580304e-17,0.00078636378859,0.236180511999,8.43479429802e-09
expansion_3D,2.7,0.0499596381295,0.0946181844536,1.0176721682e-07,-8.91108198602e-17,0.000792687904265,0.238096143194,8.50320817419e-09
expansion_3D,2.7,0.0499591494022,0.0954172424328,1.0264882923e-07,-9.35083989337e-17,0.00079932411916,0.240106312034,8.57499831962e-09
expansion_3D,2.7,0.0499586365562,0.0962557339359,1.03573949225e-07,-9.81229979735e-17,0.000806287831364,0.242215682738,8.65033130986e-09
expansion_3D,2.7,0.049958098401,0.0971356054033,1.04544724343e-07,-1.02965330159e-16,0.000813595206159,0.244429151913,8.72938201987e-09
expansion_3D,2.7,0.0499575336877,0.0980588987579,1.05563407468e-07,-1.08046632912e-16,0.000821263201813,0.246751856372,8.81233390312e-09
expansion_3D,2.7,0.0499569411056,0.0990277569644,1.06632362963e-07,-1.13378699526e-16,0.00082930961575,0.249189187114,8.89937949099e-09
expansion_3D,2.7,0.0499563192793,0.10004442877,1.07754071904e-07,-1.18973906087e-16,0.000837753123927,0.251746801251,8.99072081878e-09
expansion_3D,2.7,0.0499556667658,0.101111273448,1.08931137312e-07,-1.24845236534e-16,0.000846613320211,0.254430633943,9.08656985168e-09
expansion_3D,2.7,0.0499549820505,0.102230767333,1.10166291365e-07,-1.31006320098e-16,0.000855910770696,0.257246914842,9.18714907236e-09
expansion_3D,2.7,0.0499542635442,0.103405508732,1.11462400811e-07,-1.374714554e-16,0.000865667054435,0.260202180438,9.29269192165e-09
expansion_3D,2.7,0.0499535095795,0.104638223805,1.12822473464e-07,-1.44255646156e-16,0.000875904812325,0.26330328886,9.40344332731e-09
expansion_3D,2.7,0.0499527184063,0.105931773927,1.1424966632e-07,-1.51374639597e-16,0.000886647808212,0.26655743839,9.51966036508e-09
expansion_3D,2.7,0.0499518881885,0.107289161078,1.15747291509e-07,-1.58844957611e-16,0.000897920973697,0.269972181032,9.64161274343e-09
expansion_3D,2.7,0.0499510169992,0.108713535697,1.17318824954e-07,-1.66683937659e-16,0.000909750473315,0.273555442258,9.7695835086e-09
expansion_3D,2.7,0.0499501028163,0.11020820387,1.18967914311e-07,-1.74909775261e-16,0.000922163764279,0.277315539104,9.90386969097e-09
expansion_3D,2.7,0.0499491435183,0.111776634202,1.20698386542e-07,-1.83541559719e-16,0.000935189653513,0.281261197444,1.0044782922e-08
expansion_3D,2.7,0.0499481368786,0.113422467133,1.22514258197e-07,-1.92599325203e-16,0.000948858375049,0.285401575438,1.01926502714e-08
expansion_3D,2.7,0.0499470805609,0.115149522459,1.24419743715e-07,-2.02104095238e-16,0.000963201652483,0.289746282446,1.03478149232e-08
expansion_3D,2.7,0.0499459721136,0.116961808492,1.26419265523e-07,-2.12077928133e-16,0.000978252775025,0.294305402067,1.05106369977e-08
expansion_3D,2.7,0.049944808964,0.118863531536,1.28517464501e-07,-2.22543973305e-16,0.000994046676245,0.299089515992,1.06814944041e-08
expansion_3D,2.7,0.0499435884126,0.120859105213,1.3071921026e-07,-2.33526521535e-16,0.00101062001148,0.304109727451,1.08607836775e-08
expansion_3D,2.7,0.0499423076266,0.122953161086,1.33029612874e-07,-2.45051061591e-16,0.00102801124608,0.309377687942,1.10489209336e-08
expansion_3D,2.7,0.0499409636334,0.125150559289,1.35454034597e-07,-2.57144341613e-16,0.00104626074368,0.314905623973,1.12463428237e-08
expansion_3D,2.7,0.0499395533137,0.127456399804,1.37998102319e-07,-2.69834428716e-16,0.00106541085991,0.32070636544,1.1453507548e-08
expansion_3D,2.7,0.0499380733943,0.129876034241,1.40667720545e-07,-2.83150775847e-16,0.00108550604012,0.326793375236,1.16708959135e-08
expansion_3D,2.7,0.0499365204404,0.132415078418,1.43469085292e-07,-2.97124288996e-16,0.00110659292395,0.333180780931,1.1899012465e-08
expansion_3D,2.7,0.0499348908476,0.135079425446,1.46408698517e-07,-3.11787400012e-16,0.00112872045399,0.339883407667,1.21383866602e-08
expansion_3D,2.7,0.049933180834,0.137875258647,1.49493382367e-07,-3.27174139961e-16,0.001151939983,0.346916810659,1.238957403e-08
expansion_3D,2.7,0.0499313864306,0.140085834019,1.51909649582e-07,-3.43246260842e-16,0.00117030079128,0.35247850512,1.25882012264e-08
expansion_3D,2.7,0.0499295034728,0.141605968907,1.53537936601e-07,-3.6002978424e-16,0.00118292962197,0.356303980153,1.27248215917e-08
expansion_3D,2.7,0.0499275275904,0.143201122962,1.55246580131e-07,-3.77641579673e-16,0.0011961816897,0.360318243665,1.28681842179e-08
expansion_3D,2.7,0.0499254541976,0.144874998357,1.57039545742e-07,-3.96122523025e-16,0.00121008775101,0.364530612306,1.30186218335e-08
expansion_3D,2.7,0.0499232784822,0.14663148004,1.58920994781e-07,-4.15515506522e-16,0.00122468008091,0.368950862692,1.31764835937e-08
expansion_3D,2.7,0.0499209953945,0.148474644696,1.60895293974e-07,-4.35865540353e-16,0.0012399925473,0.373589253948,1.33421358858e-08
expansion_3D,2.7,0.0499185996357,0.15040877011,1.62967025457e-07,-4.57219855242e-16,0.00125606068873,0.378456551279,1.3515963171e-08
expansion_3D,2.7,0.0499160856454,0.152438345262,1.65140997583e-07,-4.79628012211e-16,0.00127292179834,0.383564051366,1.36983688909e-08
expansion_3D,2.7,0.0499134475889,0.154568080577,1.67422255907e-07,-5.03142018881e-16,0.00129061500893,0.388923608164,1.38897763897e-08
expansion_3D,2.7,0.0499106793434,0.156802919065,1.69816095117e-07,-5.27816449994e-16,0.00130918138558,0.394547660942,1.40906299146e-08
expansion_3D,2.7,0.0499077744841,0.159148047547,1.72328071058e-07,-5.5370857214e-16,0.00132866401884,0.400449262522,1.43013956252e-08
expansion_3D,2.7,0.049904726269,0.161608908921,1.7496401387e-07,-5.80878479239e-16,0.00134910812672,0.406642110158,1.45225626956e-08
expansion_3D,2.7,0.0499015276235,0.164191214599,1.77730041312e-07,-6.09389230218e-16,0.00137056115793,0.413140576826,1.47546444325e-08
expansion_3D,2.7,0.0498981711238,0.166900957906,1.80632573111e-07,-6.39306995945e-16,0.00139307290324,0.419959744946,1.49981794789e-08
expansion_3D,2.7,0.0498946489798,0.169744427885,1.83678345754e-07,-6.7070121247e-16,0.00141669561015,0.427115441125,1.52537330552e-08
expansion_3D,2.7,0.0498909530168,0.17272822407,1.86874428308e-07,-7.03644744558e-16,0.00144148410565,0.434624273336,1.55218982871e-08
expansion_3D,2.7,0.0498870746569,0.175859271506,1.90228238511e-07,-7.38214049923e-16,0.00146749592096,0.442503668704,1.5803297555e-08
expansion_3D,2.7,0.0498830048986,0.179144837214,1.93747560405e-07,-7.74489362513e-16,0.00149479142833,0.450771914953,1.60985839738e-08
expansion_3D,2.7,0.0498787342964,0.182592546662,1.97440561982e-07,-8.12554873411e-16,0.0015234339779,0.459448201853,1.64084428738e-08
expansion_3D,2.7,0.0498742529385,0.186210401767,2.01315814469e-07,-8.52498930533e-16,0.00155349004723,0.468552666521,1.6733593418e-08
expansion_3D,2.7,0.0498695504243,0.190006799061,2.05382311779e-07,-8.94414238457e-16,0.00158502939221,0.478106439136,1.70747902349e-08
expansion_3D,2.7,0.0498646158393,0.193990549954,2.09649492223e-07,-9.38398081944e-16,0.00161812521543,0.488131693933,1.74328252399e-08
expansion_3D,2.7,0.0498594377311,0.198170900107,2.14127259258e-07,-9.84552541148e-16,0.00165285432712,0.49865169796,1.78085293761e-08
expansion_3D,2.7,0.0498540040814,0.202557552043,2.18826005705e-07,-1.03298473939e-15,0.00168929733295,0.509690867965,1.82027746464e-08
expansion_3D,2.7,0.0498483022794,0.207160686614,2.23756636749e-07,-1.08380708163e-15,0.00172753881243,0.521274824437,1.86164760433e-08
expansion_3D,2.7,0.0498423190916,0.211990987386,2.28930596052e-07,-1.13713752298e-15,0.00176766752148,0.533430452964,1.90505937398e-08
expansion_3D,2.7,0.0498360406316,0.218234694305,2.48003240382e-07,-1.16642988764e-15,0.00193364995413,0.558512780938,3.70673058322e-08
expansion_3D,2.7,0.0498294523275,0.228723296014,3.13727193124e-07,-1.10781399786e-15,0.00252284345955,0.626132143203,1.1480931217e-07
expansion_3D,2.7,0.0498225388884,0.239729513709,3.82694644809e-07,-1.04630539847e-15,0.00314111386054,0.697088543501,1.96387912394e-07
expansion_3D,2.7,0.0498152842688,0.251278891876,4.55065662982e-07,-9.8176132565e-16,0.00378989610976,0.771546665559,2.81992443447e-07
expansion_3D,2.7,0.0498076716314,0.263398235554,5.31008214074e-07,-9.14031985478e-16,0.00447069597071,0.84967931978,3.71821585517e-07
expansion_3D,2.7,0.0497996833078,0.276115672894,6.10698555444e-07,-8.42960180905e-16,0.00518509353233,0.9316678466,4.66083825771e-07
expansion_3D,2.7,0.0497913007579,0.289460719794,6.94321640403e-07,-7.68380957554e-16,0.0059347468399,1.01770253319,5.64997937439e-07
expansion_3D,2.7,0.0497825045264,0.303464349156,7.82071552163e-07,-6.9012122453e-16,0.00672139578525,1.10798305991,6.68793493114e-07
expansion_3D,2.7,0.049773274198,0.318159062206,8.74151950753e-07,-6.07999351666e-16,0.00754686611321,1.20271896015,7.77711393393e-07
expansion_3D,2.7,0.0497635883499,0.33357896411,9.70776546875e-07,-5.21824734481e-16,0.00841307366955,1.30213010778,8.92004427374e-07
expansion_3D,2.7,0.049753424502,0.349759843261,1.0721695987e-06,-4.31397372577e-16,0.00932202885465,1.40644722835,1.0119378603e-06
expansion_3D,2.7,0.0497427590648,0.366739254221,1.17856643162e-06,-3.36507391186e-16,0.0102758412827,1.51591243378,1.13779004833e-06
expansion_3D,2.7,0.0497315672849,0.382706075302,1.28079480213e-06,-4.2365102283e-16,0.0111725544293,1.61880756151,1.25609939362e-06
expansion_3D,2.7,0.049719823187,0.399441460335,1.3879694105e-06,-5.17053051467e-16,0.0121124283765,1.72665506165,1.38010312826e-06
expansion_3D,2.7,0.049707499514,0.417002742132,1.50043312111e-06,-6.15064497676e-16,0.0130986854126,1.83982487145,1.51022648805e-06
expansion_3D,2.7,0.0496945676637,0.435430678939,1.61844695267e-06,-7.17912847646e-16,0.0141336145566,1.95857964844,1.64677147827e-06
expansion_3D,2.7,0.0496809976224,0.454768040394,1.74228480504e-06,-8.25836790212e-16,0.015219617789,2.08319501213,1.79005500798e-06
expansion_3D,2.7,0.0496667578951,0.475059706996,1.87223409614e-06,-9.39086824918e-16,0.0163592156379,2.21396018499,1.94040962699e-06
expansion_3D,2.7,0.0496518154326,0.495354893091,2.00097696806e-06,-1.15771333274e-15,0.0174991424408,2.34477338795,2.09081295918e-06
expansion_3D,2.7,0.0496361355548,0.515582194828,2.12790734348e-06,-1.49407440277e-15,0.0186354039918,2.47517754395,2.24073866594e-06
expansion_3D,2.7,0.0496196818698,0.536807720653,2.26110177527e-06,-1.84703499723e-15,0.0198277404293,2.61201718855,2.39806325635e-06
expansion_3D,2.7,0.0496024161901,0.559080733074,2.40086939554e-06,-2.21741431377e-15,0.0210789190574,2.75560991406,2.5631518664e-06
expansion_3D,2.7,0.0495842984434,0.582452926019,2.54753459407e-06,-2.60607197012e-15,0.0223918437643,2.90628898804,2.73638765393e-06
expansion_3D,2.7,0.04956528658,0.606978544297,2.70143776791e-06,-3.01391001217e-15,0.0237695617331,3.06440412339,2.91817268399e-06
expansion_3D,2.7,0.049545336475,0.63271450976,2.8629361131e-06,-3.44187499072e-15,0.0252152705287,3.23032229174,3.108928864e-06
expansion_3D,2.7,0.0495244018258,0.653772984896,3.17088501492e-06,-3.13267720686e-15,0.0266630611799,3.35404516959,3.83935847806e-06
expansion_3D,2.7,0.0495024340447,0.674727554107,3.52064786624e-06,-2.66247509627e-15,0.0281689878714,3.47418990178,4.7077532396e-06
expansion_3D,2.7,0.0494793821465,0.696716238084,3.88767162736e-06,-2.16906835558e-15,0.0297492325319,3.60026381534,5.61900356339e-06
expansion_3D,2.7,0.0494551926296,0.719790070792,4.27280813088e-06,-1.65131183101e-15,0.0314074627823,3.73255951769,6.57522438808e-06
expansion_3D,2.7,0.0494298093522,0.744002604623,4.67695124569e-06,-1.10800384145e-15,0.033147527233,3.87138405583,7.57863502043e-06
expansion_3D,2.7,0.0494031734017,0.767259933714,5.07124399252e-06,-1.10032518347e-15,0.0348189744001,4.00473814696,8.54242028355e-06
expansion_3D,2.7,0.0493752229583,0.791132820759,5.47762028594e-06,-1.23148463763e-15,0.0365346682423,4.14162345935,9.53170349862e-06
expansion_3D,2.7,0.0493458931514,0.816183842569,5.90405138201e-06,-1.36911686754e-15,0.0383350321354,4.28526410655,1.05698081631e-05
expansion_3D,2.7,0.049315115909,0.841951867073,6.34125450244e-06,-1.64952860941e-15,0.0401869174696,4.43301429241,1.1637635939e-05
expansion_3D,2.7,0.0492828197996,0.866927892713,6.75920954538e-06,-2.48420986736e-15,0.0419818512364,4.57621637694,1.26726870283e-05
expansion_3D,2.7,0.0492489298666,0.893136493416,7.19779080689e-06,-3.36008290255e-15,0.0438653655737,4.72648553135,1.37588182287e-05
expansion_3D,2.7,0.0492133674544,0.920638497075,7.65801619608e-06,-4.27918056756e-15,0.0458418319554,4.88417051733,1.48985503565e-05
expansion_3D,2.7,0.0491760500255,0.949318365455,8.14417896132e-06,-5.20708715186e-15,0.0478867868487,5.0449102138,1.61045564971e-05
expansion_3D,2.7,0.0491368909693,0.969681911939,8.82931306066e-06,-4.1978151187e-15,0.0484565022676,4.95711226914,1.79141443884e-05
expansion_3D,2.7,0.0490957994009,0.991050406086,9.54825875135e-06,-3.13873522071e-15,0.0490543333284,4.86498146727,1.98130360326e-05
expansion_3D,2.7,0.0490526799502,1.01347344239,1.03026846463e-05,-2.02738929859e-15,0.0496816675469,4.76830398028,2.18056385986e-05
expansion_3D,2.7,0.0490074325405,1.03569416331,1.10572859837e-05,-1.54587481289e-15,0.0503034226246,4.67252518236,2.37802843239e-05
expansion_3D,2.7,0.0489599521563,1.05781070159,1.18151322801e-05,-1.66871869426e-15,0.0509223413465,4.57722109386,2.57456929616e-05
expansion_3D,2.7,0.0489101285996,1.08101869828,1.26103785393e-05,-1.79762493359e-15,0.05157180391,4.47721371739,2.78080951589e-05
expansion_3D,2.7,0.0488578462342,1.10334568486,1.33659704004e-05,-2.99303828162e-15,0.0521964715963,4.38095708119,2.97921678412e-05
expansion_3D,2.7,0.0488029837169,1.12649138603,1.41478266476e-05,-4.39557469289e-15,0.0528440240146,4.28116381991,3.18489893075e-05
expansion_3D,2.7,0.0487454137165,1.1507793351,1.49682677552e-05,-5.86732671997e-15,0.0535235333557,4.17644572866,3.40073155832e-05
expansion_3D,2.7,0.0486850026177,1.17199837142,1.60473091405e-05,-5.37036338671e-15,0.0538334714691,4.05022046117,3.68246831199e-05
expansion_3D,2.7,0.0486216102115,1.1919784156,1.72964459135e-05,-3.75530524223e-15,0.0539427576754,3.90901280914,4.00770829107e-05
expansion_3D,2.7,0.0485550893693,1.21294448152,1.86072279953e-05,-2.06054348176e-15,0.0540574371917,3.76083651324,4.3489989696e-05
expansion_3D,2.7,0.0484852857018,1.23297771097,1.98780896015e-05,-1.91449097458e-15,0.0541671484281,3.61928397853,4.67513286949e-05
expansion_3D,2.7,0.0484120372006,1.25366659235,2.11939641663e-05,-2.03749871395e-15,0.0542804752464,3.47310444348,5.01194578484e-05
expansion_3D,2.7,0.0483351738618,1.2739851879,2.24759081489e-05,-3.31575795927e-15,0.0543916677847,3.32951670761,5.34270820505e-05
expansion_3D,2.7,0.0482545172922,1.29462705122,2.3772831781e-05,-5.21832334729e-15,0.0545045740904,3.18363171672,5.67872141199e-05
expansion_3D,2.7,0.0481698802945,1.31628759724,2.51337590187e-05,-7.21478101951e-15,0.0546230523592,3.0305472538,6.03131698064e-05
expansion_3D,2.7,0.0480810664333,1.33483227991,2.70614477638e-05,-5.29371854489e-15,0.05452413645,2.90965594926,6.48408917602e-05
expansion_3D,2.7,0.047987869579,1.35411175974,2.9105804093e-05,-3.10473729482e-15,0.0544107160721,2.78451197644,6.96277393077e-05
expansion_3D,2.7,0.0478900734295,1.37318629105,3.11458316703e-05,-2.12793315533e-15,0.0542985918815,2.66071173812,7.43641039903e-05
expansion_3D,2.7,0.0477874510081,1.39222221985,3.319737266e-05,-2.22167121569e-15,0.0541867759297,2.53717409093,7.90912457574e-05
expansion_3D,2.7,0.0476797641367,1.41099598004,3.52075024883e-05,-3.69757179508e-15,0.0540763949396,2.41532229164,8.37528149907e-05
expansion_3D,2.7,0.0475667628829,1.42999867575,3.72340180963e-05,-6.04600055787e-15,0.0539646030577,2.29197497274,8.84709398269e-05
expansion_3D,2.7,0.0474481849804,1.44929963155,3.95330465184e-05,-7.37232889631e-15,0.0538292223734,2.17171777605,9.36264105297e-05
expansion_3D,2.7,0.0473237552196,1.46732548395,4.25463983896e-05,-4.80023665844e-15,0.0536242126741,2.07749245908,9.97486380308e-05
expansion_3D,2.7,0.0471931848095,1.48612908674,4.56922831039e-05,-2.26002139545e-15,0.0534103682083,1.97920270347,0.000106135081279
expansion_3D,2.7,0.047056170707,1.50394134421,4.87157789105e-05,-2.32003575858e-15,0.0532079819027,1.88611289672,0.000112185925358
expansion_3D,2.7,0.0469123949137,1.52206429342,5.17835565101e-05,-3.20005994238e-15,0.0530020050006,1.79139345284,0.000118341949057
expansion_3D,2.7,0.0467615237381,1.53985748317,5.47767302452e-05,-5.88330434675e-15,0.0527996416912,1.69838436434,0.000124385153951
expansion_3D,2.7,0.0466032070206,1.55831387046,5.8038048125e-05,-8.0483093444e-15,0.0525838059403,1.60421442149,0.000130835538554
expansion_3D,2.7,0.0464370773214,1.57596144022,6.24239936486e-05,-5.11359601958e-15,0.0523294257047,1.53283739796,0.000138476033609
expansion_3D,2.7,0.0462627490673,1.59427921349,6.6982867127e-05,-2.36860940901e-15,0.0520654083167,1.45875133764,0.000146406834853
expansion_3D,2.7,0.0460798176569,1.61173620403,7.13840674303e-05,-2.4297875125e-15,0.0518140061804,1.3881614209,0.000153966219852
expansion_3D,2.7,0.0458878585216,1.62921836907,7.57759265591e-05,-3.90200868151e-15,0.0515621325114,1.31746203306,0.000161535841639
expansion_3D,2.7,0.0456864261402,1.64667201356,8.01431023565e-05,-6.94739992918e-15,0.0513105480464,1.24686941508,0.000169092372258
expansion_3D,2.7,0.045475053005,1.66442574467,8.53334222697e-05,-7.41778116024e-15,0.0510383480286,1.18196844297,0.000177452746795
expansion_3D,2.7,0.0452532485365,1.68226925205,9.16312259217e-05,-4.09295752823e-15,0.050741226146,1.12672025681,0.000186829479738
expansion_3D,2.7,0.045020497945,1.69999248698,9.79291020938e-05,-2.56268777113e-15,0.0504462465812,1.07185228099,0.000196143615941
expansion_3D,2.7,0.0447762610358,1.71766860809,0.000104251609969,-2.76074900676e-15,0.0501521869876,1.01713776527,0.000205433582146
expansion_3D,2.7,0.0445199709553,1.73453330583,0.000110247032134,-6.15088368147e-15,0.0498713649885,0.964920333017,0.000214295945276
expansion_3D,2.7,0.0442510328755,1.75219554006,0.000116596800979,-9.47875643461e-15,0.0495760100486,0.910639689802,0.000223626376517
expansion_3D,2.7,0.0439688226137,1.76978431118,0.000125080359903,-5.77898193584e-15,0.0492437374533,0.868959429675,0.000234409743792
expansion_3D,2.7,0.0436726851832,1.78783580438,0.000133809259839,-2.77169570414e-15,0.048902787571,0.826185776666,0.00024547678836
expansion_3D,2.7,0.0433619332737,1.8052936217,0.000142334065396,-2.82127892361e-15,0.0485732907969,0.784830557752,0.000256179825373
expansion_3D,2.7,0.043035845656,1.82237077336,0.000150644042046,-5.43679964942e-15,0.0482507607748,0.744366492818,0.000266649502801
expansion_3D,2.7,0.0426936655078,1.8398729999,0.00015915042486,-9.04335764971e-15,0.0479201239239,0.702891398598,0.000277379792379
expansion_3D,2.7,0.0423345986575,1.85759404834,0.000170051118853,-6.30873628727e-15,0.0475445893954,0.669291244105,0.000289398167222
expansion_3D,2.7,0.0419578117407,1.87588564384,0.000181693241764,-2.83675838798e-15,0.0471502880117,0.635992286391,0.00030199305997
expansion_3D,2.7,0.0415624302666,1.89342400423,0.00019297212242,-2.86300892112e-15,0.0467724984891,0.604077603247,0.00031406643809
expansion_3D,2.7,0.0411475365874,1.91070406638,0.000204058700129,-5.60279365579e-15,0.0464000690538,0.572623292224,0.000325964116828
expansion_3D,2.7,0.0407121677697,1.92832495867,0.00021535124088,-9.71332341332e-15,0.046020194957,0.540543895336,0.000338097489145
expansion_3D,2.7,0.0402553133585,1.94627240777,0.000229389943184,-6.62177891795e-15,0.0455811823502,0.51426815013,0.000351267226274
expansion_3D,2.7,0.0397759130328,1.96474585473,0.000244280296725,-2.85394681306e-15,0.0451207693242,0.488278015079,0.000364955116118
expansion_3D,2.7,0.0392728541444,1.98259161092,0.000258794133526,-2.73709492089e-15,0.0446762537399,0.463183783242,0.000378169658434
expansion_3D,2.7,0.0387449691355,2.00008583894,0.000273001907537,-5.48501885801e-15,0.0442402746002,0.438572768215,0.000391131059046
expansion_3D,2.7,0.0381910328289,2.01806973858,0.000287600817246,-9.23905334373e-15,0.0437920208884,0.413269278519,0.000404457579592
expansion_3D,2.7,0.0376097595846,2.03632686353,0.000305257017395,-5.46631670669e-15,0.0432584509941,0.393189230066,0.00041823169477
expansion_3D,2.7,0.0369998003158,2.05494566379,0.000323346177911,-2.47368055828e-15,0.0427136087533,0.372772398106,0.000432275139805
expansion_3D,2.7,0.0363597393577,2.07327789674,0.000341284002591,-1.69266807123e-15,0.0421773571294,0.352680384942,0.000446088474356
expansion_3D,2.7,0.0356880911821,2.09102175601,0.000358633111916,-3.78671536184e-15,0.0416580480202,0.33321932379,0.000459476859887
expansion_3D,2.7,0.0349832969497,2.10941613567,0.000377021806661,-5.09626476437e-15,0.0410972680612,0.313953224619,0.000473178841877
expansion_3D,2.7,0.0342437208916,2.12812935703,0.000397229924718,-2.73404535627e-15,0.0404435196137,0.297728809895,0.000486456980113
expansion_3D,2.7,0.0334676465133,2.14687028861,0.000417582223104,-1.72202907507e-15,0.0397889390705,0.281488428909,0.000499735278331
expansion_3D,2.7,0.0326532726109,2.16548260806,0.000437890621626,-2.37936010659e-15,0.0391389084492,0.265362894688,0.000512914247447
expansion_3D,2.7,0.0317987090903,2.18387527365,0.000457964229492,-4.91344526635e-15,0.0384963604908,0.249416380899,0.000525965034049
expansion_3D,2.7,0.0309019725807,2.20259458875,0.000478066614681,-4.80535295407e-15,0.0377697335707,0.234781523432,0.000538054150687
expansion_3D,2.7,0.0299609818313,2.22170112217,0.000498272778804,-2.13637905234e-15,0.0369588845405,0.221362510521,0.000549256975374
expansion_3D,2.7,0.028973552881,2.2405268931,0.000518352933589,-8.21393159542e-16,0.0361599541412,0.208152364317,0.00056024132321
expansion_3D,2.7,0.0279373939894,2.25936970854,0.000538513939619,-6.22433202048e-16,0.035360300182,0.194924350237,0.000571262782878
expansion_3D,2.7,0.0268501003178,2.27857311942,0.000559091384843,-1.16130559385e-15,0.0345453426461,0.181437163019,0.000582522898474
expansion_3D,2.7,0.0257091483483,2.29692541837,0.000570863313978,-7.35593287011e-16,0.0336008615752,0.170338414317,0.000589827236257
expansion_3D,2.7,0.0245118900263,2.3157357679,0.000582033573089,-1.08322574102e-16,0.0326128568807,0.159179739538,0.000596874697164
expansion_3D,2.7,0.0232555466148,2.33474272086,0.000593467924357,7.58753647816e-16,0.0316141655667,0.147912530405,0.000603920258729
expansion_3D,2.7,0.0219372022455,2.35372822862,0.000604995209226,1.87547263168e-15,0.0306170735026,0.136647252731,0.000611057244373
expansion_3D,2.7,0.0205537971508,2.37220999526,0.000610790049949,2.26540936854e-15,0.0295730705102,0.126018855563,0.000616554444057
expansion_3D,2.7,0.0191021205626,2.38887530619,0.000604707031491,1.14890886519e-15,0.0284788512263,0.117139633873,0.000618484264096
expansion_3D,2.7,0.0175788032604,2.40625318432,0.000598480128786,1.25034764726e-15,0.0273369998848,0.107884681166,0.000620400061374
expansion_3D,2.7,0.0159803097516,2.42432211254,0.000592123027455,2.71507038209e-15,0.0261498964704,0.0982607829433,0.00062241067823
expansion_3D,2.7,0.0143029300658,2.44312482722,0.000585594480467,5.29511266592e-15,0.0249153517117,0.0882422271615,0.000624591851413
expansion_3D,2.7,0.0125427711444,2.45419610785,0.000535086374043,3.60989647077e-15,0.0240577277537,0.082550089221,0.00062399832333
expansion_3D,2.7,0.0106957478051,2.46498640213,0.000474647104816,1.53594100115e-15,0.0231902062017,0.0770523304686,0.00062294621873
expansion_3D,2.7,0.00875757326046,2.47806803132,0.000401350165508,9.13681151461e-16,0.0221371190401,0.0703881735192,0.000621560927612
expansion_3D,2.7,0.00672374916872,2.49424625827,0.000311054632415,2.54588981524e-15,0.0208368559685,0.0621438465975,0.000620027636109
expansion_3D,2.7,0.00458955519348,2.49589029347,0.000212790885966,1.93829300087e-15,0.0207047121382,0.0613063353588,0.000619868725837
expansion_3D,2.7,0.00235003804819,2.49589152275,0.000109282904162,1.03981951071e-15,0.0207046007991,0.061306033276,0.000619865011474
expansion_3D,2.7,4.9969541351e-08,2.49589432738,2.32763795958e-09,-2.247733528e-20,0.0207040728427,0.0613041232855,0.000619852338579
expansion_2D,2.8,0.0499690416555,0.0479544678713,3.41311825427e-08,-3.9496841546e-18,0.000406424519159,0.121105936407,4.32433419428e-09
expansion_2D,2.8,0.0499690169954,0.0479948769724,3.41590865003e-08,-4.14455947477e-18,0.000406761364423,0.121208004815,4.32797868957e-09
expansion_2D,2.8,0.0499689911183,0.048037280302,3.41883675453e-08,-4.34905208212e-18,0.00040711483333,0.121315110398,4.33180304426e-09
expansion_2D,2.8,0.0499689639641,0.0480817763427,3.42190936837e-08,-4.56363691422e-18,0.000407485746817,0.121427501911,4.33581614048e-09
expansion_2D,2.8,0.0499689354699,0.048128468165,3.42513360893e-08,-4.78881103546e-18,0.000407874964068,0.121545439698,4.34002727416e-09
expansion_2D,2.8,0.0499689055695,0.0481774642471,3.42851696704e-08,-5.02509758836e-18,0.000408283389344,0.121669197762,4.34444622895e-09
expansion_2D,2.8,0.0499688741934,0.0482288784748,3.43206730691e-08,-5.27304579342e-18,0.000408711971981,0.121799063763,4.34908327619e-09
expansion_2D,2.8,0.049968841269,0.0482828298135,3.43579284355e-08,-5.53322936892e-18,0.000409161703662,0.121935338193,4.35394914538e-09
expansion_2D,2.8,0.0499688067197,0.0483394437833,3.43970224457e-08,-5.80625364291e-18,0.000409633630706,0.122078338102,4.35905515717e-09
expansion_2D,2.8,0.0499687704654,0.0483988516394,3.44380457362e-08,-6.09275160192e-18,0.000410128847241,0.122228395023,4.36441314946e-09
expansion_2D,2.8,0.049968732422,0.0484611911918,3.448109347e-08,-6.39338784242e-18,0.000410648502033,0.122385857047,4.37003555132e-09
expansion_2D,2.8,0.0499686925011,0.0485266072965,3.45262656753e-08,-6.70886094141e-18,0.000411193802583,0.122551090063,4.37593542732e-09
expansion_2D,2.8,0.0499686506101,0.0485952516918,3.45736671329e-08,-7.03990266611e-18,0.000411766013765,0.122724477343,4.38212646273e-09
expansion_2D,2.8,0.0499686066517,0.0486672838177,3.46234079421e-08,-7.38728192547e-18,0.00041236646465,0.122906421613,4.38862303743e-09
expansion_2D,2.8,0.049968560524,0.0487428706519,3.46756034069e-08,-7.75180397952e-18,0.000412996547144,0.123097344638,4.39544021114e-09
expansion_2D,2.8,0.0499685121199,0.0488221876932,3.47303747157e-08,-8.13431518116e-18,0.000413657724182,0.123297689707,4.40259381208e-09
expansion_2D,2.8,0.049968461327,0.0489054191249,3.47878490538e-08,-8.53570376629e-18,0.000414351531093,0.123507922043,4.41010045175e-09
expansion_2D,2.8,0.0499684080274,0.0489927581431,3.48481598302e-08,-8.95690143436e-18,0.000415079578338,0.123728529636,4.41797755449e-09
expansion_2D,2.8,0.0499683520976,0.0490844071203,3.49114467903e-08,-9.39888413843e-18,0.000415843552866,0.123960023654,4.42624337226e-09
expansion_2D,2.8,0.0499682934075,0.0491805792438,3.49778571479e-08,-9.86267998783e-18,0.000416645231783,0.124202942582,4.43491713243e-09
expansion_2D,2.8,0.0499682318211,0.0492814973691,3.50475447928e-08,-1.03493637165e-17,0.000417486472783,0.124457849325,4.44401893432e-09
expansion_2D,2.8,0.0499681671954,0.0493873958222,3.51206715355e-08,-1.08600653753e-17,0.000418369229179,0.124725335763,4.45356991179e-09
expansion_2D,2.8,0.0499680993803,0.0494985205633,3.51974072208e-08,-1.13959711228e-17,0.000419295551266,0.12500602316,4.46359224798e-09
expansion_2D,2.8,0.0499680282186,0.0496151291873,3.5277929727e-08,-1.19583232248e-17,0.00042026758632,0.125300562169,4.47410917535e-09
expansion_2D,2.8,0.049967953545,0.0497374925617,3.53624260983e-08,-1.2548427957e-17,0.000421287592262,0.125609636968,4.48514512344e-09
expansion_2D,2.8,0.0499678751863,0.0498658944996,3.54510923178e-08,-1.31676540245e-17,0.000422357934922,0.125933964434,4.49672568935e-09
expansion_2D,2.8,0.0499677929605,0.0500006332339,3.55441343262e-08,-1.38174396741e-17,0.000423481100332,0.126274297867,4.50887777068e-09
expansion_2D,2.8,0.0499677066769,0.050142021254,3.56417679089e-08,-1.4499291904e-17,0.000424659693365,0.126631426575,4.52162955084e-09
expansion_2D,2.8,0.0499676161351,0.0502903869438,3.57442198269e-08,-1.52147943659e-17,0.00042589645139,0.127006180018,4.53501064678e-09
expansion_2D,2.8,0.0499675211251,0.0504460744184,3.58517277043e-08,-1.59656065754e-17,0.000427194242906,0.127399427386,4.54905209421e-09
expansion_2D,2.8,0.0499674214263,0.0506094451624,3.59645411594e-08,-1.67534718139e-17,0.000428556081205,0.127812081745,4.56378649541e-09
expansion_2D,2.8,0.0499673168073,0.0507808783579,3.60829220311e-08,-1.75802187094e-17,0.000429985127102,0.128245100863,4.57924804881e-09
expansion_2D,2.8,0.0499672070254,0.0509607717036,3.6207144945e-08,-1.84477651877e-17,0.000431484695762,0.128699489278,4.59547262283e-09
expansion_2D,2.8,0.0499670918256,0.0511495430533,3.63374984443e-08,-1.93581263746e-17,0.000433058270366,0.129176302436,4.61249790369e-09
expansion_2D,2.8,0.0499669709408,0.0513476300887,3.64742847642e-08,-2.03134130158e-17,0.000434709499372,0.129676645867,4.6303633659e-09
expansion_2D,2.8,0.0499668440902,0.0515554929407,3.6617821642e-08,-2.13158441206e-17,0.000436442218376,0.130201681807,4.64911050863e-09
expansion_2D,2.8,0.0499667109795,0.0517736138619,3.67684420905e-08,-2.23677453812e-17,0.000438260447374,0.130752628364,4.66878282624e-09
expansion_2D,2.8,0.0499665712997,0.0520024991931,3.69264957565e-08,-2.34715586562e-17,0.000440168407162,0.131330764494,4.68942598557e-09
expansion_2D,2.8,0.0499664247267,0.0522426800184,3.70923493731e-08,-2.46298451311e-17,0.000442170524791,0.13193743165,4.71108788509e-09
expansion_2D,2.8,0.0499662709203,0.0524947138043,3.72663878911e-08,-2.58452932209e-17,0.000444271447231,0.132574037923,4.73381880268e-09
expansion_2D,2.8,0.0499661095235,0.0527591855462,3.74490152712e-08,-2.7120724102e-17,0.000446476050933,0.13324206094,4.75767149905e-09
expansion_2D,2.8,0.0499659401617,0.0530367090799,3.76406553894e-08,-2.84590980338e-17,0.000448789452757,0.133943051174,4.78270133602e-09
expansion_2D,2.8,0.0499657624418,0.0533279285559,3.78417530551e-08,-2.98635214711e-17,0.000451217022259,0.134678635669,4.80896640951e-09
expansion_2D,2.8,0.0499655759514,0.0536335197507,3.80527749166e-08,-3.13372533865e-17,0.000453764392631,0.135450521355,4.83652766777e-09
expansion_2D,2.8,0.0499653802576,0.0539541920327,3.82742108186e-08,-3.28837147522e-17,0.000456437477079,0.136260500008,4.86544908872e-09
expansion_2D,2.8,0.0499651749063,0.0542906895099,3.85065745949e-08,-3.4506494073e-17,0.000459242478394,0.137110451152,4.89579778341e-09
expansion_2D,2.8,0.0499649594209,0.0546437931594,3.87504055386e-08,-3.62093576588e-17,0.000462185906707,0.138002347441,4.92764418817e-09
expansion_2D,2.8,0.0499647333011,0.0550143227944,3.90062697606e-08,-3.79962591075e-17,0.000465274595877,0.138938259621,4.96106224188e-09
expansion_2D,2.8,0.0499644960223,0.055403138047,3.92747608682e-08,-3.98713440469e-17,0.000468515711692,0.139920359017,4.99612947476e-09
expansion_2D,2.8,0.0499642470337,0.0558111414818,3.95565021152e-08,-4.18389651489e-17,0.000471916777819,0.140950925396,5.03292728906e-09
expansion_2D,2.8,0.0499639857574,0.0562392800706,3.98521474202e-08,-4.3903689242e-17,0.000475485688097,0.142032350691,5.07154109214e-09
expansion_2D,2.8,0.049963711587,0.0566885474865,4.01623829506e-08,-4.60703083747e-17,0.000479230725663,0.143167144799,5.11206050333e-09
expansion_2D,2.8,0.0499634238863,0.0571599862343,4.0487928594e-08,-4.83438500886e-17,0.000483160580706,0.144357940958,5.15457954611e-09
expansion_2D,2.8,0.0499631219874,0.0576546907636,4.08295401078e-08,-5.07295924331e-17,0.000487284376424,0.145607503613,5.19919692883e-09
expansion_2D,2.8,0.0499628051897,0.0581738091077,4.11880102508e-08,-5.32330718678e-17,0.00049161168268,0.146918732555,5.24601619258e-09
expansion_2D,2.8,0.0499624727579,0.0587185461609,4.15641710465e-08,-5.58600990677e-17,0.000496152543324,0.148294671198,5.29514600674e-09
expansion_2D,2.8,0.0499621239205,0.0592901661362,4.195889548e-08,-5.86167707764e-17,0.000500917496679,0.149738512787,5.34670039062e-09
expansion_2D,2.8,0.0499617578679,0.059889995679,4.23730996484e-08,-6.15094848211e-17,0.000505917601496,0.151253608267,5.40079899433e-09
expansion_2D,2.8,0.0499613737505,0.0605194269806,4.28077449103e-08,-6.45449551273e-17,0.00051116446291,0.15284347414,5.45756737953e-09
expansion_2D,2.8,0.0499609706767,0.0611799210549,4.32638401494e-08,-6.77302275235e-17,0.000516670259753,0.154511800748,5.51713731503e-09
expansion_2D,2.8,0.0499605477112,0.0618730105248,4.37424436976e-08,-7.10726931754e-17,0.000522447767779,0.156262459306,5.57964702802e-09
expansion_2D,2.8,0.0499601038721,0.062600304374,4.42446666167e-08,-7.45801115032e-17,0.000528510399276,0.15809951391,5.64524163268e-09
expansion_2D,2.8,0.0499596381295,0.0633634902409,4.47716742826e-08,-7.82606212448e-17,0.000534872222189,0.160027227327,5.71407333705e-09
expansion_2D,2.8,0.0499591494022,0.0641643398263,4.53246901193e-08,-8.21227665343e-17,0.000541548005198,0.162050074652,5.78630193077e-09
expansion_2D,2.8,0.0499586365562,0.0650047113514,4.59049972963e-08,-8.61755087548e-17,0.000548553238204,0.164172749526,5.86209500673e-09
expansion_2D,2.8,0.049958098401,0.0658865556208,4.65139429152e-08,-9.04282557789e-17,0.000555904182872,0.166400179439,5.94162850792e-09
expansion_2D,2.8,0.0499575336877,0.0668119191357,4.71529401599e-08,-9.48908769819e-17,0.000563617898585,0.168737533601,6.02508700821e-09
expansion_2D,2.8,0.0499569411056,0.0677829496656,4.78234721433e-08,-9.9573730111e-17,0.000571712288881,0.171190237013,6.11266421486e-09
expansion_2D,2.8,0.0499563192793,0.0688019010001,4.85270951895e-08,-1.04487684202e-16,0.000580206141072,0.173763982471,6.20456339705e-09
expansion_2D,2.8,0.0499556667658,0.0698711377011,4.92654421145e-08,-1.09644142498e-16,0.000589119165853,0.176464742564,6.30099781454e-09
expansion_2D,2.8,0.0499549820505,0.0709931416573,5.00402267532e-08,-1.15055074055e-16,0.000598472051942,0.17929878624,6.40219130877e-09
expansion_2D,2.8,0.0499542635442,0.0721705170003,5.08532473531e-08,-1.20733037455e-16,0.000608286507057,0.182272691212,6.50837874627e-09
expansion_2D,2.8,0.0499535095795,0.0734059960034,5.17063906488e-08,-1.2669120925e-16,0.00061858530709,0.185393358868,6.61980655068e-09
expansion_2D,2.8,0.0499527184063,0.0747024464558,5.26016369532e-08,-1.32943419527e-16,0.000629392357577,0.188668032887,6.73673336779e-09
expansion_2D,2.8,0.0499518881885,0.07606287707,5.35410638919e-08,-1.39504177981e-16,0.000640732738773,0.192104312908,6.85943055326e-09
expansion_2D,2.8,0.0499510169992,0.0774904453473,5.45268518347e-08,-1.46388711854e-16,0.000652632771217,0.195710174389,6.98818288201e-09
expansion_2D,2.8,0.0499501028163,0.0789884647877,5.55612888741e-08,-1.53613000697e-16,0.000665120075836,0.199493986824,7.12328919849e-09
expansion_2D,2.8,0.0499491435183,0.0805604117723,5.66467755783e-08,-1.61193809569e-16,0.000678223631313,0.203464531121,7.26506303738e-09
expansion_2D,2.8,0.0499481368786,0.0822099349039,5.77858314402e-08,-1.69148734075e-16,0.000691973851948,0.207631023203,7.41383346603e-09
expansion_2D,2.8,0.0499470805609,0.0839408625441,5.89811000832e-08,-1.77496236719e-16,0.00070640265049,0.212003133037,7.56994576421e-09
expansion_2D,2.8,0.0499459721136,0.0857572119902,6.02353555975e-08,-1.8625569116e-16,0.000721543514631,0.216591007823,7.73376225183e-09
expansion_2D,2.8,0.049944808964,0.0876631989791,6.15515091033e-08,-1.95447428042e-16,0.000737431586233,0.221405295992,7.90566314602e-09
expansion_2D,2.8,0.0499435884126,0.0896632470276,6.29326152001e-08,-2.05092780041e-16,0.000754103739185,0.226457170801,8.08604740363e-09
expansion_2D,2.8,0.0499423076266,0.0917619980838,6.43818793222e-08,-2.1521413323e-16,0.000771598668191,0.231758357241,8.27533368174e-09
expansion_2D,2.8,0.0499409636334,0.093964323178,6.59026650937e-08,-2.25834978447e-16,0.000789956977556,0.237321158931,8.47396129841e-09
expansion_2D,2.8,0.0499395533137,0.0962753337293,6.7498502136e-08,-2.36979965817e-16,0.000809221275438,0.243158486688,8.68239125234e-09
expansion_2D,2.8,0.0499380733943,0.0987003933442,6.91730942147e-08,-2.48674961655e-16,0.000829436272195,0.24928388832,8.90110728697e-09
expansion_2D,2.8,0.0499365204404,0.101245130434,7.09303279529e-08,-2.60947109311e-16,0.000850648885567,0.255711580499,9.13061702851e-09
expansion_2D,2.8,0.0499348908476,0.103915451323,7.27742818833e-08,-2.73824892394e-16,0.000872908349946,0.262456481874,9.37145316816e-09
expansion_2D,2.8,0.049933180834,0.106717553195,7.47092353876e-08,-2.87338197197e-16,0.000896266324292,0.269534245769,9.62417462972e-09
expansion_2D,2.8,0.0499313864306,0.109657939826,7.67396795588e-08,-3.0151838856e-16,0.000920777023261,0.276961299914,9.88936798835e-09
expansion_2D,2.8,0.0499295034728,0.112743435507,7.887032682e-08,-3.16398377047e-16,0.000946497333315,0.284754881633,1.01676487268e-08
expansion_2D,2.8,0.0499275275904,0.115981201437,8.11061222393e-08,-3.32012697965e-16,0.00097348694931,0.292933079227,1.04596627131e-08
expansion_2D,2.8,0.0499254541976,0.119378752104,8.34522548455e-08,-3.4839759039e-16,0.0010018085111,0.301514873371,1.07660876788e-08
expansion_2D,2.8,0.0499232784822,0.122943972987,8.59141698487e-08,-3.65591082514e-16,0.00103152775105,0.31052018181,1.1087634815e-08
expansion_2D,2.8,0.0499209953945,0.126685138741,8.84975812003e-08,-3.83633079361e-16,0.00106271364567,0.319969905304,1.14250504124e-08
expansion_2D,2.8,0.0499185996357,0.130610932209,9.1208484719e-08,-4.02565454459e-16,0.00109543857405,0.32988597564,1.17791175762e-08
expansion_2D,2.8,0.0499160856454,0.1347304649,9.40531722353e-08,-4.22432148614e-16,0.00112977848862,0.340291407373,1.21506580733e-08
expansion_2D,2.8,0.0499134475889,0.139053297806,9.70382459617e-08,-4.4327927028e-16,0.0011658130886,0.351210350384,1.2540534209e-08
expansion_2D,2.8,0.0499106793434,0.143589464009,1.00170634108e-07,-4.65155204606e-16,0.00120362600856,0.362668147006,1.29496508668e-08
expansion_2D,2.8,0.0499077744841,0.148349491464,1.0345760661e-07,-4.8811072328e-16,0.00124330500819,0.374691389553,1.33789575623e-08
expansion_2D,2.8,0.049904726269,0.153344427902,1.0690679233e-07,-5.12199104652e-16,0.00128494218003,0.387307983233,1.38294506901e-08
expansion_2D,2.8,0.0499015276235,0.158585866067,1.10526196479e-07,-5.37476255428e-16,0.00132863415975,0.400547209886,1.43021757993e-08
expansion_2D,2.8,0.0498981711238,0.164085970917,1.14324219405e-07,-5.64000841849e-16,0.00137448235293,0.414439796698,1.4798230047e-08
expansion_2D,2.8,0.0498946489798,0.169857507645,1.18309675939e-07,-5.91834424827e-16,0.00142259316866,0.429017986973,1.53187647255e-08
expansion_2D,2.8,0.0498909530168,0.17344346521,1.20839131927e-07,-6.20603677038e-16,0.00145248214821,0.438074611061,1.56421480454e-08
expansion_2D,2.8,0.0498870746569,0.176554956768,1.23057612601e-07,-6.50677221378e-16,0.00147841506153,0.445932459847,1.59227286328e-08
expansion_2D,2.8,0.0498830048986,0.179820001508,1.25385576061e-07,-6.82234905444e-16,0.00150562777308,0.454178096183,1.6217155969e-08
expansion_2D,2.8,0.0498787342964,0.183246177272,1.27828425278e-07,-7.15349971594e-16,0.00153418344082,0.462830657362,1.65261133903e-08
expansion_2D,2.8,0.0498742529385,0.186841435997,1.30391829952e-07,-7.50099277662e-16,0.00156414834067,0.471910225438,1.68503179675e-08
expansion_2D,2.8,0.0498695504243,0.190614121774,1.33081739382e-07,-7.865634721e-16,0.00159559201693,0.481437872806,1.71905221338e-08
expansion_2D,2.8,0.0498646158393,0.194572990978,1.35904396829e-07,-8.24827187679e-16,0.00162858745015,0.491435713066,1.75475155004e-08
expansion_2D,2.8,0.0498594377311,0.198727231524,1.3886635324e-07,-8.64979228906e-16,0.00166321121756,0.50192694964,1.79221265931e-08
expansion_2D,2.8,0.0498540040814,0.203086485333,1.41974483263e-07,-9.07112787748e-16,0.00169954368033,0.512935932509,1.83152248779e-08
expansion_2D,2.8,0.0498483022794,0.207660869672,1.45236000468e-07,-9.51325650784e-16,0.00173766916142,0.5244882121,1.8727722685e-08
expansion_2D,2.8,0.0498423190916,0.212461001379,1.48658474618e-07,-9.97720433133e-16,0.00177767614752,0.536610600481,1.91605773943e-08
expansion_2D,2.8,0.0498360406316,0.218683772479,1.62877375948e-07,-1.02320344182e-15,0.00194407363653,0.561752713454,3.72560059759e-08
expansion_2D,2.8,0.0498294523275,0.229186328024,2.13403977841e-07,-9.72211176762e-16,0.00253552120873,0.629751974393,1.15348781987e-07
expansion_2D,2.8,0.0498225388884,0.24020718818,2.66424084354e-07,-9.18702428161e-16,0.00315615691546,0.70110702149,1.97295462484e-07
expansion_2D,2.8,0.0498152842688,0.25177193142,3.22060750612e-07,-8.62553004849e-16,0.00380742119904,0.775983463698,2.83286238694e-07
expansion_2D,2.8,0.0498076716314,0.263907398441,3.80443104164e-07,-8.03632590285e-16,0.00449082558353,0.854555082303,3.73520687242e-07
expansion_2D,2.8,0.0497996833078,0.276641754817,4.41706646376e-07,-7.41804436029e-16,0.0052079562028,0.937004236546,4.68208235984e-07
expansion_2D,2.8,0.0497913007579,0.290004555712,5.05993563801e-07,-6.76925037136e-16,0.00596047744529,1.02352228267,5.67568645249e-07
expansion_2D,2.8,0.0497825045264,0.304026815236,5.73453061787e-07,-6.08843823567e-16,0.00675013585908,1.11431002288,6.71832523455e-07
expansion_2D,2.8,0.049773274198,0.31744000588,6.36979120247e-07,-6.52302273417e-16,0.00750557190288,1.20117002078,7.71580077556e-07
expansion_2D,2.8,0.0497635883499,0.331263851944,7.02237509352e-07,-7.20097174046e-16,0.00828415255755,1.29069263277,8.74384123204e-07
expansion_2D,2.8,0.049753424502,0.345769909373,7.70716421495e-07,-7.91237775393e-16,0.00910115642445,1.38463321521,9.82261582429e-07
expansion_2D,2.8,0.0497427590648,0.360991845597,8.42574790901e-07,-8.65889189257e-16,0.00995847970597,1.48320979687,1.09546283042e-06
expansion_2D,2.8,0.0497315672849,0.376964989189,9.1797939357e-07,-9.44224674012e-16,0.0108581121627,1.58665116402,1.21425059581e-06
expansion_2D,2.8,0.049719823187,0.393726412645,9.97105238053e-07,-1.02642604057e-15,0.0118021417755,1.69519739648,1.33890057629e-06
expansion_2D,2.8,0.049707499514,0.411315017869,1.08013596903e-06,-1.11268407165e-15,0.0127927595606,1.80910042128,1.46970207437e-06
expansion_2D,2.8,0.0496945676637,0.429771626523,1.16726429378e-06,-1.20319896482e-15,0.013832264658,1.92862459766,1.60695866923e-06
expansion_2D,2.8,0.0496809976224,0.449139074791,1.25869242957e-06,-1.29818079728e-15,0.0149230696686,2.05404733086,1.7509889215e-06
expansion_2D,2.8,0.0496667578951,0.469462313,1.35463257392e-06,-1.3978500144e-15,0.0160677062651,2.18565971717,1.90212711407e-06
expansion_2D,2.8,0.0496518154326,0.490788509661,1.45530739578e-06,-1.50243793999e-15,0.0172688310521,2.3237672178,2.06072402588e-06
expansion_2D,2.8,0.0496361355548,0.513167160944,1.56095055227e-06,-1.61218731313e-15,0.0185292317311,2.46869036773,2.22714774598e-06
expansion_2D,2.8,0.0496196818698,0.536650206132,1.67180723378e-06,-1.72735285445e-15,0.0198518336042,2.62076552345,2.40178453218e-06
expansion_2D,2.8,0.0496024161901,0.560022954475,1.78331674589e-06,-1.95718030134e-15,0.0211681394651,2.77210931639,2.5755875056e-06
expansion_2D,2.8,0.0495842984434,0.583427477045,1.89607128501e-06,-2.29466204323e-15,0.0224861565916,2.92364293511,2.74961411601e-06
expansion_2D,2.8,0.04956528658,0.607987020426,2.01439029736e-06,-2.64879861811e-15,0.0238692182924,3.08265478725,2.93222899632e-06
expansion_2D,2.8,0.049545336475,0.633758585205,2.13854839118e-06,-3.02041194808e-15,0.025320534535,3.24951392567,3.12385597996e-06
expansion_2D,2.8,0.0495244018258,0.654834873872,2.37965235296e-06,-2.75192853344e-15,0.0267697861115,3.37340540461,3.85520873768e-06
expansion_2D,2.8,0.0495024340447,0.67580437954,2.65395469942e-06,-2.34364108987e-15,0.0282763956573,3.4935696803,4.72457400044e-06
expansion_2D,2.8,0.0494793821465,0.697808737091,2.94179395538e-06,-1.91520452372e-15,0.0298573568713,3.61966410184,5.63684272001e-06
expansion_2D,2.8,0.0494551926296,0.719198367456,3.21859556663e-06,-1.85585860957e-15,0.0313941353366,3.742233937,6.52363189826e-06
expansion_2D,2.8,0.0494298093522,0.740897304807,3.49798047823e-06,-1.96482631712e-15,0.0329531289447,3.86657528921,7.42324750003e-06
expansion_2D,2.8,0.0494031734017,0.763667091863,3.79115312723e-06,-2.07917161693e-15,0.0345890594009,3.99705292809,8.36725942805e-06
expansion_2D,2.8,0.0493752229583,0.787560575385,4.09879394269e-06,-2.1991598882e-15,0.036305723562,4.13396968129,9.35785865457e-06
expansion_2D,2.8,0.0493458931514,0.812633210112,4.42161693276e-06,-2.32506962674e-15,0.0381071056596,4.27764332092,1.03973442761e-05
expansion_2D,2.8,0.049315115909,0.83894318751,4.76037134227e-06,-2.45719305179e-15,0.0399973865489,4.42840730134,1.14881288508e-05
expansion_2D,2.8,0.0492828197996,0.866551570915,5.11584339292e-06,-2.59583681117e-15,0.0419809534197,4.58661153362,1.26327440017e-05
expansion_2D,2.8,0.0492489298666,0.894390732871,5.47686899922e-06,-3.00579654396e-15,0.0439811128522,4.74613963433,1.37869224192e-05
expansion_2D,2.8,0.0492133674544,0.92191456115,5.83781614547e-06,-3.83074710768e-15,0.0459586350324,4.90386299813,1.49280203732e-05
expansion_2D,2.8,0.0491760500255,0.950617181354,6.21936155449e-06,-4.66360429174e-15,0.0480046549756,5.06463206721,1.61354414457e-05
expansion_2D,2.8,0.0491368909693,0.970996472458,6.77085935088e-06,-3.75771659617e-15,0.0485731630143,4.97627360686,1.79455213177e-05
expansion_2D,2.8,0.0490957994009,0.992381488228,7.34957374347e-06,-2.80712306316e-15,0.0491697271102,4.88355462766,1.9844929222e-05
expansion_2D,2.8,0.0490526799502,1.01278056218,7.89546315265e-06,-2.77112400052e-15,0.0497387070192,4.7950888957,2.16566959857e-05
expansion_2D,2.8,0.0490074325405,1.03387711,8.45899349102e-06,-2.87900259845e-15,0.0503271278437,4.70359480959,2.35303979774e-05
expansion_2D,2.8,0.0489599521563,1.05601477936,9.0503342363e-06,-2.99220501408e-15,0.0509445874287,4.60758546034,2.54965677767e-05
expansion_2D,2.8,0.0489101285996,1.07924494996,9.6708578409e-06,-3.11099403374e-15,0.0515925188464,4.50683801827,2.7559768699e-05
expansion_2D,2.8,0.0488578462342,1.10362153702,1.03220044869e-05,-3.23564533009e-15,0.0522724258899,4.40111865724,2.97247892567e-05
expansion_2D,2.8,0.0488029837169,1.12794632165,1.09772513017e-05,-3.96443612209e-15,0.052950942945,4.29563870796,3.18852570638e-05
expansion_2D,2.8,0.0487454137165,1.15225604721,1.16376786508e-05,-5.30845207098e-15,0.0536290958397,4.19023908331,3.40444363695e-05
expansion_2D,2.8,0.0486850026177,1.17349520469,1.25190204948e-05,-4.85462336453e-15,0.0539374502926,4.06345038842,3.68610296752e-05
expansion_2D,2.8,0.0486216102115,1.19349490055,1.35447429009e-05,-3.37974257643e-15,0.0540449888243,3.92173279221,4.01117227347e-05
expansion_2D,2.8,0.0485550893693,1.21242096318,1.45053250344e-05,-3.3861679647e-15,0.0541466567478,3.78760649434,4.31875969367e-05
expansion_2D,2.8,0.0484852857018,1.23216116524,1.55065783723e-05,-3.48331299899e-15,0.0542526918039,3.64770944541,4.63957653044e-05
expansion_2D,2.8,0.0484120372006,1.25287555271,1.65572438881e-05,-3.58525217233e-15,0.0543639597245,3.50090843161,4.97622578247e-05
expansion_2D,2.8,0.0483351738618,1.27461220199,1.76597600923e-05,-3.69222202443e-15,0.0544807187536,3.34686273954,5.3294887857e-05
expansion_2D,2.8,0.0482545172922,1.29626500859,1.87670853023e-05,-4.68198996327e-15,0.0545970885792,3.19342154096,5.681408787e-05
expansion_2D,2.8,0.0481698802945,1.31795094341,1.98846507675e-05,-6.50623263828e-15,0.0547136941278,3.03975530276,6.03388570673e-05
expansion_2D,2.8,0.0480810664333,1.33651700239,2.14945638682e-05,-4.75087944084e-15,0.0546126307731,2.91847058296,6.48614464053e-05
expansion_2D,2.8,0.047987869579,1.35483126902,2.31081489449e-05,-3.78145342161e-15,0.054502808593,2.79934011868,6.93977981003e-05
expansion_2D,2.8,0.0478900734295,1.37299882552,2.47006940977e-05,-3.86079782602e-15,0.0543938006216,2.68115763044,7.38974231434e-05
expansion_2D,2.8,0.0477874510081,1.39206295687,2.63718318736e-05,-3.94405784974e-15,0.0542794130712,2.55714279783,7.86191061511e-05
expansion_2D,2.8,0.0476797641367,1.41206790932,2.81254408443e-05,-4.03142686483e-15,0.0541593804578,2.42700779274,8.35738057567e-05
expansion_2D,2.8,0.0475667628829,1.43181671407,2.98726454372e-05,-5.42297571053e-15,0.054040966868,2.29854702256,8.84655482439e-05
expansion_2D,2.8,0.0474481849804,1.45114438889,3.18029024082e-05,-6.633251931e-15,0.053903162122,2.17787317367,9.36155014611e-05
expansion_2D,2.8,0.0473237552196,1.46919135812,3.43620676996e-05,-4.28621497623e-15,0.0536954317062,2.08334297322,9.9727775386e-05
expansion_2D,2.8,0.0471931848095,1.48636678501,3.67796422967e-05,-4.11444886447e-15,0.053497598474,1.99336970101,0.000105543824714
expansion_2D,2.8,0.047056170707,1.50420736475,3.92887872195e-05,-4.17143318927e-15,0.0532920883701,1.89991109504,0.000111584992968
expansion_2D,2.8,0.0469123949137,1.52292838295,4.19217592655e-05,-4.23122976471e-15,0.0530764362753,1.80184027627,0.000117924294851
expansion_2D,2.8,0.0467615237381,1.54183449891,4.45953859041e-05,-5.25175692397e-15,0.0528587149784,1.70280367126,0.000124326760939
expansion_2D,2.8,0.0466032070206,1.56031937191,4.73720298912e-05,-7.20935707107e-15,0.0526399440375,1.60829013748,0.000130768872888
expansion_2D,2.8,0.0464370773214,1.57798415633,5.11545153402e-05,-4.555793669e-15,0.0523823025183,1.53667373512,0.000138394778577
expansion_2D,2.8,0.0462627490673,1.59483852463,5.47410769925e-05,-4.27178920361e-15,0.0521363164574,1.46833562634,0.000145669445821
expansion_2D,2.8,0.0460798176569,1.61232163469,5.84584607088e-05,-4.27556312881e-15,0.0518811322049,1.39744723941,0.000153215306709
expansion_2D,2.8,0.0458878585216,1.63066754195,6.23592985267e-05,-4.27952302069e-15,0.051613354526,1.32306048741,0.000161133558298
expansion_2D,2.8,0.0456864261402,1.64879816325,6.62464560667e-05,-5.94465967389e-15,0.0513488413007,1.24955209236,0.000168959910383
expansion_2D,2.8,0.045475053005,1.66657266848,7.07557189782e-05,-6.35025777071e-15,0.0510730496704,1.18440244804,0.000177307274296
expansion_2D,2.8,0.0452532485365,1.68392922765,7.61046747497e-05,-4.26562398609e-15,0.0507804144477,1.1304996276,0.000186405631872
expansion_2D,2.8,0.045020497945,1.70079320211,8.12792201931e-05,-4.20744106009e-15,0.0504959158034,1.0781204709,0.000195244487374
expansion_2D,2.8,0.0447762610358,1.71848941923,8.6709131144e-05,-4.14638625829e-15,0.050197377058,1.02315638571,0.000204519543282
expansion_2D,2.8,0.0445199709553,1.73675071872,9.23246477469e-05,-4.56356129235e-15,0.0498893469528,0.966438690514,0.000214091089627
expansion_2D,2.8,0.0442510328755,1.75443845127,9.78872797268e-05,-7.07514303025e-15,0.049589920405,0.91191570804,0.000223412780319
expansion_2D,2.8,0.0439688226137,1.77202025849,0.000105410953294,-4.28289822716e-15,0.0492536137282,0.870089454909,0.000234179881537
expansion_2D,2.8,0.0436726851832,1.7887804374,0.000112551355256,-3.98460468493e-15,0.048932772828,0.830209825472,0.000244442559934
expansion_2D,2.8,0.0433619332737,1.80624562473,0.000119989593994,-3.86182831233e-15,0.0485984159921,0.788652043907,0.000255136832628
expansion_2D,2.8,0.043035845656,1.82457272476,0.000127794912243,-3.73299210793e-15,0.0482475585371,0.745043372254,0.000266358871172
expansion_2D,2.8,0.0426936655078,1.84214924682,0.000135368382346,-6.11210065037e-15,0.0479113434133,0.703229460143,0.000277122661208
expansion_2D,2.8,0.0423345986575,1.85984502485,0.000145143102241,-4.24554614096e-15,0.0475318174515,0.669507880171,0.000289137405723
expansion_2D,2.8,0.0419578117407,1.87688539248,0.000154858623515,-3.58062175895e-15,0.047159782211,0.638318191236,0.000300888404161
expansion_2D,2.8,0.0415624302666,1.8944100869,0.000164842719546,-3.38800773095e-15,0.0467771058686,0.606240125355,0.00031297335452
expansion_2D,2.8,0.0411475365874,1.91279963072,0.000175319533982,-3.1858881272e-15,0.0463755443234,0.572578996427,0.000325654701132
expansion_2D,2.8,0.0407121677697,1.93053951241,0.000185533193705,-5.38805428056e-15,0.0459884694733,0.540115611261,0.000337888174336
expansion_2D,2.8,0.0402553133585,1.94842556368,0.000198270182641,-3.60279828059e-15,0.0455461503695,0.513755551005,0.000351084190664
expansion_2D,2.8,0.0397759130328,1.96567363842,0.000210904836542,-3.14307001221e-15,0.0451112634612,0.489315105542,0.000363945595051
expansion_2D,2.8,0.0392728541444,1.98347198838,0.000223936923244,-3.10679436401e-15,0.0446624390942,0.464093153852,0.000377217907336
expansion_2D,2.8,0.0387449691355,2.00209824429,0.000237579569696,-3.14231362376e-15,0.0441927481072,0.437698287979,0.000391107490184
expansion_2D,2.8,0.0381910328289,2.02007132653,0.000250880088994,-5.47309412166e-15,0.0437398667619,0.412238619564,0.000404506790816
expansion_2D,2.8,0.0376097595846,2.0381957744,0.000267082591715,-3.13070266391e-15,0.0432055539507,0.392131068202,0.000418376907687
expansion_2D,2.8,0.0369998003158,2.0556097096,0.000282659717646,-2.63486192761e-15,0.0426911190088,0.372855377306,0.000431715887978
expansion_2D,2.8,0.0363597393577,2.07384139408,0.000298967857858,-2.16693535925e-15,0.042152517167,0.352674238396,0.000445681520979
expansion_2D,2.8,0.0356880911821,2.09261424839,0.000315798400375,-2.09165352219e-15,0.0415980093816,0.331896460782,0.000460059378086
expansion_2D,2.8,0.0349832969497,2.11092784169,0.000332758683704,-2.82245348074e-15,0.0410354273273,0.312534092937,0.00047394293501
expansion_2D,2.8,0.0342437208916,2.12909571612,0.000351097114273,-1.79751555884e-15,0.040397127179,0.296611833817,0.000487227265016
expansion_2D,2.8,0.0334676465133,2.14697674466,0.000369148354185,-1.81373278834e-15,0.0397686697922,0.280933043484,0.000500318226505
expansion_2D,2.8,0.0326532726109,2.1657402078,0.000388090428685,-1.83075034341e-15,0.0391091978281,0.264480499725,0.00051405523122
expansion_2D,2.8,0.0317987090903,2.18469533045,0.000407323978583,-2.65103244269e-15,0.0384431476436,0.247865279431,0.000527921366492
expansion_2D,2.8,0.0309019725807,2.20318514239,0.0004260447177,-2.58567579018e-15,0.0377234823351,0.233234242288,0.000540416771402
expansion_2D,2.8,0.0299609818313,2.22125980418,0.000444248286257,-1.81924829598e-15,0.0369550142505,0.220380699363,0.000551707811255
expansion_2D,2.8,0.028973552881,2.23962542329,0.000462768473218,-1.78040444601e-15,0.0361740929162,0.207315655789,0.000563199257484
expansion_2D,2.8,0.0279373939894,2.25889739169,0.000482202637457,-1.73964186168e-15,0.0353546328589,0.193605848046,0.000575257810338
expansion_2D,2.8,0.0268501003178,2.27807001121,0.000501703718598,-3.21299403805e-15,0.0345395467578,0.179975270752,0.0005872189593
expansion_2D,2.8,0.0257091483483,2.29591938367,0.00051254453244,-1.88928336158e-15,0.0336244892534,0.169050003496,0.000595380079686
expansion_2D,2.8,0.0245118900263,2.31364244153,0.000522521839873,-1.53431711496e-15,0.0326975201664,0.15840401604,0.000603189527064
expansion_2D,2.8,0.0232555466148,2.33216050373,0.000532955534255,-1.30348452387e-15,0.0317289827446,0.147279738996,0.000611355503211
expansion_2D,2.8,0.0219372022455,2.35135918239,0.000543826757591,-1.37118742521e-15,0.0307248015574,0.135748887859,0.000619801710054
expansion_2D,2.8,0.0205537971508,2.36938918338,0.000549137931772,-1.64334387882e-15,0.0297145858244,0.125263892425,0.000626483747046
expansion_2D,2.8,0.0191021205626,2.38528153969,0.000543334956004,-1.19646520794e-15,0.0286837026683,0.116731328893,0.000629876931816
expansion_2D,2.8,0.0175788032604,2.4019047682,0.000537359001389,-1.38407976588e-15,0.0276058781571,0.107803704232,0.000633488201891
expansion_2D,2.8,0.0159803097516,2.41934835847,0.000531088131462,-1.58095409419e-15,0.0264748626541,0.0984354983766,0.000637277689323
expansion_2D,2.8,0.0143029300658,2.4376468021,0.000524622052529,-2.57333832549e-15,0.0252877797746,0.0886111630202,0.000641172869606
expansion_2D,2.8,0.0125427711444,2.44808995918,0.000479424200565,-1.79138814136e-15,0.0244946520311,0.0832198022694,0.000641961354023
expansion_2D,2.8,0.0106957478051,2.45941483723,0.000419169714404,2.80163105911e-16,0.0236033644443,0.0774317001264,0.000642505323282
expansion_2D,2.8,0.00875757326046,2.47158810699,0.000354450175756,2.64230129529e-15,0.0226454567036,0.0712097740656,0.000643103990706
expansion_2D,2.8,0.00672374916872,2.48594357857,0.000278019347689,5.80344577913e-15,0.0215149797249,0.0638729205988,0.000643738019006
expansion_2D,2.8,0.00458955519348,2.48751752353,0.000189553612385,4.44452946099e-15,0.0213909836369,0.0630688745717,0.000643800061829
expansion_2D,2.8,0.00235003804819,2.48751943984,9.69278283088e-05,2.31406033281e-15,0.0213907478312,0.063068120916,0.00064379340638
expansion_2D,2.8,4.9969541351e-08,2.48752192004,2.06100455668e-09,4.19756840528e-21,0.0213904042366,0.0630669769266,0.000643784192949
contraction_4D,11.2,0.0999380833111,0.010945170461,-2.96015611986e-10,-1.06696367749e-17,2.39313002702e-05,0.000552645902497,3.24622885845e-09
contraction_4D,11.2,0.0999380339908,0.0109514893785,-2.95662227744e-10,-1.11961775305e-17,2.39448368458e-05,0.000552964956281,3.24810292833e-09
contraction_4D,11.2,0.0999379822366,0.0109581201272,-2.95291404397e-10,-1.17487024658e-17,2.39590414359e-05,0.000553299755003,3.25006948141e-09
contraction_4D,11.2,0.0999379279283,0.0109650781073,-2.94902280701e-10,-1.23284948294e-17,2.39739470308e-05,0.000553651076237,3.25213308503e-09
contraction_4D,11.2,0.0999378709398,0.0109723794746,-2.94493953139e-10,-1.29369008579e-17,2.39895882402e-05,0.000554019735726,3.25429853073e-09
contraction_4D,11.2,0.0999378111389,0.0109800411667,-2.94065474486e-10,-1.3575331911e-17,2.40060013482e-05,0.000554406588675,3.25657084185e-09
contraction_4D,11.2,0.0999377483869,0.0109880809537,-2.93615850945e-10,-1.4245268742e-17,2.40232244225e-05,0.000554812532335,3.25895528868e-09
contraction_4D,11.2,0.099937682538,0.0109965175156,-2.93144037846e-10,-1.49482679038e-17,2.404129748e-05,0.000555238509889,3.26145741135e-09
contraction_4D,11.2,0.0999376134395,0.0110053704163,-2.9264894108e-10,-1.56859596128e-17,2.4060262431e-05,0.000555685509156,3.26408301213e-09
contraction_4D,11.2,0.0999375409309,0.0110146602191,-2.9212941065e-10,-1.64600573581e-17,2.40801633268e-05,0.000556154568413,3.26683818969e-09
contraction_4D,11.2,0.099937464844,0.0110244084737,-2.9158424139e-10,-1.72723568334e-17,2.41010463319e-05,0.000556646775748,3.26972933528e-09
contraction_4D,11.2,0.0999373850022,0.0110346378061,-2.91012167944e-10,-1.81247434105e-17,2.41229599165e-05,0.000557163273589,3.27276315934e-09
contraction_4D,11.2,0.0999373012201,0.0110453719698,-2.90411861906e-10,-1.90191964092e-17,2.41459549659e-05,0.000557705261292,3.2759467067e-09
contraction_4D,11.2,0.0999372133034,0.0110566358585,-2.897819311e-10,-1.99577901655e-17,2.41700848082e-05,0.000558273995786,3.27928736034e-09
contraction_4D,11.2,0.099937121048,0.0110684556215,-2.8912091313e-10,-2.09427036397e-17,2.41954054612e-05,0.000558870797398,3.28279287565e-09
contraction_4D,11.2,0.0999370242397,0.0110808587022,-2.88427273235e-10,-2.19762236187e-17,2.42219757147e-05,0.000559497051791,3.2864713918e-09
contraction_4D,11.2,0.099936922654,0.0110938738633,-2.87699402854e-10,-2.3060746852e-17,2.42498571857e-05,0.000560154211258,3.29033143931e-09
contraction_4D,11.2,0.0999368160549,0.0111075313414,-2.86935611025e-10,-2.41987928626e-17,2.42791146473e-05,0.000560843802487,3.2943819857e-09
contraction_4D,11.2,0.0999367041951,0.0111218628204,-2.86134125823e-10,-2.53930018111e-17,2.4309815974e-05,0.000561567425266,3.29863242786e-09
contraction_4D,11.2,0.099936586815,0.0111369015603,-2.85293087191e-10,-2.66461451727e-17,2.43420324164e-05,0.000562326758952,3.30309263006e-09
contraction_4D,11.2,0.0999364636422,0.011152682461,-2.84410543359e-10,-2.79611310745e-17,2.43758387381e-05,0.000563123565703,3.30777294294e-09
contraction_4D,11.2,0.0999363343907,0.0111692421648,-2.83484445113e-10,-2.93410128365e-17,2.44113134353e-05,0.000563959695659,3.3126842339e-09
contraction_4D,11.2,0.0999361987607,0.0111866190821,-2.8251264436e-10,-3.07889911064e-17,2.44485387919e-05,0.00056483708823,3.31783789474e-09
contraction_4D,11.2,0.0999360564372,0.0112048535707,-2.81492884096e-10,-3.23084288071e-17,2.44876012636e-05,0.000565757781157,3.3232458948e-09
contraction_4D,11.2,0.0999359070901,0.011223987923,-2.80422799127e-10,-3.3902850067e-17,2.45285914506e-05,0.00056672390986,3.3289207772e-09
contraction_4D,11.2,0.0999357503726,0.0112440665711,-2.792999046e-10,-3.55759573039e-17,2.45716045363e-05,0.000567737717796,3.33487571964e-09
contraction_4D,11.2,0.0999355859211,0.0112651360994,-2.78121595291e-10,-3.73316322908e-17,2.46167403155e-05,0.000568801557097,3.34112453815e-09
contraction_4D,11.2,0.0999354133538,0.0112872454241,-2.76885135568e-10,-3.91739511031e-17,2.4664103578e-05,0.000569917897634,3.34768174036e-09
contraction_4D,11.2,0.0999352322703,0.0113104458444,-2.75587656531e-10,-4.11071883888e-17,2.47138042184e-05,0.000571089329601,3.35456254064e-09
contraction_4D,11.2,0.0999350422502,0.011334791222,-2.74226145977e-10,-4.31358323148e-17,2.4765957621e-05,0.000572318572572,3.36178291333e-09
contraction_4D,11.2,0.0999348428526,0.011360338045,-2.7279744482e-10,-4.52645899045e-17,2.48206847961e-05,0.000573608478735,3.36935961172e-09
contraction_4D,11.2,0.0999346336146,0.0113871456202,-2.7129823634e-10,-4.74984030525e-17,2.48781127926e-05,0.000574962042599,3.37731022505e-09
contraction_4D,11.2,0.0999344140507,0.0114152761499,-2.69725041888e-10,-4.98424549296e-17,2.49383748621e-05,0.00057638240487,3.38565320133e-09
contraction_4D,11.2,0.0999341836513,0.0114447949239,-2.68074210136e-10,-5.23021859968e-17,2.50016108705e-05,0.000577872862158,3.39440790431e-09
contraction_4D,11.2,0.0999339418815,0.0114757704737,-2.66341908478e-10,-5.48833068163e-17,2.50679676281e-05,0.000579436874739,3.40359465908e-09
contraction_4D,11.2,0.0999336881804,0.0115082746619,-2.64524118017e-10,-5.75918055252e-17,2.51375990807e-05,0.000581078071086,3.4132347787e-09
contraction_4D,11.2,0.099933421959,0.011542382951,-2.62616618517e-10,-6.04339702543e-17,2.52106668869e-05,0.000582800261447,3.42335064394e-09
contraction_4D,11.2,0.0999331425994,0.0115781745065,-2.6061498267e-10,-6.34163976695e-17,2.5287340637e-05,0.000584607443027,3.43396573374e-09
contraction_4D,11.2,0.0999328494534,0.0116157323757,-2.58514566068e-10,-6.65460079176e-17,2.53677982378e-05,0.000586503809042,3.44510467837e-09
contraction_4D,11.2,0.0999325418406,0.0116551437316,-2.56310493585e-10,-6.98300649108e-17,2.54522264334e-05,0.000588493761011,3.45679333162e-09
contraction_4D,11.2,0.099932219047,0.0116965000517,-2.53997649349e-10,-7.3276191273e-17,2.55408211903e-05,0.00059058191781,3.46905882403e-09
contraction_4D,11.2,0.0999318803233,0.0117398973364,-2.51570664559e-10,-7.68923864891e-17,2.56337881631e-05,0.000592773126673,3.48192962744e-09
contraction_4D,11.2,0.0999315248836,0.0117854362753,-2.49023908175e-10,-8.06870407831e-17,2.57313430521e-05,0.000595072471599,3.49543560445e-09
contraction_4D,11.2,0.0999311519028,0.0118332225801,-2.46351468283e-10,-8.46689628767e-17,2.58337123162e-05,0.000597485290173,3.50960810716e-09
contraction_4D,11.2,0.0999307605153,0.0118833671515,-2.43547142784e-10,-8.88473938666e-17,2.59411335302e-05,0.000600017181974,3.52448002658e-09
contraction_4D,11.2,0.0999303498126,0.0119359863866,-2.40604422195e-10,-9.3232032848e-17,2.60538560435e-05,0.000602674024103,3.54008588384e-09
contraction_4D,11.2,0.0999299188417,0.0119912023838,-2.37516478189e-10,-9.78330539955e-17,2.61721414187e-05,0.000605461981532,3.55646189099e-09
contraction_4D,11.2,0.0999294666022,0.0120491433143,-2.34276142814e-10,-1.02661137523e-16,2.62962642282e-05,0.000608387525863,3.57364606116e-09
contraction_4D,11.2,0.0999289920446,0.01210994364,-2.3087589631e-10,-1.07727487834e-16,2.64265125206e-05,0.00061145744633,3.59167827319e-09
contraction_4D,11.2,0.0999284940673,0.012173744498,-2.27307845617e-10,-1.13043865548e-16,2.65631886437e-05,0.000614678869198,3.61060038562e-09
contraction_4D,11.2,0.0999279715147,0.0122406939437,-2.23563710761e-10,-1.18622607786e-16,2.67066097665e-05,0.000618059270063,3.63045630887e-09
contraction_4D,11.2,0.099927423174,0.0123109473611,-2.19634801924e-10,-1.24476662333e-16,2.68571087572e-05,0.000621606494547,3.65129212684e-09
contraction_4D,11.2,0.0999268477725,0.0123846678086,-2.15512000099e-10,-1.30619616462e-16,2.70150349242e-05,0.000625328775765,3.67315619951e-09
contraction_4D,11.2,0.0999262439747,0.0124620263903,-2.11185736315e-10,-1.37065727897e-16,2.71807548123e-05,0.000629234753087,3.69609927313e-09
contraction_4D,11.2,0.0999256103794,0.0125432026282,-2.06645970849e-10,-1.4382995577e-16,2.73546529985e-05,0.000633333490899,3.72017459042e-09
contraction_4D,11.2,0.0999249455158,0.012628384961,-2.01882165292e-10,-1.50928002259e-16,2.75371331622e-05,0.000637634503827,3.74543803876e-09
contraction_4D,11.2,0.0999242478411,0.0127177710524,-1.96883265349e-10,-1.58376338211e-16,2.77286187444e-05,0.00064214777227,3.77194824135e-09
contraction_4D,11.2,0.0999235157359,0.0128115683799,-1.91637667877e-10,-1.66192252249e-16,2.79295542096e-05,0.000646883772151,3.79976673209e-09
contraction_4D,11.2,0.099922747501,0.012909994645,-1.86133197959e-10,-1.74393884937e-16,2.81404059247e-05,0.000651853495621,3.82895807705e-09
contraction_4D,11.2,0.0999219413535,0.0130132782729,-1.80357080964e-10,-1.83000270416e-16,2.83616632289e-05,0.000657068476287,3.85959002279e-09
contraction_4D,11.2,0.0999210954224,0.0131216589761,-1.74295911012e-10,-1.92031383376e-16,2.85938396417e-05,0.000662540817679,3.89173366343e-09
contraction_4D,11.2,0.0999202077442,0.0132353883183,-1.67935619455e-10,-2.01508186033e-16,2.88374740703e-05,0.000668283221707,3.92546360796e-09
contraction_4D,11.2,0.0999192762589,0.0133547302268,-1.61261446214e-10,-2.11452670832e-16,2.90931319076e-05,0.000674309014543,3.96085813211e-09
contraction_4D,11.2,0.0999182988045,0.0134799616969,-1.54257900371e-10,-2.21887919163e-16,2.93614065416e-05,0.0006806321822,3.99799938745e-09
contraction_4D,11.2,0.0999172731123,0.0136113733945,-1.46908726493e-10,-2.3283815154e-16,2.96429206456e-05,0.000687267400932,4.0369735799e-09
contraction_4D,11.2,0.099916196802,0.0137492702837,-1.39196869524e-10,-2.44328779913e-16,2.99383275227e-05,0.000694230068937,4.07787115596e-09
contraction_4D,11.2,0.0999150673753,0.0138939724468,-1.31104428925e-10,-2.56386475992e-16,3.02483128628e-05,0.000701536347757,4.1207870459e-09
contraction_4D,11.2,0.0999138822111,0.0140458156991,-1.22612624289e-10,-2.69039222494e-16,3.05735960596e-05,0.000709203193328,4.16582084612e-09
contraction_4D,11.2,0.0999126385587,0.0142051524604,-1.13701746609e-10,-2.82316385737e-16,3.09149320774e-05,0.00071724839997,4.21307707755e-09
contraction_4D,11.2,0.0999113335315,0.0143723525617,-1.04351113146e-10,-2.96248782902e-16,3.12731131798e-05,0.000725690641145,4.26266542506e-09
contraction_4D,11.2,0.0999099641009,0.0145478040275,-9.45390237166e-11,-3.10868747151e-16,3.16489706039e-05,0.000734549508912,4.3147009692e-09
contraction_4D,11.2,0.0999085270884,0.0147319140872,-8.42427040924e-11,-3.26210211973e-16,3.20433767292e-05,0.000743845565037,4.36930448645e-09
contraction_4D,11.2,0.0999070191589,0.0149251100338,-7.34382579913e-11,-3.42308782708e-16,3.24572469156e-05,0.000753600384334,4.42660270372e-09
contraction_4D,11.2,0.0999054368126,0.0151278402618,-6.21006090418e-11,-3.59201823024e-16,3.28915417273e-05,0.000763836607063,4.48672860623e-09
contraction_4D,11.2,0.099903776377,0.0153405752919,-5.02034434617e-11,-3.76928540325e-16,3.33472691279e-05,0.000774577990683,4.54982174141e-09
contraction_4D,11.2,0.0999020339983,0.015563808873,-3.77191484388e-11,-3.95530077565e-16,3.38254868412e-05,0.000785849465487,4.61602854573e-09
contraction_4D,11.2,0.0999002056327,0.0157980590968,-2.46187497939e-11,-4.15049606124e-16,3.4327304739e-05,0.000797677190879,4.68550267527e-09
contraction_4D,11.2,0.0998982870366,0.0160438696534,-1.0871841764e-11,-4.35532430439e-16,3.48538875306e-05,0.000810088618774,4.75840537808e-09
contraction_4D,11.2,0.0998962737572,0.0163018110355,3.55348035066e-12,-4.57026088351e-16,3.54064573427e-05,0.000823112554403,4.83490585142e-09
contraction_4D,11.2,0.0998941611218,0.0165724819097,1.86906968523e-11,-4.79580465346e-16,3.59862966567e-05,0.000836779225535,4.91518164825e-09
contraction_4D,11.2,0.0998919442271,0.0168565104867,3.45749403118e-11,-5.03247908777e-16,3.65947512448e-05,0.000851120351694,4.99941908389e-09
contraction_4D,11.2,0.099889617928,0.0171545559568,5.12430758188e-11,-5.28083347444e-16,3.72332332443e-05,0.000866169216612,5.08781366154e-09
contraction_4D,11.2,0.0998871768252,0.0174673100785,6.87337898275e-11,-5.54144423971e-16,3.79032245608e-05,0.000881960748443,5.1805705435e-09
contraction_4D,11.2,0.0998846152533,0.0177954987027,8.7087675422e-11,-5.8149162185e-16,3.86062801345e-05,0.000898531596749,5.2779050033e-09
contraction_4D,11.2,0.0998819272669,0.0181398835543,1.06347331911e-10,-6.10188413838e-16,3.93440317552e-05,0.000915920222414,5.38004295391e-09
contraction_4D,11.2,0.0998791066275,0.0185012639099,1.26557458689e-10,-6.40301401812e-16,4.01181916574e-05,0.000934166982391,5.48722144548e-09
contraction_4D,11.2,0.0998761467886,0.0188804785072,1.47764961999e-10,-6.71900475837e-16,4.09305566104e-05,0.000953314226089,5.59968923154e-09
contraction_4D,11.2,0.0998730408807,0.0192784074666,1.70019062407e-10,-7.0505897431e-16,4.17830120346e-05,0.000973406392412,5.71770733895e-09
contraction_4D,11.2,0.0998697816953,0.0196959743413,1.93371409442e-10,-7.39853854773e-16,4.26775363934e-05,0.000994490113257,5.84154967587e-09
contraction_4D,11.2,0.099866361668,0.0201341482822,2.17876202688e-10,-7.76365874337e-16,4.36162058313e-05,0.00101661432285,5.97150367394e-09
contraction_4D,11.2,0.0998627728612,0.0205939462548,2.4359031574e-10,-8.14679774372e-16,4.46011989224e-05,0.00103983036963,6.10787094562e-09
contraction_4D,11.2,0.0998590069456,0.0210764354092,2.70573428758e-10,-8.54884478019e-16,4.56348017476e-05,0.00106419213599,6.25096798716e-09
contraction_4D,11.2,0.0998550551808,0.0215827355653,2.98888167468e-10,-8.97073297297e-16,4.67194132195e-05,0.00108975616371,6.40112691577e-09
contraction_4D,11.2,0.0998509083952,0.0221140217888,3.28600247182e-10,-9.41344147694e-16,4.78575505988e-05,0.001116581784,6.55869623338e-09
contraction_4D,11.2,0.0998465569644,0.022671527158,3.59778627565e-10,-9.87799778764e-16,4.9051855423e-05,0.00114473125725,6.72404164737e-09
contraction_4D,11.2,0.099841990789,0.023256545608,3.92495671696e-10,-1.03654801113e-15,5.03050995992e-05,0.00117426991666,6.89754691416e-09
contraction_4D,11.2,0.0998371992714,0.0238704349035,4.268273123e-10,-1.08770198419e-15,5.16201917719e-05,0.00120526631824,7.07961472074e-09
contraction_4D,11.2,0.0998321712908,0.0245146198416,4.62853230879e-10,-1.14138042296e-15,5.30001841842e-05,0.00123779240264,7.27066763461e-09
contraction_4D,11.2,0.0998268951777,0.0251905955187,5.00657040416e-10,-1.19770791038e-15,5.44482796769e-05,0.00127192366002,7.47114907276e-09
contraction_4D,11.2,0.0998213586867,0.0258999308157,5.40326480266e-10,-1.25681517766e-15,5.59678391538e-05,0.00130773930608,7.68152433518e-09
contraction_4D,11.2,0.0998155489681,0.0266442720362,5.81953619649e-10,-1.31883940746e-15,5.75623893765e-05,0.0013453224657,7.90228168403e-09
contraction_4D,11.2,0.099809452538,0.0274253467377,6.25635071882e-10,-1.38392455315e-15,5.92356311707e-05,0.00138476036647,8.13393347975e-09
contraction_4D,11.2,0.099803055247,0.0282449677416,6.71472218646e-10,-1.45222167292e-15,6.09914480167e-05,0.00142614454106,8.37701737042e-09
contraction_4D,11.2,0.0997963422477,0.0291050372968,7.19571442856e-10,-1.52388927679e-15,6.28339149701e-05,0.00146957103753,8.63209752667e-09
contraction_4D,11.2,0.0997892979596,0.0300075515773,7.7004438015e-10,-1.59909370131e-15,6.47673082946e-05,0.00151514064638,8.89976597544e-09
contraction_4D,11.2,0.0997819060337,0.0309546052171,8.23008172535e-10,-1.67800948747e-15,6.67961151787e-05,0.00156295912955,9.18064394508e-09
contraction_4D,11.2,0.0997741493137,0.0319483962816,8.78585746395e-10,-1.76081979497e-15,6.89250443842e-05,0.0016131374714,9.47538333968e-09
contraction_4D,11.2,0.0997660097971,0.0329912312514,9.36906091208e-10,-1.8477168175e-15,7.11590369234e-05,0.00166579213038,9.78466821718e-09
contraction_4D,11.2,0.0997574685927,0.0340855304671,9.98104564066e-10,-1.93890223644e-15,7.35032777233e-05,0.00172104531397,1.01092164043e-08
contraction_4D,11.2,0.0997485058771,0.0352338337032,1.06232320136e-09,-2.03458768531e-15,7.5963207565e-05,0.00177902526004,1.04497811494e-08
contraction_4D,11.2,0.0997391008485,0.0364388060864,1.12971104979e-09,-2.13499524294e-15,7.85445357637e-05,0.00183986653576,1.08071528782e-08
contraction_4D,11.2,0.0997292316787,0.037703244246,1.20042451031e-09,-2.24035794598e-15,8.1253253343e-05,0.00190371034809,1.11821610172e-08
contraction_4D,11.2,0.0997188754621,0.0390300828478,1.27462770354e-09,-2.35092033334e-15,8.40956470324e-05,0.00197070487372,1.15756759321e-08
contraction_4D,11.2,0.0997080081629,0.0404224013588,1.35249284807e-09,-2.46693900985e-15,8.7078313759e-05,0.0020410056006,1.19886109339e-08
contraction_4D,11.2,0.0996966045589,0.0418834312475,1.43420066318e-09,-2.58868324632e-15,9.02081760725e-05,0.00211477569154,1.24219244143e-08
contraction_4D,11.2,0.0996846381833,0.0434165634407,1.51994078577e-09,-2.71643560081e-15,9.34924981183e-05,0.00219218636069,1.28766220571e-08
contraction_4D,11.2,0.0996720812632,0.0450253562028,1.60991221111e-09,-2.85049257525e-15,9.69389025176e-05,0.00227341727135,1.33537591754e-08
contraction_4D,11.2,0.0996589046549,0.0467135434249,1.70432375632e-09,-2.99116530615e-15,0.000100555388125,0.00235865695458,1.38544431698e-08
contraction_4D,11.2,0.0996450777767,0.0484850432348,1.80339454197e-09,-3.13878028201e-15,0.000104350348472,0.00244810324387,1.4379836082e-08
contraction_4D,11.2,0.0996305685376,0.0503439671318,1.90735450284e-09,-3.29368010455e-15,0.000108332591336,0.00254196373639,1.49311573039e-08
contraction_4D,11.2,0.0996153432628,0.0516102278301,1.92082776941e-09,-3.45539941677e-15,0.000111045241984,0.00260589982327,1.53067123444e-08
contraction_4D,11.2,0.0995993666157,0.0526324532546,1.89214151984e-09,-3.62473019351e-15,0.00011323512721,0.00265751424447,1.56098943649e-08
contraction_4D,11.2,0.0995826015158,0.0537051258407,1.86203959441e-09,-3.80241749989e-15,0.000115533083993,0.00271167585436,1.5928038518e-08
contraction_4D,11.2,0.0995650090528,0.0548307351657,1.83045212922e-09,-3.98887373228e-15,0.000117944445687,0.00276851035721,1.6261883188e-08
contraction_4D,11.2,0.099546548396,0.0560118936788,1.79730581229e-09,-4.1845316407e-15,0.000120474808869,0.00282814966136,1.66122032016e-08
contraction_4D,11.2,0.0995271766997,0.057251342754,1.7625237137e-09,-4.38984533141e-15,0.000123130046308,0.00289073218483,1.69798116233e-08
contraction_4D,11.2,0.0995068490039,0.0585519590434,1.72602510726e-09,-4.60529131939e-15,0.000125916320576,0.00295640317615,1.736556164e-08
contraction_4D,11.2,0.0994855181297,0.0599167611697,1.68772528271e-09,-4.83136963697e-15,0.000128840098386,0.00302531505225,1.77703485455e-08
contraction_4D,11.2,0.0994631345698,0.0613489167326,1.64753534915e-09,-5.06860499432e-15,0.000131908165598,0.00309762775224,1.81951118187e-08
contraction_4D,11.2,0.099439646374,0.0639362210225,-1.64558218288e-10,-4.94295934524e-15,0.000165619036998,0.00340990920373,7.30430150275e-08
contraction_4D,11.2,0.099414999028,0.0670233416682,-2.67342028256e-09,-4.68257444e-15,0.000211456551421,0.0038187215991,1.492655709e-07
contraction_4D,11.2,0.0993891353275,0.0702628127166,-5.30609550148e-09,-4.40933945534e-15,0.000259556162011,0.00424770901846,2.29249734567e-07
contraction_4D,11.2,0.0993619952448,0.073662152736,-8.06869411584e-09,-4.12262023361e-15,0.000310029504341,0.00469786710928,3.13181143245e-07
contraction_4D,11.2,0.0993335157903,0.0772292512773,-1.09676278593e-08,-3.82175132608e-15,0.000362993722329,0.00517024064649,4.01254593905e-07
contraction_4D,11.2,0.0993036308653,0.0809723873116,-1.40096249419e-08,-3.50603443856e-15,0.000418571741995,0.00566592597402,4.93674498489e-07
contraction_4D,11.2,0.0992722711095,0.0846825652274,-1.67589425155e-08,-3.49297342915e-15,0.000473659887136,0.006157247527,5.85278514049e-07
contraction_4D,11.2,0.0992393637395,0.0883526426374,-1.91899165182e-08,-3.80556829547e-15,0.000528152069399,0.00664325952676,6.75890131891e-07
contraction_4D,11.2,0.0992048323801,0.0922038395599,-2.17408598777e-08,-4.13358981999e-15,0.00058533345856,0.0071532563766,7.7097346251e-07
contraction_4D,11.2,0.0991685968868,0.0962450943124,-2.44176931277e-08,-4.47779931422e-15,0.00064533676801,0.00768842173806,8.70749186647e-07
contraction_4D,11.2,0.0991305731601,0.100485786303,-2.72266289707e-08,-4.83899565914e-15,0.000708301260331,0.00824999768448,9.75448875278e-07
contraction_4D,11.2,0.09909067295,0.104935757837,-3.01741867201e-08,-5.21801716229e-15,0.000774373071026,0.00883928758827,1.08531552793e-06
contraction_4D,11.2,0.0990488036515,0.109605336919,-3.32672074071e-08,-5.61574350042e-15,0.000843705547158,0.00945765914129,1.20060413577e-06
contraction_4D,11.2,0.0990048680895,0.114505361248,-3.65128696711e-08,-6.0330977627e-15,0.000916459603539,0.0101065475316,1.3215822739e-06
contraction_4D,11.2,0.0989587642931,0.119647203385,-3.99187064327e-08,-6.47104859466e-15,0.000992804096473,0.0107874587768,1.44853072285e-06
contraction_4D,11.2,0.0989103852593,0.12504279711,-4.34926223502e-08,-6.93061244322e-15,0.00107291621505,0.0115019732143,1.58174411919e-06
contraction_4D,11.2,0.0988596187043,0.130704665156,-4.72429121914e-08,-7.41285591863e-15,0.00115698189298,0.0122517491738,1.72153164037e-06
contraction_4D,11.2,0.0988063468033,0.136645948232,-5.11782800559e-08,-7.91889826634e-15,0.00124519623946,0.0130385268207,1.86821772118e-06
contraction_4D,11.2,0.0987504459166,0.142880435566,-5.5307859609e-08,-8.44991396895e-15,0.00133776399272,0.0138641322013,2.02214280795e-06
contraction_4D,11.2,0.0986917863028,0.149422596896,-5.96412352679e-08,-9.00713547083e-15,0.00143489999498,0.0147304814784,2.18366414826e-06
contraction_4D,11.2,0.098630231818,0.156287616014,-6.41884644235e-08,-9.59185603491e-15,0.00153682969051,0.0156395853737,2.35315661919e-06
contraction_4D,11.2,0.0985656395992,0.163304146167,-6.90945732692e-08,-1.04772084578e-14,0.00164100947072,0.0165687525158,2.52639185377e-06
contraction_4D,11.2,0.0984978597333,0.17011659157,-7.46379695692e-08,-1.22049109181e-14,0.00174216054336,0.0174708915781,2.69459454511e-06
contraction_4D,11.2,0.0984267349088,0.177265233387,-8.04549342938e-08,-1.40178760611e-14,0.00184830345459,0.0184175514988,2.87109809439e-06
contraction_4D,11.2,0.0983521000511,0.184265969282,-8.85281580336e-08,-1.49201616319e-14,0.00195868826104,0.0193277985886,3.21312844146e-06
contraction_4D,11.2,0.0982737819387,0.190142884895,-1.02778476979e-07,-1.29319888389e-14,0.00207159692904,0.0200390154733,4.03222276153e-06
contraction_4D,11.2,0.0981915988018,0.196309828218,-1.17732053833e-07,-1.08456990675e-14,0.00219007767679,0.0207853311442,4.89173965459e-06
contraction_4D,11.2,0.0981053599004,0.202333714639,-1.30881706312e-07,-1.03543573359e-14,0.00230580842288,0.0215143351249,5.73129048957e-06
contraction_4D,11.2,0.0980148650809,0.208383619226,-1.43139120544e-07,-1.08682295673e-14,0.00242203801369,0.0222464883645,6.57444955786e-06
contraction_4D,11.2,0.0979199043126,0.214732088574,-1.56001442159e-07,-1.140746156e-14,0.00254400357263,0.0230147736048,7.45921880063e-06
contraction_4D,11.2,0.0978202571993,0.221393856962,-1.69498523556e-07,-1.19733048288e-14,0.00267198817184,0.0238209739732,8.38765169515e-06
contraction_4D,11.2,0.0977156924684,0.228384385797,-1.83661690329e-07,-1.25670726464e-14,0.00280628885283,0.0246669605932,9.36190305637e-06
contraction_4D,11.2,0.0976059674338,0.235719899519,-1.9852381402e-07,-1.31901431015e-14,0.0029472173164,0.0255546969299,1.03842340412e-05
contraction_4D,11.2,0.097490827433,0.243417423232,-2.14119388356e-07,-1.3843962286e-14,0.00309510064554,0.0264862433439,1.14570173931e-05
contraction_4D,11.2,0.0973700052354,0.251494822264,-2.304846094e-07,-1.45300476622e-14,0.00325028206548,0.027463761879,1.25827429553e-05
contraction_4D,11.2,0.097243220423,0.259744060967,-2.48038288196e-07,-1.61126972771e-14,0.00340876572251,0.0284620757772,1.37324330052e-05
contraction_4D,11.2,0.0971101787386,0.267763141209,-2.67528378938e-07,-2.01976617147e-14,0.00356283015546,0.0294325347127,1.48500912364e-05
contraction_4D,11.2,0.0969705714037,0.275338024072,-2.91042929439e-07,-2.18195611493e-14,0.00368553141829,0.0299691877458,1.61600474686e-05
contraction_4D,11.2,0.0968240744011,0.281339717346,-3.22817179654e-07,-1.73447329996e-14,0.00372396285037,0.0294157319627,1.78525483349e-05
contraction_4D,11.2,0.0966703477236,0.287287746951,-3.52255129887e-07,-1.52953706641e-14,0.00376204947108,0.0288672141999,1.95298771063e-05
contraction_4D,11.2,0.0965090345843,0.293179703254,-3.79244146735e-07,-1.57893662357e-14,0.00379977579311,0.0283238561467,2.11913523721e-05
contraction_4D,11.2,0.0963397605889,0.299362429526,-4.07565080378e-07,-1.63077406501e-14,0.00383936392145,0.0277536831961,2.29348219849e-05
contraction_4D,11.2,0.0961621328665,0.305850275359,-4.37283661353e-07,-1.68516970105e-14,0.00388090573686,0.027155372024,2.47643323928e-05
contraction_4D,11.2,0.095975739158,0.312658298503,-4.68468864002e-07,-1.74224977949e-14,0.00392449765443,0.0265275340003,2.66841297368e-05
contraction_4D,11.2,0.095780146859,0.319802299816,-5.01193066606e-07,-1.80214677864e-14,0.00397024084739,0.0258687119646,2.86986697079e-05
contraction_4D,11.2,0.0955749020162,0.327045900659,-5.36081627875e-07,-2.05738804378e-14,0.00401662273462,0.0252007134665,3.07413271965e-05
contraction_4D,11.2,0.0953595282733,0.334142390663,-5.73787871686e-07,-2.70898791841e-14,0.00406206462286,0.0245462992312,3.2742565029e-05
contraction_4D,11.2,0.0951335257658,0.340137522468,-6.26286061041e-07,-2.29128732936e-14,0.00406992534022,0.0237508302875,3.53572898903e-05
contraction_4D,11.2,0.0948963699608,0.345829681169,-6.79597412773e-07,-1.86417875864e-14,0.0040683173144,0.0229234580267,3.8114460608e-05
contraction_4D,11.2,0.0946475104392,0.35138184495,-7.26664979206e-07,-1.92305406986e-14,0.00406674828402,0.0221164107442,4.08038366717e-05
contraction_4D,11.2,0.094386369619,0.357208009826,-7.76055345401e-07,-1.9848348969e-14,0.00406510182148,0.021269535415,4.36259343217e-05
contraction_4D,11.2,0.094112341414,0.363321697841,-8.27883142305e-07,-2.04966462752e-14,0.00406337410548,0.0203808665116,4.65873034127e-05
contraction_4D,11.2,0.0938247898274,0.369737098361,-8.82268657949e-07,-2.11769372699e-14,0.00406156112612,0.019448341507,4.96948170377e-05
contraction_4D,11.2,0.0935230474762,0.376292258104,-9.40143119281e-07,-2.39889771589e-14,0.00405970890083,0.0184955121884,5.28700204332e-05
contraction_4D,11.2,0.0932064140413,0.382669834451,-1.00315467202e-06,-3.28849552507e-14,0.00405790758023,0.0175685267596,5.59591843904e-05
contraction_4D,11.2,0.0928741546429,0.388197947709,-1.08905134193e-06,-2.43875343739e-14,0.00403673982054,0.0168376431708,5.97346385658e-05
contraction_4D,11.2,0.0925254981346,0.393503832195,-1.16380718885e-06,-2.20735701918e-14,0.00401544490914,0.0161397493867,6.34132296686e-05
contraction_4D,11.2,0.0921596353138,0.398893529765,-1.23571702437e-06,-2.26187740683e-14,0.00399381377753,0.0154308244328,6.7149983516e-05
contraction_4D,11.2,0.0917757170431,0.404549210673,-1.31117563381e-06,-2.31908839397e-14,0.0039711151425,0.0146869138005,7.10711473882e-05
contraction_4D,11.2,0.0913728522804,0.41048400128,-1.39035815025e-06,-2.37912276182e-14,0.00394729632241,0.0139062909356,7.51858219778e-05
contraction_4D,11.2,0.09095010601,0.416566957324,-1.47502166055e-06,-2.68152220462e-14,0.00392288271745,0.0131061852988,7.94031757888e-05
contraction_4D,11.2,0.090506497073,0.42241646974,-1.57081239116e-06,-3.63351495795e-14,0.00389859822551,0.0123459876104,8.35345114263e-05
contraction_4D,11.2,0.09004099589,0.427776322038,-1.69568322277e-06,-2.48432569818e-14,0.00386505928434,0.011777806527,8.83823169281e-05
contraction_4D,11.2,0.0895525220715,0.432837475657,-1.79380009955e-06,-2.46730519005e-14,0.00383339274312,0.0112412820768,9.29603678956e-05
contraction_4D,11.2,0.0890399419105,0.438118857138,-1.89503253063e-06,-2.51180451543e-14,0.00380034847693,0.0106814112026,9.77376491019e-05
contraction_4D,11.2,0.088502065751,0.443660876521,-2.00126081528e-06,-2.55849989655e-14,0.0037656734654,0.0100939105178,0.000102750690697
contraction_4D,11.2,0.0879376452273,0.449476396372,-2.11273150048e-06,-2.60749970964e-14,0.00372928723073,0.00947741648224,0.000108011127533
contraction_4D,11.2,0.0873453703664,0.455074360774,-2.24060300233e-06,-3.72069819647e-14,0.00369425886419,0.00888399259502,0.000113074365557
contraction_4D,11.2,0.0867238665475,0.460358688541,-2.40377933498e-06,-2.94757539561e-14,0.00365457300044,0.00841499128795,0.00011884962689
contraction_4D,11.2,0.086071691312,0.465342434763,-2.54513390652e-06,-2.63766776258e-14,0.00361534374755,0.00799759705965,0.000124569764063
contraction_4D,11.2,0.0853873310156,0.470430888183,-2.6810336297e-06,-2.67010551871e-14,0.00357529364111,0.00757143318819,0.000130410479116
contraction_4D,11.2,0.0846691973149,0.475770458442,-2.82364004863e-06,-2.70414408838e-14,0.00353326704883,0.00712423799039,0.000136539435366
contraction_4D,11.2,0.0839156234815,0.481373538237,-2.97328414093e-06,-2.73986247326e-14,0.00348916643049,0.00665497356351,0.000142970857609
contraction_4D,11.2,0.0831248605331,0.486735649865,-3.1494781822e-06,-4.0860136233e-14,0.0034469498127,0.0062058915659,0.000149124183432
contraction_4D,11.2,0.0822950731749,0.4917475803,-3.37792953984e-06,-2.81987847111e-14,0.00340198426417,0.00586299993839,0.000156638320047
contraction_4D,11.2,0.0814243355393,0.496464470497,-3.55858860337e-06,-2.76328923458e-14,0.00335925639483,0.00554630846675,0.000163851503517
contraction_4D,11.2,0.080510626717,0.501386417265,-3.74468784852e-06,-2.78675715389e-14,0.00331467234446,0.00521584956334,0.000171378477396
contraction_4D,11.2,0.0795518260656,0.506551263716,-3.93997115227e-06,-2.81138322199e-14,0.00326788805664,0.00486908240502,0.000179276909896
contraction_4D,11.2,0.0785457082889,0.511806692944,-4.15370726599e-06,-3.34000490952e-14,0.00322027536204,0.00451623324309,0.000187312597339
contraction_4D,11.2,0.0774899382711,0.516165421903,-4.3793960989e-06,-3.77419475463e-14,0.0031800512727,0.00423558110357,0.000194547187634
contraction_4D,11.2,0.0763820656579,0.519772085391,-4.59676107956e-06,-2.83622578456e-14,0.00314503132621,0.00403264896468,0.00020193662165
contraction_4D,11.2,0.0752195191692,0.524229518259,-4.84059653305e-06,-2.85484393612e-14,0.00310178058615,0.00378184322998,0.000211075185803
contraction_4D,11.2,0.0739996006315,0.529032155576,-5.10751667086e-06,-3.06048181281e-14,0.00305517556961,0.0035116145973,0.000220920528467
contraction_4D,11.2,0.0727194787153,0.534361724168,-5.46987720257e-06,-2.87891077889e-14,0.00300524342193,0.00322519283774,0.000233919447274
contraction_4D,11.2,0.0713761823643,0.538757989814,-5.74918194122e-06,-2.89893882917e-14,0.00296549990412,0.00299901834416,0.000246221657971
contraction_4D,11.2,0.0699665938994,0.542963076779,-6.05628612726e-06,-2.90515591787e-14,0.0029297608433,0.00279208859659,0.000259628358029
contraction_4D,11.2,0.0684874417831,0.547075971115,-6.33688672836e-06,-2.98697866947e-14,0.00289676907371,0.00259725767719,0.000274094298131
contraction_4D,11.2,0.0669352930266,0.5509355913,-6.62031985225e-06,-2.93353360333e-14,0.00286963926597,0.00242380991168,0.000289947746858
contraction_4D,11.2,0.0653065452218,0.554786799826,-6.89199108259e-06,-4.34398079186e-14,0.00284459425893,0.00225548421883,0.000306943388512
contraction_4D,11.2,0.0635974181806,0.558221490826,-7.10356511242e-06,-2.96388257261e-14,0.00282929411066,0.00211683825895,0.000325688569026
contraction_4D,11.2,0.0618039451614,0.561605981801,-7.28865515021e-06,-2.97393939847e-14,0.00281770327365,0.00198461465559,0.000345743038533
contraction_4D,11.2,0.0599219636627,0.564796036222,-7.4182445556e-06,-3.84444175271e-14,0.00281299265987,0.00186741457828,0.000367408018121
contraction_4D,11.2,0.0579471057621,0.567678631814,-7.43687227479e-06,-3.00537074266e-14,0.00281816071746,0.00177065684878,0.000390668356192
contraction_4D,11.2,0.0558747879787,0.57040999728,-7.35448852278e-06,-3.01505936562e-14,0.00283062509701,0.00168539197306,0.000415337650031
contraction_4D,11.2,0.0537002006356,0.57294837662,-7.15024709305e-06,-3.17013436968e-14,0.00285189030744,0.00161380363521,0.000441387278692
contraction_4D,11.2,0.0514182966966,0.575263393503,-6.85585540834e-06,-4.453117943e-14,0.00288372747726,0.00155752945028,0.000468718285085
contraction_4D,11.2,0.0490237800525,0.577405399512,-6.18692653729e-06,-3.03422771828e-14,0.00291682211723,0.00151377044683,0.000494484608855
contraction_4D,11.2,0.0465110932296,0.580144109271,-5.46639320705e-06,-3.63007087558e-14,0.00288297605589,0.00143899362481,0.000508750355253
contraction_4D,11.2,0.043874404491,0.583043513433,-4.69122902546e-06,-3.17787306952e-14,0.00282735643202,0.00135815600707,0.000518853936281
contraction_4D,11.2,0.0411075943015,0.585936027547,-3.91689635588e-06,-3.24395917544e-14,0.00276525630376,0.0012788362209,0.000527424163516
contraction_4D,11.2,0.0382042411251,0.58874771712,-3.15171369293e-06,-4.76804480036e-14,0.00270158741424,0.00120344075243,0.000535171858967
contraction_4D,11.2,0.0351576065208,0.591494038221,-2.42315076668e-06,-4.69967337876e-14,0.00263695696509,0.00113162255823,0.000542487416724
contraction_4D,11.2,0.0319606195032,0.594130186291,-1.7668074245e-06,-3.35945167055e-14,0.00257303538201,0.00106438329086,0.000549495162886
contraction_4D,11.2,0.0286058601316,0.596560915623,-1.19842335044e-06,-2.91341234972e-14,0.00251272946945,0.00100371581869,0.000556112287763
contraction_4D,11.2,0.0250855422888,0.598808956745,-7.11891061683e-07,-2.74085878495e-14,0.00245597556767,0.00094851370277,0.000562387312158
contraction_4D,11.2,0.0213914956102,0.600893762273,-3.37746249148e-07,-3.10784451507e-14,0.00240239568874,0.000898020109372,0.000568349828614
contraction_4D,11.2,0.0175151465209,0.602543470978,-1.20176145599e-07,-1.99900277829e-14,0.00235859073673,0.00085874324015,0.00057325154853
contraction_4D,11.2,0.0134474983374,0.60405108473,5.70372321451e-08,-2.07555696712e-14,0.00231821084293,0.000822870999822,0.000577796798301
contraction_4D,11.2,0.00917911038696,0.604950558905,5.20719404034e-08,-9.5685078198e-15,0.00229293828565,0.0008011477208,0.000580768883141
contraction_4D,11.2,0.00470007609639,0.605566460898,6.61793016811e-08,-7.04948779538e-15,0.00227564965592,0.000786273586915,0.000582811605421
contraction_4D,11.2,9.99390827019e-08,0.605567297286,1.57293843804e-12,-1.63453571227e-19,0.00227568895697,0.000786284364322,0.000582824142601
contraction_3D,11.4,0.0999380833111,0.0204019126696,-6.71326565314e-09,-1.05192697277e-17,4.41763276138e-05,0.00102981630671,6.04891749142e-09
contraction_3D,11.4,0.0999380339908,0.020408230451,-6.71529092686e-09,-1.10383813539e-17,4.41898599222e-05,0.00103013525402,6.05079095832e-09
contraction_3D,11.4,0.0999379822366,0.0204148600076,-6.7174161455e-09,-1.15831105408e-17,4.42040600345e-05,0.00103046994102,6.05275687865e-09
contraction_3D,11.4,0.0999379279283,0.0204218167366,-6.71964624493e-09,-1.21547224312e-17,4.42189609305e-05,0.00103082114502,6.0548198183e-09
contraction_3D,11.4,0.0999378709398,0.0204291167912,-6.72198640327e-09,-1.27545442673e-17,4.42345972093e-05,0.00103118968149,6.05698456727e-09
contraction_3D,11.4,0.0999378111389,0.0204367771058,-6.72444204915e-09,-1.33839674954e-17,4.42510051432e-05,0.00103157640534,6.05925614726e-09
contraction_3D,11.4,0.0999377483869,0.0204448154473,-6.72701887809e-09,-1.40444519766e-17,4.42682227882e-05,0.00103198221354,6.06163982689e-09
contraction_3D,11.4,0.099937682538,0.0204532504923,-6.72972287719e-09,-1.47375323016e-17,4.42862901483e-05,0.00103240804894,6.06414114449e-09
contraction_3D,11.4,0.0999376134395,0.0204621018013,-6.73256031687e-09,-1.54648156859e-17,4.43052491209e-05,0.00103285489904,6.06676590048e-09
contraction_3D,11.4,0.0999375409309,0.0204713899338,-6.73553778786e-09,-1.62279914421e-17,4.43251437431e-05,0.00103332380177,6.06952019155e-09
contraction_3D,11.4,0.099937464844,0.0204811364357,-6.73866219706e-09,-1.70288299282e-17,4.43460201651e-05,0.00103381584486,6.07241040691e-09
contraction_3D,11.4,0.0999373850022,0.0204913639289,-6.74194079632e-09,-1.78691899144e-17,4.43679268417e-05,0.00103433217034,6.07544325483e-09
contraction_3D,11.4,0.0999373012201,0.0205020961627,-6.74538119886e-09,-1.87510228197e-17,4.43909146422e-05,0.00103487397718,6.07862577787e-09
contraction_3D,11.4,0.0999372133034,0.0205133580262,-6.74899138336e-09,-1.96763736609e-17,4.44150368778e-05,0.00103544252189,6.08196535665e-09
contraction_3D,11.4,0.099937121048,0.0205251756641,-6.7527797309e-09,-2.06473906805e-17,4.44403495488e-05,0.00103603912435,6.08546974405e-09
contraction_3D,11.4,0.0999370242397,0.0205375765147,-6.75675503733e-09,-2.16663284004e-17,4.44669114264e-05,0.00103666516976,6.08914707662e-09
contraction_3D,11.4,0.099936922654,0.0205505893358,-6.76092652146e-09,-2.27355497278e-17,4.44947841081e-05,0.00103732210993,6.09300588215e-09
contraction_3D,11.4,0.0999368160549,0.0205642443583,-6.76530387432e-09,-2.38575386886e-17,4.45240323466e-05,0.00103801147104,6.09705512526e-09
contraction_3D,11.4,0.0999367041951,0.0205785732606,-6.76989725095e-09,-2.50348981666e-17,4.45547239951e-05,0.00103873485235,6.10130419983e-09
contraction_3D,11.4,0.099936586815,0.0205936092966,-6.77471731149e-09,-2.62703605595e-17,4.45869302816e-05,0.00103949393264,6.10576296695e-09
contraction_3D,11.4,0.0999364636422,0.0206093873599,-6.77977524169e-09,-2.75667929108e-17,4.46207259463e-05,0.0010402904735,6.11044177392e-09
contraction_3D,11.4,0.0999363343907,0.0206259440864,-6.78508278577e-09,-2.89272054861e-17,4.46561894605e-05,0.00104112632443,6.11535148467e-09
contraction_3D,11.4,0.0999361987607,0.0206433178794,-6.79065225463e-09,-3.03547537743e-17,4.46934030822e-05,0.00104200342422,6.1205034873e-09
contraction_3D,11.4,0.0999360564372,0.0206615490896,-6.79649658332e-09,-3.18527532496e-17,4.473245324e-05,0.00104292380991,6.12590974732e-09
contraction_3D,11.4,0.0999359070901,0.0206806800016,-6.80262932698e-09,-3.34246783175e-17,4.47734305053e-05,0.00104388961621,6.13158280381e-09
contraction_3D,11.4,0.0999357503726,0.0207007550397,-6.80906472649e-09,-3.50741791571e-17,4.48164300317e-05,0.00104490308584,6.13753583023e-09
contraction_3D,11.4,0.0999355859211,0.0207218207797,-6.81581771261e-09,-3.68050827724e-17,4.48615515824e-05,0.00104596657013,6.14378263817e-09
contraction_3D,11.4,0.0999354133538,0.0207439261292,-6.82290396346e-09,-3.86214077021e-17,4.49088999141e-05,0.00104708253814,6.15033773058e-09
contraction_3D,11.4,0.0999352322703,0.0207671223782,-6.83033992095e-09,-4.05273683337e-17,4.49585848871e-05,0.0010482535792,6.15721631694e-09
contraction_3D,11.4,0.0999350422502,0.0207914633787,-6.83814284824e-09,-4.25273894831e-17,4.50107218489e-05,0.00104948241197,6.16443436645e-09
contraction_3D,11.4,0.0999348428526,0.0208170056085,-6.84633085033e-09,-4.46261117612e-17,4.50654317719e-05,0.00105077188769,6.17200862701e-09
contraction_3D,11.4,0.0999346336146,0.0208438083638,-6.85492293559e-09,-4.68284073355e-17,4.5122841665e-05,0.00105212499987,6.17995668221e-09
contraction_3D,11.4,0.0999344140507,0.0208719338357,-6.86393904046e-09,-4.91393862459e-17,4.51830847375e-05,0.00105354488816,6.18829697411e-09
contraction_3D,11.4,0.0999341836513,0.0209014473024,-6.87340009099e-09,-5.15644121923e-17,4.52463008116e-05,0.00105503484808,6.19704886024e-09
contraction_3D,11.4,0.0999339418815,0.020932417283,-6.88332805214e-09,-5.41091151389e-17,4.53126366509e-05,0.00105659833875,6.20623265915e-09
contraction_3D,11.4,0.0999336881804,0.0209649156271,-6.89374595655e-09,-5.67793988118e-17,4.53822461531e-05,0.00105823898742,6.21586967703e-09
contraction_3D,11.4,0.099933421959,0.0209990177837,-6.90467799073e-09,-5.9581462543e-17,4.54552909255e-05,0.00105996060308,6.22598228746e-09
contraction_3D,11.4,0.0999331425994,0.021034802904,-6.91614952794e-09,-6.25218099499e-17,4.55319405052e-05,0.0010617671816,6.23659396183e-09
contraction_3D,11.4,0.0999328494534,0.0210723540205,-6.92818718567e-09,-6.56072635408e-17,4.56123727427e-05,0.0010636629148,6.24772932247e-09
contraction_3D,11.4,0.0999325418406,0.0211117582904,-6.94081890365e-09,-6.8844984713e-17,4.56967743234e-05,0.00106565220271,6.25941421486e-09
contraction_3D,11.4,0.099932219047,0.0211531071748,-6.95407400135e-09,-7.22424885923e-17,4.57853411518e-05,0.00106773966269,6.27167576081e-09
contraction_3D,11.4,0.0999318803233,0.0211964966569,-6.96798324782e-09,-7.58076617705e-17,4.58782788179e-05,0.00106993014034,6.284542423e-09
contraction_3D,11.4,0.0999315248836,0.0212420274081,-6.982578915e-09,-7.9548776117e-17,4.59758029538e-05,0.00107222871797,6.29804405443e-09
contraction_3D,11.4,0.0999311519028,0.0212898051212,-6.99789488454e-09,-8.34745159911e-17,4.60781399472e-05,0.00107464073138,6.31221199709e-09
contraction_3D,11.4,0.0999307605153,0.0213399406769,-7.01396670119e-09,-8.75939922072e-17,4.6185527298e-05,0.00107717177829,6.32707913142e-09
contraction_3D,11.4,0.0999303498126,0.0213925504513,-7.03083167131e-09,-9.19167669354e-17,4.62982142769e-05,0.00107982773382,6.34267996746e-09
contraction_3D,11.4,0.0999299188417,0.0214477565209,-7.04852892859e-09,-9.64528708255e-17,4.6416462364e-05,0.0010826147609,6.35905070558e-09
contraction_3D,11.4,0.0999294666022,0.0215056870338,-7.06709955316e-09,-1.01212833375e-16,4.65405460454e-05,0.00108553932897,6.37622934669e-09
contraction_3D,11.4,0.0999289920446,0.021566476428,-7.08658664137e-09,-1.06207700953e-16,4.66707532785e-05,0.001088608225,6.39425575681e-09
contraction_3D,11.4,0.0999284940673,0.0216302658148,-7.10703542898e-09,-1.11449068244e-16,4.68073863162e-05,0.00109182857287,6.41317178099e-09
contraction_3D,11.4,0.0999279715147,0.0216972032234,-7.12849336919e-09,-1.1694909825e-16,4.69507622272e-05,0.00109520784569,6.43302131554e-09
contraction_3D,11.4,0.099927423174,0.0217674440096,-7.15101026406e-09,-1.22720556097e-16,4.71012137748e-05,0.00109875388646,6.45385042952e-09
contraction_3D,11.4,0.0999268477725,0.0218411512024,-7.17463837535e-09,-1.2877683735e-16,4.72590901575e-05,0.00110247492554,6.47570746736e-09
contraction_3D,11.4,0.0999262439747,0.0219184958755,-7.19943254362e-09,-1.35131998567e-16,4.74247578044e-05,0.00110637959943,6.49864315898e-09
contraction_3D,11.4,0.0999256103794,0.0219996575183,-7.22545030732e-09,-1.41800787843e-16,4.75986011713e-05,0.00111047696949,6.52271072997e-09
contraction_3D,11.4,0.0999249455158,0.0220848245357,-7.25275206294e-09,-1.48798685757e-16,4.77810238104e-05,0.00111477654716,6.54796604971e-09
contraction_3D,11.4,0.0999242478411,0.0221741945559,-7.28140116353e-09,-1.5614193079e-16,4.7972449029e-05,0.00111928830951,6.57446772258e-09
contraction_3D,11.4,0.0999235157359,0.0222679750191,-7.31146410765e-09,-1.63847567608e-16,4.81733211517e-05,0.00112402272898,6.60227726263e-09
contraction_3D,11.4,0.099922747501,0.0223663835876,-7.34301067072e-09,-1.7193348085e-16,4.83841063983e-05,0.00112899079404,6.63145921519e-09
contraction_3D,11.4,0.0999219413535,0.0224696486456,-7.37611406521e-09,-1.80418436149e-16,4.86052939538e-05,0.00113420403446,6.66208130501e-09
contraction_3D,11.4,0.0999210954224,0.0225780098625,-7.41085112129e-09,-1.89322126264e-16,4.88373971758e-05,0.00113967454972,6.69421460334e-09
contraction_3D,11.4,0.0999202077442,0.0226917187567,-7.44730246752e-09,-1.98665217752e-16,4.90809548016e-05,0.00114541503749,6.72793369516e-09
contraction_3D,11.4,0.0999192762589,0.022811039208,-7.48555269511e-09,-2.08469392681e-16,4.93365320458e-05,0.00115143881951,6.76331683102e-09
contraction_3D,11.4,0.0999182988045,0.0229362481621,-7.52569058377e-09,-2.18757406779e-16,4.96047221095e-05,0.00115775987711,6.80044613605e-09
contraction_3D,11.4,0.0999172731123,0.0230676362326,-7.5678092947e-09,-2.29553138903e-16,4.98861474695e-05,0.00116439288166,6.83940778844e-09
contraction_3D,11.4,0.099916196802,0.0232055083286,-7.61200657182e-09,-2.40881642404e-16,5.01814612232e-05,0.00117135322621,6.88029220559e-09
contraction_3D,11.4,0.0999150673753,0.0233501844749,-7.65838500455e-09,-2.52769212624e-16,5.04913488441e-05,0.0011786570669,6.92319428721e-09
contraction_3D,11.4,0.0999138822111,0.0235020004265,-7.70705222494e-09,-2.65243437538e-16,5.08165294993e-05,0.00118632135403,6.96821359767e-09
contraction_3D,11.4,0.0999126385587,0.0236613085398,-7.75812118689e-09,-2.78333269075e-16,5.1157757915e-05,0.00119436387597,7.01545462427e-09
contraction_3D,11.4,0.0999113335315,0.0238284785794,-7.81171042487e-09,-2.92069089657e-16,5.15158261051e-05,0.00120280329995,7.06502701658e-09
contraction_3D,11.4,0.0999099641009,0.0240038984998,-7.86794430437e-09,-3.06482776223e-16,5.18915650447e-05,0.0012116592115,7.11704581814e-09
contraction_3D,11.4,0.0999085270884,0.0241879754574,-7.92695334636e-09,-3.21607783483e-16,5.22858468382e-05,0.00122095216551,7.17163176654e-09
contraction_3D,11.4,0.0999070191589,0.0243811366683,-7.98887450235e-09,-3.3747921441e-16,5.2699586557e-05,0.0012307037296,7.22891154795e-09
contraction_3D,11.4,0.0999054368126,0.0245838304463,-8.05385148707e-09,-3.54133905522e-16,5.31337444624e-05,0.00124093653648,7.28901810477e-09
contraction_3D,11.4,0.099903776377,0.0247965272277,-8.12203510693e-09,-3.71610510983e-16,5.35893282004e-05,0.00125167433568,7.35209093955e-09
contraction_3D,11.4,0.0999020339983,0.0250197206724,-8.1935836132e-09,-3.89949593271e-16,5.40673951614e-05,0.00126294204917,7.41827644163e-09
contraction_3D,11.4,0.0999002056327,0.0252539287791,-8.26866305924e-09,-4.0919371465e-16,5.45690548672e-05,0.00127476582762,7.48772821766e-09
contraction_3D,11.4,0.0998982870366,0.0254996951402,-8.34744770295e-09,-4.29387540316e-16,5.50954716598e-05,0.00128717311379,7.56060746382e-09
contraction_3D,11.4,0.0998962737572,0.0257575901457,-8.43012039275e-09,-4.50577937435e-16,5.5647867281e-05,0.00130019270331,7.6370833229e-09
contraction_3D,11.4,0.0998941611218,0.0260282123546,-8.51687300695e-09,-4.72814087642e-16,5.62275238076e-05,0.00131385481384,7.71733329076e-09
contraction_3D,11.4,0.0998919442271,0.0263121898646,-8.60790689318e-09,-4.96147599655e-16,5.68357865877e-05,0.00132819115434,7.80154362276e-09
contraction_3D,11.4,0.099889617928,0.0266101817476,-8.70343332824e-09,-5.20632627292e-16,5.74740673134e-05,0.00134323499742,7.8899097592e-09
contraction_3D,11.4,0.0998871768252,0.0269228796375,-8.80367402734e-09,-5.46325999851e-16,5.81438474232e-05,0.00135902125958,7.98263679636e-09
contraction_3D,11.4,0.0998846152533,0.027251009255,-8.90886163273e-09,-5.73287347523e-16,5.88466813671e-05,0.00137558657816,8.07993993851e-09
contraction_3D,11.4,0.0998819272669,0.0275953321878,-9.01924028451e-09,-6.01579247429e-16,5.95842004204e-05,0.0013929694012,8.18204502593e-09
contraction_3D,11.4,0.0998791066275,0.0279566475689,-9.13506615853e-09,-6.31267361765e-16,6.03581162781e-05,0.00141121007219,8.28918903251e-09
contraction_3D,11.4,0.0998761467886,0.0283357939853,-9.25660807825e-09,-6.62420594496e-16,6.11702251427e-05,0.00143035092642,8.40162063173e-09
contraction_3D,11.4,0.0998730408807,0.028733651399,-9.38414813074e-09,-6.95111249239e-16,6.20224118406e-05,0.00145043638794,8.51960076647e-09
contraction_3D,11.4,0.0998697816953,0.0291511431971,-9.51798232363e-09,-7.29415197768e-16,6.29166542113e-05,0.0014715130731,8.64340325676e-09
contraction_3D,11.4,0.099866361668,0.0295892383565,-9.65842127913e-09,-7.65412057793e-16,6.3855027745e-05,0.00149362989979,8.77331544174e-09
contraction_3D,11.4,0.0998627728612,0.0300489536596,-9.80579094442e-09,-8.03185374912e-16,6.48397103289e-05,0.00151683819934,8.90963883685e-09
contraction_3D,11.4,0.0998590069456,0.0305313560646,-9.96043335133e-09,-8.42822817724e-16,6.58729873232e-05,0.00154119183612,9.0526898365e-09
contraction_3D,11.4,0.0998550551808,0.0310375651905,-1.0122707413e-08,-8.84416381656e-16,6.69572568844e-05,0.00156674733306,9.20280045103e-09
contraction_3D,11.4,0.0998509083952,0.0315687558912,-1.02929897491e-08,-9.28062600673e-16,6.80950354795e-05,0.00159356400158,9.36031907025e-09
contraction_3D,11.4,0.0998465569644,0.0321261610236,-1.04716755732e-08,-9.73862774629e-16,6.92889638135e-05,0.0016217040813,9.52561128387e-09
contraction_3D,11.4,0.099841990789,0.0327110742901,-1.06591796039e-08,-1.0219232028e-15,7.05418129196e-05,0.00165123288359,9.69906072483e-09
contraction_3D,11.4,0.0998371992714,0.0333248532112,-1.08559370178e-08,-1.07235542835e-15,7.18564905252e-05,0.00168221894161,9.88106995056e-09
contraction_3D,11.4,0.0998321712908,0.0339689223279,-1.1062404476e-08,-1.12527650109e-15,7.32360479115e-05,0.00171473417198,1.00720613926e-08
contraction_3D,11.4,0.0998268951777,0.0346447764678,-1.12790611714e-08,-1.18080924622e-15,7.46836869095e-05,0.00174885403969,1.02724783253e-08
contraction_3D,11.4,0.0998213586867,0.0353539842297,-1.15064099452e-08,-1.23908255043e-15,7.62027673636e-05,0.00178465773399,1.04827858988e-08
contraction_3D,11.4,0.0998155489681,0.0360981916212,-1.17449784537e-08,-1.30023166083e-15,7.77968149235e-05,0.00182222835203,1.07034722183e-08
contraction_3D,11.4,0.099809452538,0.0368791258892,-1.19953203956e-08,-1.36439849973e-15,7.94695292482e-05,0.00186165309229,1.09350494794e-08
contraction_3D,11.4,0.099803055247,0.0376985995291,-1.22580167975e-08,-1.43173199392e-15,8.12247925941e-05,0.00190302345689,1.11780551571e-08
contraction_3D,11.4,0.0997963422477,0.0385585144479,-1.25336773485e-08,-1.50238841693e-15,8.30666787319e-05,0.00194643546184,1.14330532406e-08
contraction_3D,11.4,0.0997892979596,0.0394608664606,-1.28229418415e-08,-1.57653175855e-15,8.49994625775e-05,0.00199198986402,1.17006355662e-08
contraction_3D,11.4,0.0997819060337,0.0404077498247,-1.31264816268e-08,-1.65433409698e-15,8.70276299045e-05,0.00203979239005,1.19814231626e-08
contraction_3D,11.4,0.0997741493137,0.0414013622103,-1.34450012056e-08,-1.73597600779e-15,8.91558879907e-05,0.00208995398728,1.22760677239e-08
contraction_3D,11.4,0.0997660097971,0.0419765198594,-1.36335400536e-08,-1.82614313874e-15,9.03876885316e-05,0.00211898671782,1.24466003637e-08
contraction_3D,11.4,0.0997574685927,0.0425224645355,-1.38134323815e-08,-1.92131399813e-15,9.1556890303e-05,0.00214654404283,1.26084661044e-08
contraction_3D,11.4,0.0997485058771,0.043095351758,-1.4002202454e-08,-2.02118157021e-15,9.278379256e-05,0.00217546133074,1.27783199718e-08
contraction_3D,11.4,0.0997391008485,0.0436965111557,-1.42002883924e-08,-2.12597764024e-15,9.4071242852e-05,0.00220580569644,1.2956556184e-08
contraction_3D,11.4,0.0997292316787,0.0443273379639,-1.44081499359e-08,-2.23594543019e-15,9.54222292319e-05,0.0022376475664,1.3143588411e-08
contraction_3D,11.4,0.0997188754621,0.0449892962842,-1.46262695155e-08,-2.351340167e-15,9.68398872374e-05,0.00227106084318,1.33398507403e-08
contraction_3D,11.4,0.0997080081629,0.0456839224592,-1.4855153366e-08,-2.47242967097e-15,9.83275071186e-05,0.00230612307586,1.35457986783e-08
contraction_3D,11.4,0.0996966045589,0.046412828665,-1.509533271e-08,-2.59949498189e-15,9.98885415316e-05,0.00234291564129,1.37619102149e-08
contraction_3D,11.4,0.0996846381833,0.0471777066313,-1.53473649835e-08,-2.73283100761e-15,0.000101526613505,0.00238152393189,1.39886869268e-08
contraction_3D,11.4,0.0996720812632,0.0479803315722,-1.56118351311e-08,-2.87274720926e-15,0.00010324552486,0.00242203755411,1.42266551427e-08
contraction_3D,11.4,0.0996589046549,0.048822566322,-1.58893569687e-08,-3.0195683222e-15,0.000105049265064,0.0024645505371,1.44763671695e-08
contraction_3D,11.4,0.0996450777767,0.0497063656303,-1.61805745992e-08,-3.17363510474e-15,0.000106942020432,0.00250916154962,1.4738402566e-08
contraction_3D,11.4,0.0996305685376,0.0506337807196,-1.64861639138e-08,-3.3353051327e-15,0.000108928183889,0.00255597413,1.50133694938e-08
contraction_3D,11.4,0.0996153432628,0.0516069640472,-1.6806834161e-08,-3.5049536295e-15,0.000111012365163,0.00260509692655,1.53019061295e-08
contraction_3D,11.4,0.0995993666157,0.0526281742909,-1.714332959e-08,-3.68297433515e-15,0.000113199401466,0.00265664394921,1.56046821427e-08
contraction_3D,11.4,0.0995826015158,0.0536997815966,-1.74964311794e-08,-3.86978042135e-15,0.000115494368731,0.00271073483442,1.5922400252e-08
contraction_3D,11.4,0.0995650090528,0.0548242730694,-1.78669584463e-08,-4.06580544824e-15,0.000117902593372,0.0027674951223,1.62557978527e-08
contraction_3D,11.4,0.099546548396,0.0560042585639,-1.8255771355e-08,-4.27150437433e-15,0.000120429664686,0.00282705654894,1.66056487339e-08
contraction_3D,11.4,0.0995271766997,0.0572424767316,-1.86637723089e-08,-4.48735461026e-15,0.000123081447804,0.00288955735163,1.69727648715e-08
contraction_3D,11.4,0.0995068490039,0.0585418013678,-1.90919082423e-08,-4.71385712536e-15,0.000125864097279,0.00295514258922,1.73579983097e-08
contraction_3D,11.4,0.0994855181297,0.0599052480975,-1.95411728233e-08,-4.95153761327e-15,0.00012878407141,0.00302396447961,1.77622431433e-08
contraction_3D,11.4,0.0994631345698,0.0613359813744,-2.00126087601e-08,-5.20094771191e-15,0.000131848147231,0.00309618275307,1.81864375933e-08
contraction_3D,11.4,0.099439646374,0.0639225807935,-2.36803131359e-08,-5.06885402355e-15,0.000165546159888,0.00340828448809,7.30116262795e-08
contraction_3D,11.4,0.099414999028,0.0670092320464,-2.86178232441e-08,-4.79510636077e-15,0.00021136720578,0.00381688063006,1.49202757084e-07
contraction_3D,11.4,0.0993891353275,0.0702482105373,-3.37990010737e-08,-4.50784916199e-15,0.000259449535111,0.00424564112385,2.29153944846e-07
contraction_3D,11.4,0.0993619952448,0.0736470336912,-3.9235871748e-08,-4.20641572537e-15,0.000309904743347,0.00469556109024,3.13050750248e-07
contraction_3D,11.4,0.0993335157903,0.0772135898597,-4.49410537368e-08,-3.89010645178e-15,0.000362849932318,0.00516768475152,4.01087889949e-07
contraction_3D,11.4,0.0993036308653,0.0809561567549,-5.09277883438e-08,-3.55818721086e-15,0.000418407983878,0.00566310787164,4.93469691614e-07
contraction_3D,11.4,0.0992722711095,0.0848834205475,-5.72099702572e-08,-3.2098876469e-15,0.000476707843411,0.0061829802844,5.90410565336e-07
contraction_3D,11.4,0.0992393637395,0.0890044960921,-6.38021799015e-08,-2.84439938624e-15,0.000537884820069,0.00672850857067,6.92135502865e-07
contraction_3D,11.4,0.0992048323801,0.0933289480535,-7.07197172334e-08,-2.46087416055e-15,0.0006020809004,0.00730095885509,7.98880599108e-07
contraction_3D,11.4,0.0991685968868,0.0978668131362,-7.7978637299e-08,-2.05842183935e-15,0.000669445078328,0.0079016597486,9.10893600823e-07
contraction_3D,11.4,0.0991305731601,0.102494138811,-8.51489075327e-08,-1.83693414211e-15,0.000738139193718,0.00851422889153,1.02511946111e-06
contraction_3D,11.4,0.09909067295,0.106943522668,-9.13229286844e-08,-2.21124662172e-15,0.000804197624176,0.00910332242357,1.13496713693e-06
contraction_3D,11.4,0.0990488036515,0.111612485071,-9.78016397964e-08,-2.60403154422e-15,0.000873516059752,0.00972148791383,1.25023583142e-06
contraction_3D,11.4,0.0990048680895,0.116511862288,-1.04600077409e-07,-3.01620052998e-15,0.000946255382671,0.0103701600721,1.37119307348e-06
contraction_3D,11.4,0.0989587642931,0.121653025377,-1.11734020149e-07,-3.44871019023e-15,0.00102258441504,0.0110508444142,1.49811959513e-06
contraction_3D,11.4,0.0989103852593,0.127047906543,-1.19220025291e-07,-3.90256434381e-15,0.00110268031007,0.0117651207508,1.63130998204e-06
contraction_3D,11.4,0.0988596187043,0.132709026866,-1.27075467244e-07,-4.37881634886e-15,0.00118672896382,0.012514646859,1.77107335827e-06
contraction_3D,11.4,0.0988063468033,0.138649525317,-1.35318577813e-07,-4.87857154526e-15,0.00127492544596,0.0133011623245,1.91773410258e-06
contraction_3D,11.4,0.0987504459166,0.144703305709,-1.44070627435e-07,-5.68824081646e-15,0.00136480092791,0.0141026373412,2.06718466946e-06
contraction_3D,11.4,0.0986917863028,0.15059829408,-1.53514391786e-07,-7.26342584665e-15,0.00145231147249,0.014882987726,2.21269700368e-06
contraction_3D,11.4,0.098630231818,0.156784202043,-1.63424208977e-07,-8.91634677007e-15,0.00154414069089,0.0157018486558,2.36539041887e-06
contraction_3D,11.4,0.0985656395992,0.163275386592,-1.73823078894e-07,-1.06508398825e-14,0.0016405017113,0.0165611206409,2.52561930414e-06
contraction_3D,11.4,0.0984978597333,0.170086913219,-1.84735136438e-07,-1.24709307971e-14,0.00174161817956,0.0174627979791,2.69375553725e-06
contraction_3D,11.4,0.0984267349088,0.177234590917,-1.961857076e-07,-1.43808437943e-14,0.00184772477867,0.0184089733896,2.87018934857e-06
contraction_3D,11.4,0.0983521000511,0.184234440792,-2.10871868718e-07,-1.53313788569e-14,0.00195808140065,0.0193188549484,3.21215200273e-06
contraction_3D,11.4,0.0982737819387,0.190110795464,-2.34119504189e-07,-1.32368890193e-14,0.00207098960303,0.0200301075803,4.03119139003e-06
contraction_3D,11.4,0.0981915988018,0.196277150164,-2.58514418086e-07,-1.10390354234e-14,0.00218946986219,0.0207764607626,4.89065063936e-06
contraction_3D,11.4,0.0981053599004,0.202747816471,-2.84113228907e-07,-8.73271703884e-15,0.00231379716061,0.0215596467168,5.79252448182e-06
contraction_3D,11.4,0.0980148650809,0.209537812285,-3.10975349448e-07,-6.31258108372e-15,0.00244426005204,0.0223814831551,6.73890609452e-06
contraction_3D,11.4,0.0979199043126,0.216210897852,-3.36041017384e-07,-5.5670346869e-15,0.00257247533607,0.0231891424103,7.66901325186e-06
contraction_3D,11.4,0.0978202571993,0.222871981283,-3.59986064944e-07,-6.1394297228e-15,0.00270045896905,0.0239953274172,8.59746394255e-06
contraction_3D,11.4,0.0977156924684,0.229861791358,-3.85112808426e-07,-6.74007264414e-15,0.00283475863613,0.0248412979177,9.5717339782e-06
contraction_3D,11.4,0.0976059674338,0.237196550849,-4.11479564924e-07,-7.37035748854e-15,0.00297568603576,0.0257290173392,1.0594084559e-05
contraction_3D,11.4,0.097490827433,0.244781132772,-4.391267297e-07,-8.49168797908e-15,0.00312141379332,0.0266469800059,1.16512508056e-05
contraction_3D,11.4,0.0973700052354,0.252063184728,-4.68012763876e-07,-1.24441173201e-14,0.00326133104444,0.0275283731175,1.26662146258e-05
contraction_3D,11.4,0.097243220423,0.25970460832,-4.98324333246e-07,-1.65916003364e-14,0.00340815325747,0.0284532632661,1.37312672411e-05
contraction_3D,11.4,0.0971101787386,0.267723138668,-5.30131788488e-07,-2.09437629967e-14,0.00356222119478,0.0294237970464,1.48488805517e-05
contraction_3D,11.4,0.0969705714037,0.275297430823,-5.66736315653e-07,-2.2671751162e-14,0.00368492925859,0.0299606159961,1.61587950764e-05
contraction_3D,11.4,0.0968240744011,0.28129847253,-6.12628424358e-07,-1.7904223758e-14,0.00372337506807,0.0294075368632,1.78512647632e-05
contraction_3D,11.4,0.0966703477236,0.287595667604,-6.60785323608e-07,-1.29014173235e-14,0.00376371819081,0.0288271630946,1.96272583817e-05
contraction_3D,11.4,0.0965090345843,0.29416512775,-7.10835410615e-07,-7.96172384283e-15,0.0038058052436,0.0282216893547,2.14800387339e-05
contraction_3D,11.4,0.0963397605889,0.300347203929,-7.54422249101e-07,-8.50745900439e-15,0.0038454041696,0.0276517892037,2.32235654842e-05
contraction_3D,11.4,0.0961621328665,0.306834367588,-8.00160112312e-07,-9.08012636958e-15,0.00388695731554,0.0270537642939,2.50531358495e-05
contraction_3D,11.4,0.095975739158,0.313641674891,-8.48155154008e-07,-9.68105506144e-15,0.00393056112281,0.0264262266596,2.69729961097e-05
contraction_3D,11.4,0.095780146859,0.320237368634,-8.97832862171e-07,-1.48586219664e-14,0.00397281490885,0.025818307978,2.88331751287e-05
contraction_3D,11.4,0.0955749020162,0.32699966495,-9.49763136712e-07,-2.16112061413e-14,0.00401613771078,0.0251950686382,3.07403409542e-05
contraction_3D,11.4,0.0953595282733,0.334095682801,-1.00425618728e-06,-2.86970325535e-14,0.00406159850715,0.0245410722331,3.27416260368e-05
contraction_3D,11.4,0.0951335257658,0.340090186732,-1.07924354443e-06,-2.4154745215e-14,0.00406947518985,0.0237459559373,3.53562270315e-05
contraction_3D,11.4,0.0948963699608,0.346018783087,-1.16236824706e-06,-1.64036451256e-14,0.00406781627423,0.022884478218,3.8228076359e-05
contraction_3D,11.4,0.0946475104392,0.352112579189,-1.24675633272e-06,-9.91580315689e-15,0.00406610950521,0.0219989795308,4.11799123015e-05
contraction_3D,11.4,0.094386369619,0.357938295187,-1.32263206371e-06,-1.0457036514e-14,0.00406447039964,0.0211523631288,4.40017206953e-05
contraction_3D,11.4,0.094112341414,0.364051512173,-1.40225228681e-06,-1.10249799074e-14,0.00406275040366,0.0202639659306,4.69627862552e-05
contraction_3D,11.4,0.0938247898274,0.370164343219,-1.48486543082e-06,-1.56820526596e-14,0.00406103483883,0.0193756672277,4.99237637057e-05
contraction_3D,11.4,0.0935230474762,0.376241676172,-1.5705104168e-06,-2.51018465402e-14,0.00405933429968,0.0184925766785,5.28676620933e-05
contraction_3D,11.4,0.0932064140413,0.382618927494,-1.66038201084e-06,-3.4986510324e-14,0.00405754983837,0.017565905322,5.59568428289e-05
contraction_3D,11.4,0.0928741546429,0.388146444798,-1.78775865462e-06,-2.55446987768e-14,0.00403638841371,0.016835276492,5.97312991787e-05
contraction_3D,11.4,0.0925254981346,0.393894735731,-1.92289846652e-06,-1.47519112859e-14,0.00401332111315,0.016079389904,6.3715825132e-05
contraction_3D,11.4,0.0921596353138,0.399478262325,-2.04796263994e-06,-1.17513242484e-14,0.00399091100883,0.0153451265962,6.75860175114e-05
contraction_3D,11.4,0.0917757170431,0.405133781205,-2.17159800518e-06,-1.23814392292e-14,0.00396821000079,0.0146013749147,7.15060499858e-05
contraction_3D,11.4,0.0913728522804,0.410886264387,-2.30040558956e-06,-1.62492427581e-14,0.00394512159126,0.0138448909872,7.54933483426e-05
contraction_3D,11.4,0.09095010601,0.416514196353,-2.4334861053e-06,-2.74986189318e-14,0.00392253727089,0.013104831204,7.93944457955e-05
contraction_3D,11.4,0.090506497073,0.422363629701,-2.57645961071e-06,-3.76491148283e-14,0.00389825559222,0.0123448229948,8.35249130874e-05
contraction_3D,11.4,0.09004099589,0.427722960346,-2.77253804922e-06,-2.53960375391e-14,0.00386470501619,0.0117768151182,8.83694963293e-05
contraction_3D,11.4,0.0895525220715,0.433333285685,-2.97748122698e-06,-1.2849698848e-14,0.00382958326517,0.0111822042966,9.34409865605e-05
contraction_3D,11.4,0.0890399419105,0.438614721335,-3.15608524271e-06,-1.36688498719e-14,0.00379652521835,0.0106223919567,9.82160558421e-05
contraction_3D,11.4,0.088502065751,0.444156797561,-3.343503425e-06,-1.45284262805e-14,0.0037618357461,0.0100349526948,0.000103226776354
contraction_3D,11.4,0.0879376452273,0.449498822194,-3.53770516271e-06,-2.58534033677e-14,0.00372839426761,0.00946876938364,0.000108055858225
contraction_3D,11.4,0.0873453703664,0.455021359116,-3.74105805859e-06,-3.95667137458e-14,0.00369382196837,0.00888346396889,0.000113047972923
contraction_3D,11.4,0.0867238665475,0.460305414931,-4.00363072164e-06,-3.12360892122e-14,0.00365409654223,0.00841455263003,0.000118816454408
contraction_3D,11.4,0.086071691312,0.465711993033,-4.29246737005e-06,-1.63476581921e-14,0.00361147813489,0.00796180309184,0.000125012995775
contraction_3D,11.4,0.0853873310156,0.470863895515,-4.54896302591e-06,-1.62154336604e-14,0.00357087727312,0.00753035143021,0.00013091942644
contraction_3D,11.4,0.0846691973149,0.476203671988,-4.81218631952e-06,-1.80483303411e-14,0.0035287972269,0.00708316202262,0.000137041495331
contraction_3D,11.4,0.0839156234815,0.481353131318,-5.08590294877e-06,-3.19116546974e-14,0.0034882072163,0.00665193888754,0.000142943640671
contraction_3D,11.4,0.0831248605331,0.486684005425,-5.37272754826e-06,-4.83721344658e-14,0.00344618552402,0.00620552866678,0.00014905341719
contraction_3D,11.4,0.0822950731749,0.491695845708,-5.73470407679e-06,-3.37711843402e-14,0.00340112769659,0.00586269117978,0.000156549579379
contraction_3D,11.4,0.0814243355393,0.496841583174,-6.11105381372e-06,-1.7895661724e-14,0.00335439471088,0.00551725217584,0.000164396213298
contraction_3D,11.4,0.080510626717,0.501764102915,-6.44857663601e-06,-1.46224710711e-14,0.00330970704962,0.00518676820798,0.000171906817978
contraction_3D,11.4,0.0795518260656,0.506830982242,-6.8016928839e-06,-1.41041473813e-14,0.00326370473843,0.00484659908007,0.000179636692729
contraction_3D,11.4,0.0785457082889,0.511758180822,-7.16803077752e-06,-2.50914994149e-14,0.00321895397072,0.00451583466928,0.00018714948984
contraction_3D,11.4,0.0774899382711,0.516119157782,-7.51732372394e-06,-2.81924655267e-14,0.00317859714024,0.00423509590428,0.000194364578524
contraction_3D,11.4,0.0763820656579,0.519249486796,-7.82110975499e-06,-1.63897297717e-14,0.00314804310653,0.00405902727927,0.000200741595316
contraction_3D,11.4,0.0752195191692,0.523283936956,-8.20020804542e-06,-1.32456637932e-14,0.00310869291986,0.0038320811434,0.000208968034291
contraction_3D,11.4,0.0739996006315,0.52899365879,-8.74557047947e-06,-2.881119981e-14,0.00305299085226,0.00351090755465,0.000220607265028
contraction_3D,11.4,0.0727194787153,0.534318659717,-9.27380297527e-06,-1.63525234269e-14,0.00300278656378,0.00322483780133,0.000233512059199
contraction_3D,11.4,0.0713761823643,0.538724443486,-9.70649405437e-06,-2.54743079379e-14,0.00296263088558,0.00299826385599,0.000245755051383
contraction_3D,11.4,0.0699665938994,0.542930414389,-1.01287868289e-05,-1.78038288318e-14,0.00292651989573,0.00279138880098,0.000259057617426
contraction_3D,11.4,0.0684874417831,0.547055510909,-1.05338427592e-05,-2.94236342944e-14,0.00289299516286,0.0025960780058,0.000273440705628
contraction_3D,11.4,0.0669352930266,0.550915394465,-1.08962940013e-05,-1.54056752057e-14,0.0028653818334,0.00242270478755,0.000289146270079
contraction_3D,11.4,0.0653065452218,0.554781443722,-1.12513198778e-05,-4.23898585848e-14,0.00283969982997,0.00225380877098,0.000306041240686
contraction_3D,11.4,0.0635974181806,0.558219344813,-1.14969979992e-05,-1.53451277098e-14,0.00282373451722,0.00211505929616,0.000324600835647
contraction_3D,11.4,0.0618039451614,0.561618177687,-1.17055676743e-05,-2.31097784207e-14,0.00281135098687,0.00198226809848,0.000344507581872
contraction_3D,11.4,0.0599219636627,0.564822190793,-1.18311776275e-05,-3.6452255421e-14,0.00280574696884,0.00186449422174,0.000366000693978
contraction_3D,11.4,0.0579471057621,0.567712353785,-1.18052032217e-05,-1.49519722613e-14,0.0028099225387,0.0017673329372,0.000389025550867
contraction_3D,11.4,0.0558747879787,0.570458160396,-1.16576064987e-05,-1.48783914401e-14,0.00282122843135,0.00168136371581,0.000413476520473
contraction_3D,11.4,0.0537002006356,0.573014952379,-1.13573480324e-05,-2.86444115678e-14,0.00284130563042,0.00160891778244,0.000439351719411
contraction_3D,11.4,0.0514182966966,0.575345735634,-1.08394902358e-05,-3.92765864543e-14,0.00287169775258,0.00155174949642,0.000466448273859
contraction_3D,11.4,0.0490237800525,0.577509555383,-1.01093370893e-05,-1.39074012761e-14,0.00290344439809,0.00150694793596,0.000492081289241
contraction_3D,11.4,0.0465110932296,0.580243347836,-9.21287587972e-06,-3.07272256765e-14,0.00286995463999,0.00143250970586,0.000506355454739
contraction_3D,11.4,0.043874404491,0.583155692922,-8.22467391309e-06,-1.94818036027e-14,0.00281491030043,0.00135172270746,0.00051666397217
contraction_3D,11.4,0.0411075943015,0.586034253654,-7.22242704907e-06,-2.51905681018e-14,0.0027540904543,0.00127324488736,0.000525397476977
contraction_3D,11.4,0.0382042411251,0.58883250956,-6.22107781929e-06,-4.32230202372e-14,0.00269173615584,0.00119866632122,0.0005333272215
contraction_3D,11.4,0.0351576065208,0.591570437357,-5.22898858246e-06,-4.29605107482e-14,0.00262835929273,0.001127534177,0.000540853688949
contraction_3D,11.4,0.0319606195032,0.594196797153,-4.28047957439e-06,-3.1793319536e-14,0.00256577512793,0.00106103121466,0.000548077022747
contraction_3D,11.4,0.0286058601316,0.596656553473,-3.40682174496e-06,-1.21939252021e-14,0.00250581086186,0.00100013300749,0.000554992616212
contraction_3D,11.4,0.0250855422888,0.598883155318,-2.61742732933e-06,-1.26852286845e-14,0.00245063117498,0.000945913622216,0.000561455554227
contraction_3D,11.4,0.0213914956102,0.600930056867,-1.93560486497e-06,-2.83593647475e-14,0.0023990448585,0.000896734264039,0.00056755204734
contraction_3D,11.4,0.0175151465209,0.60258384091,-1.40970303731e-06,-2.31395841305e-14,0.00235617423104,0.000857533073412,0.000572876317835
contraction_3D,11.4,0.0134474983374,0.604070430712,-9.29804581257e-07,-4.89256506333e-14,0.00231732014173,0.000822299883271,0.000577753301996
contraction_3D,11.4,0.00917911038696,0.604929124153,-6.11280537173e-07,-1.09680034738e-14,0.00229367964074,0.000801572330786,0.000580842597954
contraction_3D,11.4,0.00470007609639,0.605577272922,-2.46667754905e-07,-1.01929246491e-14,0.00227587268811,0.000785943808598,0.000583181730361
contraction_3D,11.4,9.99390827019e-08,0.605577709122,-4.48993446614e-12,-2.95968375116e-19,0.00227575312927,0.000785935370602,0.000583125013623
contraction_2D,11.6,0.0999380833111,0.0194812699594,-1.47265563358e-08,-1.23372610721e-17,4.21785648226e-05,0.000982719891435,5.77222092191e-09
contraction_2D,11.6,0.0999380339908,0.0194875851157,-1.47294061512e-08,-1.29460921046e-17,4.21920814374e-05,0.000983038464765,5.77409206374e-09
contraction_2D,11.6,0.0999379822366,0.0194942119177,-1.47323966016e-08,-1.35849682471e-17,4.22062650816e-05,0.000983372759323,5.77605554426e-09
contraction_2D,11.6,0.0999379279283,0.0195011657563,-1.47355346326e-08,-1.42553733004e-17,4.22211486969e-05,0.000983723551511,5.77811592369e-09
contraction_2D,11.6,0.0999378709398,0.0195084627777,-1.47388275303e-08,-1.49588638973e-17,4.2236766842e-05,0.000984091655847,5.78027798609e-09
contraction_2D,11.6,0.0999378111389,0.0195161199094,-1.47422829336e-08,-1.56970719715e-17,4.22531557473e-05,0.000984477926244,5.78254674693e-09
contraction_2D,11.6,0.0999377483869,0.019524154911,-1.47459088566e-08,-1.64717096955e-17,4.22703534248e-05,0.000984883258604,5.7849274683e-09
contraction_2D,11.6,0.099937682538,0.0195325864513,-1.47497137242e-08,-1.72845768874e-17,4.22883998319e-05,0.000985308594691,5.78742568163e-09
contraction_2D,11.6,0.0999376134395,0.0195414340826,-1.47537063594e-08,-1.81375585419e-17,4.23073368175e-05,0.000985754920834,5.79004718015e-09
contraction_2D,11.6,0.0999375409309,0.0195507183559,-1.47578960363e-08,-1.90326359399e-17,4.23272083676e-05,0.000986223273747,5.79279805301e-09
contraction_2D,11.6,0.099937464844,0.0195604608081,-1.47622924738e-08,-1.99718854148e-17,4.23480605789e-05,0.00098671473988,5.79568468146e-09
contraction_2D,11.6,0.0999373850022,0.0195706840519,-1.47669058762e-08,-2.0957486993e-17,4.236994185e-05,0.000987230459941,5.79871376546e-09
contraction_2D,11.6,0.0999373012201,0.0195814118264,-1.47717469562e-08,-2.1991729332e-17,4.23929029912e-05,0.000987771631479,5.80189233882e-09
contraction_2D,11.6,0.0999372133034,0.0195926690107,-1.47768269407e-08,-2.30770109549e-17,4.24169972519e-05,0.000988339509532,5.80522777301e-09
contraction_2D,11.6,0.099937121048,0.0196044817383,-1.47821576232e-08,-2.42158513598e-17,4.24422805674e-05,0.000988935412436,5.80872781128e-09
contraction_2D,11.6,0.0999370242397,0.0196168774364,-1.47877513803e-08,-2.54108947238e-17,4.24688116408e-05,0.000989560723769,5.81240058009e-09
contraction_2D,11.6,0.099936922654,0.0196298848507,-1.47936211842e-08,-2.66649123717e-17,4.24966519981e-05,0.000990216893638,5.81625459664e-09
contraction_2D,11.6,0.0999368160549,0.0196435341996,-1.47997806714e-08,-2.79808175893e-17,4.2525866317e-05,0.00099090544643,5.82029881443e-09
contraction_2D,11.6,0.0999367041951,0.0196578571482,-1.48062441312e-08,-2.9361663154e-17,4.2556522372e-05,0.000991627979526,5.82454261568e-09
contraction_2D,11.6,0.099936586815,0.0196728869368,-1.48130265639e-08,-3.08106536804e-17,4.25886913084e-05,0.000992386169751,5.82899584923e-09
contraction_2D,11.6,0.0999364636422,0.0196886584444,-1.48201437091e-08,-3.23311517914e-17,4.26224477797e-05,0.000993181776613,5.83366884956e-09
contraction_2D,11.6,0.0999363343907,0.0197052082915,-1.48276120925e-08,-3.39266879941e-17,4.26578701663e-05,0.000994016647463,5.8385724671e-09
contraction_2D,11.6,0.0999361987607,0.0197225748658,-1.48354490371e-08,-3.56009631488e-17,4.26950406309e-05,0.000994892718793,5.84371807583e-09
contraction_2D,11.6,0.0999360564372,0.0197407985009,-1.48436727442e-08,-3.73578657516e-17,4.27340455016e-05,0.000995812025273,5.8491176264e-09
contraction_2D,11.6,0.0999359070901,0.0197599214641,-1.48523022874e-08,-3.92014706986e-17,4.27749752449e-05,0.00099677669911,5.85478364233e-09
contraction_2D,11.6,0.0999357503726,0.019779988161,-1.48613577056e-08,-4.11360590388e-17,4.28179249042e-05,0.000997788980379,5.86072928073e-09
contraction_2D,11.6,0.0999355859211,0.0198010451483,-1.48708600081e-08,-4.3166119207e-17,4.28629941267e-05,0.000998851217674,5.86696833605e-09
contraction_2D,11.6,0.0999354133538,0.0198231413131,-1.48808312562e-08,-4.5296364307e-17,4.29102875479e-05,0.000999965877144,5.87351529325e-09
contraction_2D,11.6,0.0999352322703,0.0198463279241,-1.48912945855e-08,-4.7531737049e-17,4.29599149004e-05,0.00100113554508,5.88038534293e-09
contraction_2D,11.6,0.0999350422502,0.0198706588109,-1.49022742876e-08,-4.98774270316e-17,4.30119913982e-05,0.00100236293697,5.88759443447e-09
contraction_2D,11.6,0.0999348428526,0.019896190428,-1.49137958385e-08,-5.23388769144e-17,4.30666378733e-05,0.0010036509007,5.89515929498e-09
contraction_2D,11.6,0.0999346336146,0.0199229820469,-1.49258859853e-08,-5.49218009344e-17,4.31239811872e-05,0.00100500242627,5.90309748623e-09
contraction_2D,11.6,0.0999344140507,0.0199510958327,-1.49385727812e-08,-5.76321923129e-17,4.3184154395e-05,0.00100642064965,5.91142742739e-09
contraction_2D,11.6,0.0999341836513,0.0199805970366,-1.49518856716e-08,-6.04763417718e-17,4.32472971564e-05,0.0010079088625,5.92016845197e-09
contraction_2D,11.6,0.0999339418815,0.0200115541492,-1.49658555642e-08,-6.3460852347e-17,4.33135560651e-05,0.00100947051988,5.9293408533e-09
contraction_2D,11.6,0.0999336881804,0.0200440389903,-1.49805148687e-08,-6.659264803e-17,4.33830848401e-05,0.00101110924479,5.93896591114e-09
contraction_2D,11.6,0.099933421959,0.0200781269775,-1.49958976185e-08,-6.98789996902e-17,4.34560449014e-05,0.00101282884175,5.9490659713e-09
contraction_2D,11.6,0.0999331425994,0.0201138972292,-1.50120395171e-08,-7.33275349518e-17,4.35326055894e-05,0.00101463330195,5.95966447603e-09
contraction_2D,11.6,0.0999328494534,0.0201514327433,-1.50289780187e-08,-7.69462554748e-17,4.36129445484e-05,0.00101652681228,5.9707860171e-09
contraction_2D,11.6,0.0999325418406,0.0201908206408,-1.50467524378e-08,-8.07435604097e-17,4.36972482473e-05,0.00101851376763,5.98245640793e-09
contraction_2D,11.6,0.099932219047,0.0202321523449,-1.50654040309e-08,-8.47282636805e-17,4.37857123635e-05,0.00102059877993,5.99470273666e-09
contraction_2D,11.6,0.0999318803233,0.0202755237987,-1.50849760936e-08,-8.8909614969e-17,4.38785422484e-05,0.00102278668911,6.00755343066e-09
contraction_2D,11.6,0.0999315248836,0.020321035632,-1.51055140368e-08,-9.32973157632e-17,4.39759532841e-05,0.00102508257152,6.02103830585e-09
contraction_2D,11.6,0.0999311519028,0.0203687934935,-1.51270655363e-08,-9.79015514535e-17,4.40781715958e-05,0.00102749175669,6.03518866536e-09
contraction_2D,11.6,0.0999307605153,0.020418908218,-1.51496806078e-08,-1.02733007379e-16,4.41854344078e-05,0.00103001983579,6.05003734881e-09
contraction_2D,11.6,0.0999303498126,0.0204714961332,-1.51734117463e-08,-1.07802898455e-16,4.42979907019e-05,0.00103267267705,6.06561882339e-09
contraction_2D,11.6,0.0999299188417,0.0205266792647,-1.51983140177e-08,-1.13122988924e-16,4.4416101655e-05,0.00103545643617,6.08196924457e-09
contraction_2D,11.6,0.0999294666022,0.0205845857077,-1.52244452269e-08,-1.18705628154e-16,4.45400414346e-05,0.001038377575,6.09912656609e-09
contraction_2D,11.6,0.0999289920446,0.0206453498439,-1.5251866016e-08,-1.24563771627e-16,4.46700976645e-05,0.00104144287256,6.11713060449e-09
contraction_2D,11.6,0.0999284940673,0.0207091127265,-1.52806400373e-08,-1.30711017967e-16,4.48065722467e-05,0.00104465944438,6.1360231529e-09
contraction_2D,11.6,0.0999279715147,0.0207760223227,-1.53108340635e-08,-1.37161632397e-16,4.49497818825e-05,0.00104803475479,6.15584805314e-09
contraction_2D,11.6,0.099927423174,0.0208462339239,-1.53425181724e-08,-1.43930586245e-16,4.51000589493e-05,0.0010515766376,6.17665131711e-09
contraction_2D,11.6,0.0999268477725,0.0209199104916,-1.53757659028e-08,-1.51033590267e-16,4.52577522403e-05,0.00105529331354,6.19848122923e-09
contraction_2D,11.6,0.0999262439747,0.0209972230282,-1.54106544224e-08,-1.5848713045e-16,4.542322776e-05,0.00105919340895,6.22138845646e-09
contraction_2D,11.6,0.0999256103794,0.0210783509484,-1.5447264695e-08,-1.66308503812e-16,4.55968695181e-05,0.00106328597459,6.24542615833e-09
contraction_2D,11.6,0.0999249455158,0.0211634825792,-1.5485681706e-08,-1.7451586654e-16,4.57790805989e-05,0.00106758051074,6.27065013491e-09
contraction_2D,11.6,0.0999242478411,0.0212528154663,-1.55259946011e-08,-1.83128263622e-16,4.59702838188e-05,0.00107208698277,6.29711891781e-09
contraction_2D,11.6,0.0999235157359,0.0213465569639,-1.55682969524e-08,-1.92165685631e-16,4.61709229871e-05,0.00107681585084,6.32489394478e-09
contraction_2D,11.6,0.099922747501,0.0214449246439,-1.56126869424e-08,-2.01649108223e-16,4.63814637829e-05,0.00108177809054,6.35403968102e-09
contraction_2D,11.6,0.0999219413535,0.0215481467955,-1.56592675905e-08,-2.11600540283e-16,4.66023948239e-05,0.00108698521811,6.38462376722e-09
contraction_2D,11.6,0.0999210954224,0.0216564629885,-1.57081470063e-08,-2.22043078242e-16,4.68342288723e-05,0.00109244931885,6.41671718646e-09
contraction_2D,11.6,0.0999202077442,0.0217701246369,-1.57594386444e-08,-2.3300096039e-16,4.70775040406e-05,0.00109818307555,6.45039443112e-09
contraction_2D,11.6,0.0999192762589,0.0218893955109,-1.58132615353e-08,-2.44499616254e-16,4.73327848881e-05,0.0011041997943,6.48573365467e-09
contraction_2D,11.6,0.0999182988045,0.0220145524409,-1.58697406033e-08,-2.56565734494e-16,4.76006639277e-05,0.00111051344007,6.52281688029e-09
contraction_2D,11.6,0.0999172731123,0.0221458859199,-1.59290069378e-08,-2.6922732092e-16,4.78817629145e-05,0.00111713866701,6.56173017924e-09
contraction_2D,11.6,0.099916196802,0.0222837007303,-1.59911980769e-08,-2.8251375898e-16,4.81767341884e-05,0.00112409085012,6.6025638567e-09
contraction_2D,11.6,0.0999150673753,0.022428316764,-1.60564583768e-08,-2.96455888767e-16,4.8486262428e-05,0.00113138612662,6.6454126946e-09
contraction_2D,11.6,0.0999138822111,0.0225800696364,-1.61249392894e-08,-3.11086066268e-16,4.88110659663e-05,0.00113904142689,6.69037613375e-09
contraction_2D,11.6,0.0999126385587,0.0227393115575,-1.61967997551e-08,-3.26438247308e-16,4.91518986543e-05,0.00114707451848,6.73755853177e-09
contraction_2D,11.6,0.0999113335315,0.0229064121383,-1.62722065668e-08,-3.42548065322e-16,4.95095515873e-05,0.00115550404671,6.78706940215e-09
contraction_2D,11.6,0.0999099641009,0.0230817591721,-1.63513347225e-08,-3.59452906654e-16,4.98848547769e-05,0.00116434957415,6.83902364566e-09
contraction_2D,11.6,0.0999085270884,0.0232657596461,-1.64343678814e-08,-3.77192008076e-16,5.02786793158e-05,0.00117363163159,6.89354185006e-09
contraction_2D,11.6,0.0999070191589,0.023458840599,-1.65214987519e-08,-3.958065395e-16,5.06919392145e-05,0.00118337176137,6.95075054427e-09
contraction_2D,11.6,0.0999054368126,0.0236614501582,-1.66129295584e-08,-4.15339703965e-16,5.11255936205e-05,0.00119359256965,7.01078250572e-09
contraction_2D,11.6,0.099903776377,0.0238740585644,-1.67088725048e-08,-4.35836836393e-16,5.15806490112e-05,0.00120431777812,7.07377706382e-09
contraction_2D,11.6,0.0999020339983,0.0240971592728,-1.68095502704e-08,-4.57345509752e-16,5.20581615507e-05,0.00121557227951,7.13988042625e-09
contraction_2D,11.6,0.0999002056327,0.0243312700666,-1.69151965132e-08,-4.79915642451e-16,5.25592394742e-05,0.00122738219385,7.209246009e-09
contraction_2D,11.6,0.0998982870366,0.0245769343122,-1.70260564362e-08,-5.03599619316e-16,5.30850457734e-05,0.00123977493172,7.28203480822e-09
contraction_2D,11.6,0.0998962737572,0.0248347221629,-1.714238733e-08,-5.28452407631e-16,5.36368007731e-05,0.00125277925495,7.35841575677e-09
contraction_2D,11.6,0.0998941611218,0.0251052319288,-1.72644591916e-08,-5.54531689216e-16,5.42157850633e-05,0.00126642534582,7.43856613023e-09
contraction_2D,11.6,0.0998919442271,0.0253890914468,-1.73925553425e-08,-5.81897992519e-16,5.48233424319e-05,0.00128074487606,7.52267195281e-09
contraction_2D,11.6,0.099889617928,0.0256869595148,-1.75269730759e-08,-6.10614830871e-16,5.54608829339e-05,0.0012957710793,7.61092842227e-09
contraction_2D,11.6,0.0998871768252,0.0259995274794,-1.76680243729e-08,-6.40748855559e-16,5.61298862896e-05,0.0013115388311,7.70354038034e-09
contraction_2D,11.6,0.0998846152533,0.0263275207597,-1.78160365905e-08,-6.72370002719e-16,5.68319051465e-05,0.00132808472581,7.80072276422e-09
contraction_2D,11.6,0.0998819272669,0.0266717006271,-1.79713532646e-08,-7.05551664932e-16,5.75685688879e-05,0.00134544716642,7.9027011339e-09
contraction_2D,11.6,0.0998791066275,0.0270328658825,-1.81343348669e-08,-7.40370852929e-16,5.83415872237e-05,0.00136366644909,8.00971216918e-09
contraction_2D,11.6,0.0998761467886,0.0274118547643,-1.83053596659e-08,-7.76908379527e-16,5.91527542735e-05,0.00138278485948,8.12200423492e-09
contraction_2D,11.6,0.0998730408807,0.0278095468691,-1.84848245936e-08,-8.15249044793e-16,6.00039526777e-05,0.00140284676955,8.23983795016e-09
contraction_2D,11.6,0.0998697816953,0.0282268652003,-1.86731461702e-08,-8.55481833557e-16,6.08971579821e-05,0.00142389874099,8.3634867951e-09
contraction_2D,11.6,0.099866361668,0.028664778332,-1.88707614801e-08,-8.97700124032e-16,6.18344432699e-05,0.00144598963434,8.49323775229e-09
contraction_2D,11.6,0.0998627728612,0.0291243026244,-1.90781291722e-08,-9.42001901372e-16,6.28179839026e-05,0.00146917072071,8.62939196296e-09
contraction_2D,11.6,0.0998590069456,0.0296065045923,-1.92957305283e-08,-9.88489986044e-16,6.38500625901e-05,0.00149349580135,8.77226542885e-09
contraction_2D,11.6,0.0998550551808,0.0301125033893,-1.95240705845e-08,-1.03727227331e-15,6.49330747075e-05,0.00151902133288,8.92218974829e-09
contraction_2D,11.6,0.0998509083952,0.0306434733815,-1.97636792921e-08,-1.08846198136e-15,6.60695338038e-05,0.0015458065572,9.07951287869e-09
contraction_2D,11.6,0.0998465569644,0.0312006469132,-2.00151127664e-08,-1.14217791792e-15,6.72620775212e-05,0.00157391364093,9.24459995605e-09
contraction_2D,11.6,0.099841990789,0.0317853171495,-2.02789545688e-08,-1.19854475435e-15,6.85134736793e-05,0.00160340781887,9.41783413721e-09
contraction_2D,11.6,0.0998371992714,0.0323988410468,-2.05558170475e-08,-1.25769331198e-15,6.98266266336e-05,0.00163435754382,9.59961747999e-09
contraction_2D,11.6,0.0998321712908,0.0330426425541,-2.08463427824e-08,-1.31976087076e-15,7.12045841264e-05,0.00166683464807,9.79037189169e-09
contraction_2D,11.6,0.0998268951777,0.0337182158781,-2.1151206058e-08,-1.38489148403e-15,7.26505442758e-05,0.00170091450812,9.99054009648e-09
contraction_2D,11.6,0.0998213586867,0.0344271289656,-2.14711144356e-08,-1.45323631427e-15,7.41678630295e-05,0.00173667622036,1.02005866674e-08
contraction_2D,11.6,0.0998155489681,0.0351710271406,-2.18068103939e-08,-1.52495398373e-15,7.57600619485e-05,0.00177420278453,1.04209991037e-08
contraction_2D,11.6,0.099809452538,0.0359516369321,-2.21590730568e-08,-1.60021094347e-15,7.74308364013e-05,0.00181358129683,1.06522889653e-08
contraction_2D,11.6,0.099803055247,0.0367707700824,-2.25287200019e-08,-1.67918185978e-15,7.9184064142e-05,0.00185490315211,1.08949930603e-08
contraction_2D,11.6,0.0997963422477,0.0376303277084,-2.29166091387e-08,-1.76205001536e-15,8.10238142168e-05,0.0018982642538,1.11496746778e-08
contraction_2D,11.6,0.0997892979596,0.0385323047958,-2.33236407364e-08,-1.84900774263e-15,8.29543565839e-05,0.00194376524062,1.14169249199e-08
contraction_2D,11.6,0.0997819060337,0.0394787947319,-2.37507594696e-08,-1.94025686067e-15,8.49801718148e-05,0.00199151171523,1.16973640441e-08
contraction_2D,11.6,0.0997741493137,0.0404719942737,-2.419895666e-08,-2.03600915426e-15,8.71059617282e-05,0.00204161449487,1.19916429362e-08
contraction_2D,11.6,0.0997660097971,0.0415142085289,-2.46692725243e-08,-2.13648685399e-15,8.93366600501e-05,0.00209418986264,1.23004445852e-08
contraction_2D,11.6,0.0997574685927,0.0425472209759,-2.51539309962e-08,-2.2473186233e-15,9.15476622586e-05,0.00214630094702,1.26065199224e-08
contraction_2D,11.6,0.0997485058771,0.0431185943091,-2.55875395565e-08,-2.40923381525e-15,9.27705883126e-05,0.00217512349161,1.27758155212e-08
contraction_2D,11.6,0.0997391008485,0.0437181651065,-2.60425468437e-08,-2.57913957584e-15,9.40538661746e-05,0.00220536843838,1.29534659142e-08
contraction_2D,11.6,0.0997292316787,0.0443473249165,-2.65200088876e-08,-2.75743024066e-15,9.54004742137e-05,0.00223710598304,1.31398834115e-08
contraction_2D,11.6,0.0997188754621,0.0450075339716,-2.70210338415e-08,-2.94451960881e-15,9.68135378058e-05,0.00227040978604,1.3335500674e-08
contraction_2D,11.6,0.0997080081629,0.0457003245546,-2.7546784537e-08,-3.14084189709e-15,9.82963365379e-05,0.00230535714237,1.3540771711e-08
contraction_2D,11.6,0.0996966045589,0.0464273045814,-2.80984812028e-08,-3.34685275503e-15,9.98523118766e-05,0.00234202916227,1.37561729414e-08
contraction_2D,11.6,0.0996846381833,0.0471901613112,-2.86774042802e-08,-3.56303031643e-15,0.000101485075109,0.00238051095838,1.39822042932e-08
contraction_2D,11.6,0.0996720812632,0.0479906652669,-2.92848973983e-08,-3.78987631033e-15,0.000103198415734,0.00242089184355,1.42193903652e-08
contraction_2D,11.6,0.0996589046549,0.0488306743601,-2.99223705046e-08,-4.02791722975e-15,0.000104996310291,0.00246326553889,1.4468281649e-08
contraction_2D,11.6,0.0996450777767,0.0497121381749,-3.05913031159e-08,-4.27770554589e-15,0.000106882931528,0.00250773038987,1.47294557985e-08
contraction_2D,11.6,0.0996305685376,0.0506371025134,-3.12932477673e-08,-4.53982099599e-15,0.000108862658132,0.00255438959558,1.50035189766e-08
contraction_2D,11.6,0.0996153432628,0.0516077141448,-3.20298336171e-08,-4.81487192946e-15,0.000110940084892,0.00260335144837,1.52911072623e-08
contraction_2D,11.6,0.0995993666157,0.0526262257782,-3.28027702199e-08,-5.1034967165e-15,0.000113120033344,0.00265472958464,1.55928881241e-08
contraction_2D,11.6,0.0995826015158,0.0536950012965,-3.36138514988e-08,-5.40636523199e-15,0.00011540756297,0.00270864324887,1.59095619708e-08
contraction_2D,11.6,0.0995650090528,0.0548165212321,-3.44649599011e-08,-5.72418040655e-15,0.000117807982923,0.00276521756986,1.62418637743e-08
contraction_2D,11.6,0.099546548396,0.0559933885431,-3.53580707812e-08,-6.05767986393e-15,0.000120326864385,0.00282458385208,1.65905647804e-08
contraction_2D,11.6,0.0995271766997,0.057228334644,-3.62952569777e-08,-6.40763762952e-15,0.000122970053477,0.0028868798799,1.69564742962e-08
contraction_2D,11.6,0.0995068490039,0.0585242257358,-3.72786936173e-08,-6.77486592434e-15,0.00012574368481,0.00295225023692,1.73404415653e-08
contraction_2D,11.6,0.0994855181297,0.0598840694745,-3.83106631748e-08,-7.16021705503e-15,0.00012865419575,0.00302084664232,1.7743357744e-08
contraction_2D,11.6,0.0994631345698,0.0613110219516,-3.93935607716e-08,-7.56458539152e-15,0.000131708341369,0.00309282830303,1.81661579695e-08
contraction_2D,11.6,0.099439646374,0.0638960124145,-4.82370964785e-08,-7.35042204413e-15,0.000165378690398,0.00340455002841,7.29403271415e-08
contraction_2D,11.6,0.099414999028,0.0669817845936,-6.01617574532e-08,-6.90659526145e-15,0.000211164790458,0.00381270220797,1.49060915492e-07
contraction_2D,11.6,0.0993891353275,0.0702198406281,-7.26749043053e-08,-6.44086548283e-15,0.000259210449372,0.00424099682966,2.28938079507e-07
contraction_2D,11.6,0.0993619952448,0.0736176958022,-8.58055791059e-08,-5.95215178573e-15,0.000309627177491,0.00469042793301,3.12757208065e-07
contraction_2D,11.6,0.0993335157903,0.0771832362206,-9.9584256926e-08,-5.43931990956e-15,0.00036253198734,0.00516203860569,4.00712837545e-07
contraction_2D,11.6,0.0993036308653,0.0809247372381,-1.14042917054e-07,-4.90117961196e-15,0.000418047667055,0.00565692342107,4.93009106433e-07
contraction_2D,11.6,0.0992722711095,0.0848508825517,-1.29215116778e-07,-4.33648191402e-15,0.000476303063678,0.00617623096356,5.89860226307e-07
contraction_2D,11.6,0.0992393637395,0.0889707844199,-1.45136069517e-07,-3.74391620116e-15,0.000537433383168,0.00672116650304,6.91490980606e-07
contraction_2D,11.6,0.0992048323801,0.0932940047838,-1.61842726446e-07,-3.12210717679e-15,0.000601580503784,0.00729299478841,7.98137245647e-07
contraction_2D,11.6,0.0991685968868,0.097830577489,-1.79373862369e-07,-2.46961167438e-15,0.000668893305818,0.00789304298702,9.10046538808e-07
contraction_2D,11.6,0.0991305731601,0.102251892802,-1.92905502716e-07,-2.50499008856e-15,0.00073449682053,0.00847787142147,1.01911316174e-06
contraction_2D,11.6,0.09909067295,0.106700160918,-2.04361747304e-07,-2.94816509172e-15,0.000800500795403,0.00906628034547,1.12884498654e-06
contraction_2D,11.6,0.0990488036515,0.111367952518,-2.16383361304e-07,-3.41321092602e-15,0.000869762087995,0.00968372744205,1.24399211273e-06
contraction_2D,11.6,0.0990048680895,0.116266101152,-2.28998245865e-07,-3.90120692352e-15,0.000942441447904,0.0103316457537,1.36482178706e-06
contraction_2D,11.6,0.0989587642931,0.121405975028,-2.42235679118e-07,-4.41328568277e-15,0.00101870755807,0.0110115390466,1.49161444546e-06
contraction_2D,11.6,0.0989103852593,0.126799503357,-2.56126384022e-07,-4.95063569598e-15,0.00109873742567,0.0117249852954,1.62466436293e-06
contraction_2D,11.6,0.0988596187043,0.13245920408,-2.70702599774e-07,-5.51450411043e-15,0.0011827167935,0.0124736403508,1.76428033751e-06
contraction_2D,11.6,0.0988063468033,0.138398212875,-2.85998156514e-07,-6.10619961324e-15,0.00127084057045,0.0132592417767,1.91078640584e-06
contraction_2D,11.6,0.0987504459166,0.144630313691,-3.0204855397e-07,-6.72709548265e-15,0.00136331328455,0.0140836128893,2.06452259646e-06
contraction_2D,11.6,0.0986917863028,0.150549028181,-3.24625715234e-07,-8.51521702932e-15,0.00145113412455,0.0148664780038,2.21052695285e-06
contraction_2D,11.6,0.098630231818,0.156733479507,-3.48560454002e-07,-1.04398211358e-14,0.00154289783602,0.0156844895537,2.3630865224e-06
contraction_2D,11.6,0.0985656395992,0.163223135534,-3.73676379973e-07,-1.24594050865e-14,0.00163919011673,0.0165428702418,2.52317495671e-06
contraction_2D,11.6,0.0984978597333,0.170033058205,-4.00031785096e-07,-1.45786561653e-14,0.00174023445295,0.0174436122972,2.69116380755e-06
contraction_2D,11.6,0.0984267349088,0.177179052792,-4.27687838101e-07,-1.68024929793e-14,0.00184626536029,0.0183888062683,2.86744296325e-06
contraction_2D,11.6,0.0983521000511,0.184177404179,-4.6256671111e-07,-1.79092632013e-14,0.00195656268243,0.0192979538087,3.20923744048e-06
contraction_2D,11.6,0.0982737819387,0.190052971946,-5.16357395518e-07,-1.54705114112e-14,0.00206946772312,0.0200093043993,4.02808306973e-06
contraction_2D,11.6,0.0981915988018,0.196218500907,-5.72802667821e-07,-1.29114064205e-14,0.00218794466455,0.0207557603744,4.887338999e-06
contraction_2D,11.6,0.0981053599004,0.202688300725,-6.32033532646e-07,-1.02260087695e-14,0.00231226848153,0.0215390541944,5.78899948747e-06
contraction_2D,11.6,0.0980148650809,0.209477387288,-6.94187460098e-07,-7.40808586142e-15,0.00244272771969,0.0223610038216,6.73515721711e-06
contraction_2D,11.6,0.0979199043126,0.215996937499,-7.39576111993e-07,-7.24903688949e-15,0.0025680047778,0.0231502953033,7.64373297332e-06
contraction_2D,11.6,0.0978202571993,0.222657480061,-7.81275414145e-07,-7.91863089939e-15,0.00269599018547,0.0239566477131,8.57195173013e-06
contraction_2D,11.6,0.0977156924684,0.229646722575,-8.25032590483e-07,-8.62126959245e-15,0.00283029171482,0.0248027938777,9.54597838587e-06
contraction_2D,11.6,0.0976059674338,0.236980886495,-8.70949197798e-07,-9.35858373504e-15,0.00297122106861,0.0256906976325,1.05680735759e-05
contraction_2D,11.6,0.097490827433,0.244676993794,-9.19131804641e-07,-1.01322845707e-14,0.00311910533191,0.0266224197268,1.16406094966e-05
contraction_2D,11.6,0.0973700052354,0.25199942667,-9.85144571163e-07,-1.43092308312e-14,0.00325981313391,0.0275089390377,1.26610952679e-05
contraction_2D,11.6,0.097243220423,0.259640416462,-1.05529298422e-06,-1.88834904408e-14,0.00340664256486,0.028434027943,1.3725978096e-05
contraction_2D,11.6,0.0971101787386,0.267658491601,-1.12890324443e-06,-2.36834912565e-14,0.0035607180763,0.0294047702887,1.48434132403e-05
contraction_2D,11.6,0.0969705714037,0.275232206207,-1.21250186989e-06,-2.5589289677e-14,0.00368343757303,0.0299419536701,1.61531023659e-05
contraction_2D,11.6,0.0968240744011,0.281232410345,-1.31495878046e-06,-2.0331183147e-14,0.00372190345797,0.029389594398,1.78452464247e-05
contraction_2D,11.6,0.0966703477236,0.287528726517,-1.42247197301e-06,-1.48135873452e-14,0.00376226764689,0.0288099760156,1.96208983452e-05
contraction_2D,11.6,0.0965090345843,0.293993485324,-1.52705597601e-06,-1.02872185653e-14,0.0038037110401,0.0282148345157,2.14440539249e-05
contraction_2D,11.6,0.0963397605889,0.300175073526,-1.60194674654e-06,-1.08853060475e-14,0.00384333634707,0.0276456886896,2.31873530592e-05
contraction_2D,11.6,0.0961621328665,0.306661725127,-1.68053340109e-06,-1.1512909339e-14,0.00388491717589,0.027048455331,2.50166845755e-05
contraction_2D,11.6,0.095975739158,0.313468495102,-1.76299833269e-06,-1.21714850647e-14,0.00392855003218,0.0264217483111,2.69362941995e-05
contraction_2D,11.6,0.095780146859,0.320167801948,-1.86476253975e-06,-1.67470508032e-14,0.00397149626817,0.0258049943388,2.88255962691e-05
contraction_2D,11.6,0.0955749020162,0.326929970014,-1.98074582669e-06,-2.38942205702e-14,0.00401484692224,0.0251824910706,3.07326252383e-05
contraction_2D,11.6,0.0953595282733,0.334025853285,-2.10245292677e-06,-3.13941055034e-14,0.00406033694526,0.0245292670625,3.27337667107e-05
contraction_2D,11.6,0.0951335257658,0.34001943404,-2.25892101088e-06,-2.65863907201e-14,0.00406823967836,0.0237347882777,3.53480316646e-05
contraction_2D,11.6,0.0948963699608,0.345946866812,-2.43027599178e-06,-1.83823570007e-14,0.00406660694786,0.0228739364215,3.82194821832e-05
contraction_2D,11.6,0.0946475104392,0.351960885916,-2.59139107543e-06,-1.25686631073e-14,0.00406494980896,0.022000492649,4.11328902049e-05
contraction_2D,11.6,0.094386369619,0.357785896715,-2.71635236183e-06,-1.3062003989e-14,0.00406334338932,0.0211544583746,4.39547653774e-05
contraction_2D,11.6,0.094112341414,0.363898373701,-2.84748052855e-06,-1.35796914043e-14,0.00406165769234,0.0202666720324,4.69159010117e-05
contraction_2D,11.6,0.0938247898274,0.370089451235,-2.99611038688e-06,-1.71264503762e-14,0.00405995099444,0.0193674899903,4.99150993714e-05
contraction_2D,11.6,0.0935230474762,0.376166736968,-3.1728117446e-06,-2.64946703497e-14,0.00405827698123,0.0184848745676,5.28591440933e-05
contraction_2D,11.6,0.0932064140413,0.38254393874,-3.35823337211e-06,-3.63252150466e-14,0.00405652035492,0.0175587017853,5.59484783848e-05
contraction_2D,11.6,0.0928741546429,0.388070195409,-3.59604166197e-06,-2.6935098301e-14,0.00403537367899,0.0168285807652,5.97212606012e-05
contraction_2D,11.6,0.0925254981346,0.393817109508,-3.84751703788e-06,-1.62014023097e-14,0.00401232120915,0.0160732263611,6.37039478284e-05
contraction_2D,11.6,0.0921596353138,0.399335465337,-4.04766790331e-06,-1.42304080315e-14,0.00399018402117,0.015347874369,6.75283657266e-05
contraction_2D,11.6,0.0917757170431,0.404990268254,-4.24078656598e-06,-1.46275447972e-14,0.0039674990249,0.0146045761341,7.14473824521e-05
contraction_2D,11.6,0.0913728522804,0.410806584969,-4.45038380219e-06,-1.71467629198e-14,0.00394416648493,0.0138400574942,7.54783031801e-05
contraction_2D,11.6,0.09095010601,0.416434826261,-4.69840690364e-06,-2.82879147824e-14,0.00392159003195,0.0131003008236,7.9378749347e-05
contraction_2D,11.6,0.090506497073,0.422284471547,-4.962699545e-06,-3.83407580953e-14,0.00389731595518,0.0123406151653,8.35082716448e-05
contraction_2D,11.6,0.09004099589,0.427642464655,-5.29583430316e-06,-2.62055604512e-14,0.00386376430355,0.0117730077888,8.83482411808e-05
contraction_2D,11.6,0.0895525220715,0.433196032477,-5.63458912211e-06,-1.5022330508e-14,0.00382898777734,0.0111846798834,9.33648792425e-05
contraction_2D,11.6,0.0890399419105,0.438477221897,-5.90417594958e-06,-1.55970165116e-14,0.00379591536665,0.0106251907103,9.81354926057e-05
contraction_2D,11.6,0.088502065751,0.444019039742,-6.1870669751e-06,-1.62000634435e-14,0.00376121082168,0.0100380905637,0.000103141537298
contraction_2D,11.6,0.0879376452273,0.449417340013,-6.50898284307e-06,-2.59455810075e-14,0.00372740629207,0.00946620812418,0.000108017924138
contraction_2D,11.6,0.0873453703664,0.454941037669,-6.85526073464e-06,-3.92534886306e-14,0.00369281697607,0.00888104630075,0.000113007579236
contraction_2D,11.6,0.0867238665475,0.460224376519,-7.27486722936e-06,-3.11691402445e-14,0.00365307086964,0.008412432715,0.000118767109861
contraction_2D,11.6,0.086071691312,0.465629678797,-7.73039610703e-06,-1.67208520094e-14,0.00361042999752,0.00796003541283,0.000124952535382
contraction_2D,11.6,0.0853873310156,0.470732970907,-8.09938268291e-06,-1.60090586376e-14,0.00357017336654,0.00753287399714,0.000130793465893
contraction_2D,11.6,0.0846691973149,0.476073324568,-8.48374432584e-06,-1.56378187182e-14,0.00352804675868,0.00708586861127,0.000136905755101
contraction_2D,11.6,0.0839156234815,0.481273912932,-8.90958286924e-06,-2.5868743984e-14,0.00348702123131,0.00665059417467,0.000142857204924
contraction_2D,11.6,0.0831248605331,0.486607351221,-9.36334588494e-06,-3.98646252282e-14,0.00344494722419,0.00620421120463,0.000148960397348
contraction_2D,11.6,0.0822950731749,0.491618746651,-9.90729539977e-06,-2.74498497775e-14,0.00339981679464,0.00586164216816,0.000156432221318
contraction_2D,11.6,0.0814243355393,0.496721037143,-1.04564228425e-05,-1.55391857563e-14,0.00335339709296,0.00551936142568,0.00016418771594
contraction_2D,11.6,0.080510626717,0.501645495218,-1.09285035965e-05,-1.54877040349e-14,0.00330860892667,0.00518897155116,0.000171676778253
contraction_2D,11.6,0.0795518260656,0.50675793999,-1.14273839555e-05,-1.70478939748e-14,0.00326210909219,0.00484597473177,0.000179451186942
contraction_2D,11.6,0.0785457082889,0.511689967931,-1.1978420141e-05,-3.13765263514e-14,0.00321723496023,0.00451512499311,0.000186946933524
contraction_2D,11.6,0.0774899382711,0.51605666156,-1.24938734892e-05,-3.54205038103e-14,0.00317672671435,0.00423425065704,0.000194141914054
contraction_2D,11.6,0.0763820656579,0.519194148687,-1.29226214788e-05,-2.00285276203e-14,0.00314597455836,0.00405795753932,0.000200493871409
contraction_2D,11.6,0.0752195191692,0.523325492314,-1.34344796857e-05,-1.5331427251e-14,0.00310550107029,0.003825790725,0.000208864429954
contraction_2D,11.6,0.0739996006315,0.528946701741,-1.41594052183e-05,-2.80003263748e-14,0.0030504233405,0.00350991105228,0.000220250883464
contraction_2D,11.6,0.0727194787153,0.534275725841,-1.49053921536e-05,-1.57311180898e-14,0.00299990819597,0.00322394132109,0.000233076885435
contraction_2D,11.6,0.0713761823643,0.538688205869,-1.5471855056e-05,-2.34574434385e-14,0.00295940548412,0.0029972793597,0.000245243169638
contraction_2D,11.6,0.0699665938994,0.54290198874,-1.60648751984e-05,-1.63381096392e-14,0.00292290517281,0.00279026867782,0.000258458851654
contraction_2D,11.6,0.0684874417831,0.547035816558,-1.65884890533e-05,-2.65713839396e-14,0.0028889183388,0.00259478359182,0.000272738179777
contraction_2D,11.6,0.0669352930266,0.55090628662,-1.70872023419e-05,-1.50659633909e-14,0.00286077816847,0.00242116205703,0.000288327455286
contraction_2D,11.6,0.0653065452218,0.554782492811,-1.7554295595e-05,-3.77846584312e-14,0.0028345036824,0.0022520338118,0.000305083597761
contraction_2D,11.6,0.0635974181806,0.55823319413,-1.7883334482e-05,-1.47376260387e-14,0.00281782307496,0.00211290396812,0.00032348755722
contraction_2D,11.6,0.0618039451614,0.561644363649,-1.81869196424e-05,-2.03109904011e-14,0.00280467443561,0.00197974287795,0.000343221088224
contraction_2D,11.6,0.0599219636627,0.564862492068,-1.83670706621e-05,-3.14067629181e-14,0.00279816930367,0.00186148252935,0.000364521094009
contraction_2D,11.6,0.0579471057621,0.567768187853,-1.83667547645e-05,-1.37935979446e-14,0.00280131295988,0.00176372556795,0.00038733902947
contraction_2D,11.6,0.0558747879787,0.570529595639,-1.82394571836e-05,-1.35893512811e-14,0.00281149782222,0.00167711722687,0.000411569953244
contraction_2D,11.6,0.0537002006356,0.573102655294,-1.79776977115e-05,-2.33576273259e-14,0.0028302760917,0.00160392719658,0.000437201274848
contraction_2D,11.6,0.0514182966966,0.575450883627,-1.7661863739e-05,-3.08079561932e-14,0.00285920288555,0.00154588370477,0.000464047169575
contraction_2D,11.6,0.0490237800525,0.577630144891,-1.65238828418e-05,-1.14591944108e-14,0.00288958303292,0.00150024779147,0.000489465060174
contraction_2D,11.6,0.0465110932296,0.580369067122,-1.5497775374e-05,-2.25224422873e-14,0.00285640540493,0.00142591677007,0.000503806603917
contraction_2D,11.6,0.043874404491,0.583280564221,-1.43276699626e-05,-1.36521056666e-14,0.00280223813446,0.00134556951434,0.000514275149067
contraction_2D,11.6,0.0411075943015,0.586155319144,-1.31095307011e-05,-1.54587811871e-14,0.0027424812555,0.00126764112294,0.000523201372119
contraction_2D,11.6,0.0382042411251,0.588947921785,-1.18346031023e-05,-2.7217796171e-14,0.00268125068404,0.00119364633934,0.000531335245022
contraction_2D,11.6,0.0351576065208,0.59167825887,-1.05116683034e-05,-2.14333309264e-14,0.0026190533165,0.00112313526701,0.000539072321663
contraction_2D,11.6,0.0319606195032,0.594295381838,-9.17880991956e-06,-1.76853433275e-14,0.0025576619988,0.00105726842554,0.000546501667651
contraction_2D,11.6,0.0286058601316,0.596740935711,-7.86782623569e-06,-7.58626501323e-15,0.00249894355956,0.000997086481496,0.000553595130614
contraction_2D,11.6,0.0250855422888,0.598961588484,-6.52973556791e-06,-7.37787085561e-15,0.00244462994865,0.000943323041427,0.000560199773858
contraction_2D,11.6,0.0213914956102,0.600999053249,-5.402622418e-06,1.59475332588e-16,0.00239396751572,0.000894637826051,0.000566440832718
contraction_2D,11.6,0.0175151465209,0.602642323967,-4.30942498245e-06,4.97635645837e-15,0.00235159345745,0.00085578738015,0.00057177848816
contraction_2D,11.6,0.0134474983374,0.604123274631,-3.22077285938e-06,1.08766477571e-14,0.0023130097561,0.000820759115184,0.000576651515298
contraction_2D,11.6,0.00917911038696,0.604980454062,-2.24484547014e-06,5.20547275586e-15,0.00228946018191,0.000800165709454,0.000579689156528
contraction_2D,11.6,0.00470007609639,0.60562248542,-9.47214696359e-07,8.4518124645e-15,0.00227180144395,0.000784700795337,0.000581981086334
contraction_2D,11.6,9.99390827019e-08,0.605623342789,-1.52812524196e-11,1.59741372009e-19,0.00227154820832,0.000784714755355,0.000581836579335
