station,x,r,Ux,Ur,Uz,k,epsilon,nut
expansion_4D,2.6,0.049969042,0.013647915,3.9682551e-09,-5.4885694e-17,3.6474535e-06,0.0057673431,6.9292811e-12
expansion_4D,2.6,0.049969017,0.01367858,3.9771898e-09,-5.7474707e-17,3.6556479e-06,0.0057802998,6.9448491e-12
expansion_4D,2.6,0.049968991,0.013710758,3.9865655e-09,-6.0191491e-17,3.6642467e-06,0.0057938958,6.9611854e-12
expansion_4D,2.6,0.049968964,0.013744525,3.9964038e-09,-6.3042354e-17,3.6732698e-06,0.0058081629,6.978328e-12
expansion_4D,2.6,0.049968935,0.013779958,4.0067277e-09,-6.6033902e-17,3.6827383e-06,0.005823134,6.9963164e-12
expansion_4D,2.6,0.049968906,0.013817139,4.017561e-09,-6.9173083e-17,3.692674e-06,0.005838844,7.0151926e-12
expansion_4D,2.6,0.049968874,0.013856156,4.028929e-09,-7.2467196e-17,3.7031001e-06,0.0058553293,7.0350005e-12
expansion_4D,2.6,0.049968841,0.013897097,4.040858e-09,-7.5923861e-17,3.7140406e-06,0.0058726281,7.0557857e-12
expansion_4D,2.6,0.049968807,0.01394006,4.0533757e-09,-7.9551121e-17,3.7255211e-06,0.0058907806,7.0775968e-12
expansion_4D,2.6,0.04996877,0.013985142,4.0665111e-09,-8.3357386e-17,3.7375682e-06,0.005909829,7.1004842e-12
expansion_4D,2.6,0.049968732,0.01403245,4.0802948e-09,-8.7351484e-17,3.7502098e-06,0.0059298174,7.1245012e-12
expansion_4D,2.6,0.049968693,0.014082092,4.0947587e-09,-9.1542697e-17,3.7634752e-06,0.0059507922,7.1497033e-12
expansion_4D,2.6,0.049968651,0.014134184,4.1099363e-09,-9.5940748e-17,3.7773954e-06,0.0059728021,7.1761492e-12
expansion_4D,2.6,0.049968607,0.014188847,4.1258631e-09,-1.0055585e-16,3.7920025e-06,0.0059958983,7.2039003e-12
expansion_4D,2.6,0.049968561,0.014246207,4.1425758e-09,-1.053987e-16,3.8073304e-06,0.0060201342,7.2330209e-12
expansion_4D,2.6,0.049968512,0.014306398,4.1601133e-09,-1.1048055e-16,3.8234148e-06,0.0060455662,7.2635785e-12
expansion_4D,2.6,0.049968461,0.014369559,4.1785163e-09,-1.1581319e-16,3.8402929e-06,0.0060722533,7.2956442e-12
expansion_4D,2.6,0.049968408,0.014435838,4.1978275e-09,-1.2140901e-16,3.858004e-06,0.0061002574,7.3292924e-12
expansion_4D,2.6,0.049968352,0.014505387,4.2180916e-09,-1.2728096e-16,3.8765891e-06,0.0061296434,7.3646011e-12
expansion_4D,2.6,0.049968293,0.014578369,4.2393558e-09,-1.3344272e-16,3.8960915e-06,0.0061604798,7.4016523e-12
expansion_4D,2.6,0.049968232,0.014654953,4.2616695e-09,-1.3990854e-16,3.9165562e-06,0.0061928379,7.440532e-12
expansion_4D,2.6,0.049968167,0.014735315,4.2850843e-09,-1.4669346e-16,3.9380309e-06,0.0062267928,7.4813303e-12
expansion_4D,2.6,0.049968099,0.014819644,4.3096546e-09,-1.5381323e-16,3.9605655e-06,0.0062624235,7.5241422e-12
expansion_4D,2.6,0.049968028,0.014908134,4.3354375e-09,-1.6128435e-16,3.984212e-06,0.0062998126,7.5690668e-12
expansion_4D,2.6,0.049967954,0.015000992,4.3624928e-09,-1.6912418e-16,4.0090256e-06,0.0063390468,7.6162085e-12
expansion_4D,2.6,0.049967875,0.015098432,4.3908832e-09,-1.773509e-16,4.0350637e-06,0.0063802172,7.6656765e-12
expansion_4D,2.6,0.049967793,0.01520068,4.4206748e-09,-1.8598362e-16,4.0623868e-06,0.0064234194,7.7175859e-12
expansion_4D,2.6,0.049967707,0.015307975,4.4519365e-09,-1.9504236e-16,4.0910583e-06,0.0064687537,7.772057e-12
expansion_4D,2.6,0.049967616,0.015420565,4.4847411e-09,-2.0454815e-16,4.1211447e-06,0.0065163252,7.8292163e-12
expansion_4D,2.6,0.049967521,0.015538711,4.5191646e-09,-2.1452306e-16,4.1527159e-06,0.0065662444,7.8891964e-12
expansion_4D,2.6,0.049967421,0.015662687,4.5552868e-09,-2.2499023e-16,4.1858452e-06,0.0066186271,7.9521365e-12
expansion_4D,2.6,0.049967317,0.015792782,4.5931918e-09,-2.3597397e-16,4.2206094e-06,0.0066735949,8.0181828e-12
expansion_4D,2.6,0.049967207,0.015929297,4.6329673e-09,-2.4749974e-16,4.2570892e-06,0.0067312754,8.0874885e-12
expansion_4D,2.6,0.049967092,0.016072549,4.6747058e-09,-2.5959433e-16,4.2953694e-06,0.0067918024,8.1602144e-12
expansion_4D,2.6,0.049966971,0.016222871,4.718504e-09,-2.7228578e-16,4.3355386e-06,0.0068553165,8.2365293e-12
expansion_4D,2.6,0.049966844,0.016380611,4.7644638e-09,-2.8560356e-16,4.3776903e-06,0.006921965,8.3166105e-12
expansion_4D,2.6,0.049966711,0.016546136,4.8126916e-09,-2.9957858e-16,4.4219221e-06,0.0069919026,8.4006437e-12
expansion_4D,2.6,0.049966571,0.016719829,4.8632996e-09,-3.1424328e-16,4.4683368e-06,0.0070652917,8.4888239e-12
expansion_4D,2.6,0.049966425,0.016902094,4.916405e-09,-3.2963168e-16,4.517042e-06,0.0071423026,8.5813559e-12
expansion_4D,2.6,0.049966271,0.017093354,4.9721312e-09,-3.4577949e-16,4.5681509e-06,0.007223114,8.6784543e-12
expansion_4D,2.6,0.04996611,0.017294053,5.0306076e-09,-3.6272421e-16,4.621782e-06,0.0073079134,8.7803446e-12
expansion_4D,2.6,0.04996594,0.017504656,5.0919697e-09,-3.8050516e-16,4.6780599e-06,0.0073968977,8.8872632e-12
expansion_4D,2.6,0.049965762,0.017725653,5.1563601e-09,-3.9916361e-16,4.737115e-06,0.0074902734,8.9994583e-12
expansion_4D,2.6,0.049965576,0.017957555,5.2239282e-09,-4.1874285e-16,4.7990846e-06,0.0075882573,9.1171902e-12
expansion_4D,2.6,0.04996538,0.018200903,5.2948308e-09,-4.3928834e-16,4.8641124e-06,0.0076910767,9.2407323e-12
expansion_4D,2.6,0.049965175,0.018456259,5.3692324e-09,-4.6084775e-16,4.9323493e-06,0.0077989702,9.3703711e-12
expansion_4D,2.6,0.049964959,0.018724218,5.4473058e-09,-4.8347112e-16,5.0039537e-06,0.0079121883,9.5064077e-12
expansion_4D,2.6,0.049964733,0.0190054,5.5292322e-09,-5.0721098e-16,5.0790919e-06,0.0080309938,9.6491578e-12
expansion_4D,2.6,0.049964496,0.019300459,5.6152016e-09,-5.3212239e-16,5.1579381e-06,0.0081556624,9.7989526e-12
expansion_4D,2.6,0.049964247,0.019610079,5.7054137e-09,-5.5826319e-16,5.2406754e-06,0.0082864834,9.9561398e-12
expansion_4D,2.6,0.049963986,0.019934979,5.8000777e-09,-5.8569406e-16,5.3274958e-06,0.0084237605,1.0121084e-11
expansion_4D,2.6,0.049963712,0.020275913,5.8994135e-09,-6.1447864e-16,5.4186009e-06,0.0085678122,1.0294169e-11
expansion_4D,2.6,0.049963424,0.020633672,6.0036515e-09,-6.4468375e-16,5.5142019e-06,0.0087189729,1.0475795e-11
expansion_4D,2.6,0.049963122,0.021009086,6.1130337e-09,-6.763795e-16,5.614521e-06,0.0088775935,1.0666385e-11
expansion_4D,2.6,0.049962805,0.021403028,6.2278139e-09,-7.0963944e-16,5.7197908e-06,0.0090440421,1.086638e-11
expansion_4D,2.6,0.049962473,0.02181641,6.3482586e-09,-7.4454077e-16,5.8302558e-06,0.0092187049,1.1076245e-11
expansion_4D,2.6,0.049962124,0.022250193,6.4746473e-09,-7.8116449e-16,5.9461722e-06,0.0094019874,1.1296467e-11
expansion_4D,2.6,0.049961758,0.022705384,6.6072732e-09,-8.195956e-16,6.0678091e-06,0.009594315,1.1527557e-11
expansion_4D,2.6,0.049961374,0.023183038,6.7464443e-09,-8.599233e-16,6.1954488e-06,0.009796134,1.1770052e-11
expansion_4D,2.6,0.049960971,0.023684265,6.8924836e-09,-9.0224119e-16,6.3293877e-06,0.010007913,1.2024513e-11
expansion_4D,2.6,0.049960548,0.024210227,7.0457299e-09,-9.4664747e-16,6.4699364e-06,0.010230143,1.2291533e-11
expansion_4D,2.6,0.049960104,0.024762145,7.206539e-09,-9.9324523e-16,6.6174212e-06,0.01046334,1.257173e-11
expansion_4D,2.6,0.049959638,0.025341301,7.3752841e-09,-1.0421426e-15,6.7721845e-06,0.010708046,1.2865754e-11
expansion_4D,2.6,0.049959149,0.025949039,7.5523568e-09,-1.0934531e-15,6.9345854e-06,0.010964828,1.3174289e-11
expansion_4D,2.6,0.049958637,0.026586769,7.7381681e-09,-1.1472957e-15,7.1050008e-06,0.011234282,1.3498051e-11
expansion_4D,2.6,0.049958098,0.027255971,7.9331493e-09,-1.2037955e-15,7.2838263e-06,0.011517034,1.3837789e-11
expansion_4D,2.6,0.049957534,0.027958198,8.1377528e-09,-1.2630836e-15,7.4714769e-06,0.01181374,1.4194295e-11
expansion_4D,2.6,0.049956941,0.02869508,8.3524536e-09,-1.3252976e-15,7.6683881e-06,0.012125088,1.4568393e-11
expansion_4D,2.6,0.049956319,0.029468328,8.5777499e-09,-1.3905819e-15,7.875017e-06,0.012451802,1.4960954e-11
expansion_4D,2.6,0.049955667,0.030279735,8.8141647e-09,-1.4590879e-15,8.091843e-06,0.012794638,1.5372888e-11
expansion_4D,2.6,0.049954982,0.031131186,9.0622466e-09,-1.5309748e-15,8.3193695e-06,0.013154394,1.5805151e-11
expansion_4D,2.6,0.049954264,0.032024657,9.3225715e-09,-1.6064093e-15,8.5581245e-06,0.013531905,1.6258746e-11
expansion_4D,2.6,0.04995351,0.03296222,9.5957435e-09,-1.6855665e-15,8.8086621e-06,0.013928045,1.6734726e-11
expansion_4D,2.6,0.049952718,0.033946053,9.8823966e-09,-1.7686301e-15,9.0715638e-06,0.014343735,1.7234196e-11
expansion_4D,2.6,0.049951888,0.034978437,1.0183196e-08,-1.855793e-15,9.3474399e-06,0.014779939,1.7758315e-11
expansion_4D,2.6,0.049951017,0.036061771,1.049884e-08,-1.9472574e-15,9.6369304e-06,0.01523767,1.8308299e-11
expansion_4D,2.6,0.049950103,0.037198567,1.0830061e-08,-2.0432355e-15,9.9407075e-06,0.015717991,1.8885425e-11
expansion_4D,2.6,0.049949144,0.037962374,1.1052517e-08,-2.1434982e-15,1.0144825e-05,0.016040738,1.9273208e-11
expansion_4D,2.6,0.049948137,0.038537461,1.1219934e-08,-2.2484703e-15,1.0298518e-05,0.01628376,1.9565191e-11
expansion_4D,2.6,0.049947081,0.039140929,1.1395613e-08,-2.3586228e-15,1.0459797e-05,0.016538776,1.9871583e-11
expansion_4D,2.6,0.049945972,0.039774178,1.1579962e-08,-2.4742113e-15,1.0629034e-05,0.016806376,2.0193096e-11
expansion_4D,2.6,0.049944809,0.040438679,1.1773409e-08,-2.5955042e-15,1.0806624e-05,0.017087183,2.0530475e-11
expansion_4D,2.6,0.049943588,0.041135972,1.1976402e-08,-2.7227829e-15,1.0992977e-05,0.017381848,2.0884505e-11
expansion_4D,2.6,0.049942308,0.041867677,1.2189413e-08,-2.8563429e-15,1.1188527e-05,0.017691054,2.1256005e-11
expansion_4D,2.6,0.049940964,0.042635493,1.2412936e-08,-2.9964941e-15,1.1393728e-05,0.01801552,2.164584e-11
expansion_4D,2.6,0.049939553,0.0434412,1.2647491e-08,-3.1435618e-15,1.1609055e-05,0.018355999,2.2054913e-11
expansion_4D,2.6,0.049938073,0.044286669,1.289362e-08,-3.2978874e-15,1.1835009e-05,0.01871328,2.2484173e-11
expansion_4D,2.6,0.04993652,0.045173862,1.3151896e-08,-3.4598289e-15,1.2072114e-05,0.019088193,2.2934618e-11
expansion_4D,2.6,0.049934891,0.046104839,1.3422918e-08,-3.6297624e-15,1.232092e-05,0.019481608,2.3407293e-11
expansion_4D,2.6,0.049933181,0.047081759,1.3707316e-08,-3.8080821e-15,1.2582004e-05,0.019894439,2.3903294e-11
expansion_4D,2.6,0.049931386,0.048106891,1.4005748e-08,-3.9952019e-15,1.2855973e-05,0.020327642,2.4423773e-11
expansion_4D,2.6,0.049929503,0.049823601,1.6758555e-08,-4.0031882e-15,1.5441575e-05,0.021372983,4.3772798e-11
expansion_4D,2.6,0.049927528,0.052355157,2.2426134e-08,-3.797005e-15,2.0772479e-05,0.023142826,8.5494412e-11
expansion_4D,2.6,0.049925454,0.055011648,2.837341e-08,-3.5806465e-15,2.6366465e-05,0.02500001,1.29275e-10
expansion_4D,2.6,0.049923278,0.057799236,3.4614187e-08,-3.3536107e-15,3.2236516e-05,0.026948848,1.7521617e-10
expansion_4D,2.6,0.049920995,0.060724393,4.1162947e-08,-3.1153706e-15,3.8396256e-05,0.028993861,2.2342456e-10
expansion_4D,2.6,0.0499186,0.063793908,4.8034891e-08,-2.8653733e-15,4.4859982e-05,0.031139796,2.7401205e-10
expansion_4D,2.6,0.049916086,0.067014904,5.5245968e-08,-2.6030385e-15,5.1642694e-05,0.033391634,3.2709604e-10
expansion_4D,2.6,0.049913448,0.070394857,6.2812913e-08,-2.3277574e-15,5.8760135e-05,0.0357546,3.8279975e-10
expansion_4D,2.6,0.049910679,0.073928075,7.0725144e-08,-2.1104717e-15,6.6200212e-05,0.038224669,4.4102878e-10
expansion_4D,2.6,0.049907774,0.077534679,7.8817887e-08,-2.4164113e-15,7.3794025e-05,0.040745686,5.0046298e-10
expansion_4D,2.6,0.049904726,0.08131927,8.7310011e-08,-2.7374492e-15,8.1762595e-05,0.043391116,5.6283027e-10
expansion_4D,2.6,0.049901528,0.085290632,9.6221223e-08,-3.0743303e-15,9.0124416e-05,0.046167098,6.282754e-10
expansion_4D,2.6,0.049898171,0.089457982,1.0557221e-07,-3.4278366e-15,9.8898896e-05,0.049080077,6.9695028e-10
expansion_4D,2.6,0.049894649,0.093830991,1.1538466e-07,-3.7987886e-15,0.0001081064,0.052136812,7.6901428e-10
expansion_4D,2.6,0.049890953,0.098419811,1.2568137e-07,-4.1880472e-15,0.0001177683,0.055344397,8.4463467e-10
expansion_4D,2.6,0.049887075,0.10323509,1.3648622e-07,-4.5965158e-15,0.00012790701,0.058710278,9.2398694e-10
expansion_4D,2.6,0.049883005,0.108288,1.4782429e-07,-5.0251425e-15,0.00013854607,0.062242267,1.0072553e-09
expansion_4D,2.6,0.049878734,0.11359028,1.5972191e-07,-5.4749221e-15,0.00014971018,0.06594856,1.0946329e-09
expansion_4D,2.6,0.049874253,0.11915423,1.7220667e-07,-5.9468984e-15,0.00016142524,0.06983776,1.1863227e-09
expansion_4D,2.6,0.04986955,0.12496788,1.852501e-07,-6.5750397e-15,0.00017366626,0.073901594,1.2821285e-09
expansion_4D,2.6,0.049864616,0.13091159,1.9857497e-07,-8.0719201e-15,0.0001861824,0.078056912,1.3800844e-09
expansion_4D,2.6,0.049859438,0.13714862,2.1255743e-07,-9.6426719e-15,0.00019931622,0.082417296,1.4828745e-09
expansion_4D,2.6,0.049854004,0.14369345,2.2722993e-07,-1.1290941e-14,0.0002130982,0.086992866,1.5907374e-09
expansion_4D,2.6,0.049848302,0.15065733,2.4694401e-07,-1.2233073e-14,0.00023393584,0.092399868,1.827461e-09
expansion_4D,2.6,0.049842319,0.15830679,2.829966e-07,-1.0419117e-14,0.00027849181,0.10022908,2.5155286e-09
expansion_4D,2.6,0.049836041,0.16633375,3.208284e-07,-8.5156419e-15,0.00032524663,0.10844467,3.2375527e-09
expansion_4D,2.6,0.049829452,0.17475684,3.6052722e-07,-6.5182297e-15,0.00037430883,0.11706569,3.9952088e-09
expansion_4D,2.6,0.049822539,0.18334137,4.0109252e-07,-7.0513064e-15,0.00042430549,0.12585056,4.7673193e-09
expansion_4D,2.6,0.049815284,0.19232946,4.4357343e-07,-7.8183527e-15,0.00047665208,0.1350483,5.575722e-09
expansion_4D,2.6,0.049807672,0.20176113,4.8815078e-07,-8.623253e-15,0.00053158199,0.14469995,6.4240196e-09
expansion_4D,2.6,0.049799683,0.21165824,5.3492804e-07,-9.4678754e-15,0.0005892227,0.15482792,7.314181e-09
expansion_4D,2.6,0.049791301,0.22204379,5.8401377e-07,-1.035418e-14,0.000649708,0.1654557,8.2482722e-09
expansion_4D,2.6,0.049782505,0.23282939,6.3498286e-07,-1.2455991e-14,0.00071252596,0.17649352,9.2183764e-09
expansion_4D,2.6,0.049773274,0.24392399,6.8739712e-07,-1.6987911e-14,0.00077714892,0.18784883,1.0216334e-08
expansion_4D,2.6,0.049763588,0.25556694,7.4244192e-07,-2.1732023e-14,0.00084505256,0.19977194,1.1266775e-08
expansion_4D,2.6,0.049753425,0.2685116,8.3835777e-07,-1.6744728e-14,0.00099588315,0.21872801,1.5180942e-08
expansion_4D,2.6,0.049742759,0.28209508,9.3900709e-07,-1.1511308e-14,0.0011541573,0.23861957,1.9288274e-08
expansion_4D,2.6,0.049731567,0.29595235,1.0419915e-06,-1.2026809e-14,0.0013156024,0.25890873,2.3477947e-08
expansion_4D,2.6,0.049719823,0.31044729,1.1497517e-06,-1.326745e-14,0.0014844745,0.28013113,2.7860362e-08
expansion_4D,2.6,0.0497075,0.32565756,1.2628299e-06,-1.4569316e-14,0.0016616805,0.30240087,3.2459051e-08
expansion_4D,2.6,0.049694568,0.34158682,1.3812538e-06,-1.6418017e-14,0.0018472646,0.32572358,3.7275159e-08
expansion_4D,2.6,0.049680998,0.35783585,1.5020609e-06,-2.5471428e-14,0.0020365976,0.34951855,4.2188491e-08
expansion_4D,2.6,0.049666758,0.37523297,1.6503262e-06,-2.7885062e-14,0.0022975356,0.37992246,5.1430767e-08
expansion_4D,2.6,0.049651815,0.39409907,1.843812e-06,-1.7922341e-14,0.0026811342,0.42140951,6.8334666e-08
expansion_4D,2.6,0.049636136,0.41340628,2.0424266e-06,-1.7163938e-14,0.0030736593,0.46385973,8.5631692e-08
expansion_4D,2.6,0.049619682,0.43353878,2.2496926e-06,-1.889171e-14,0.0034829518,0.50812269,1.0366753e-07
expansion_4D,2.6,0.049602416,0.45466482,2.4671871e-06,-2.0704749e-14,0.003912443,0.55457003,1.2259344e-07
expansion_4D,2.6,0.049584298,0.47627849,2.6898007e-06,-3.3664374e-14,0.0043518971,0.60209746,1.4195865e-07
expansion_4D,2.6,0.049565287,0.49928659,2.9628568e-06,-3.3895376e-14,0.0049579012,0.66436236,1.8293639e-07
expansion_4D,2.6,0.049545336,0.5237347,3.2912409e-06,-2.1475993e-14,0.0057471658,0.74279557,2.4789495e-07
expansion_4D,2.6,0.049524402,0.54876983,3.6286456e-06,-2.3672736e-14,0.006555298,0.8230994,3.1440344e-07
expansion_4D,2.6,0.049502434,0.57504046,3.9827012e-06,-2.5977889e-14,0.0074033118,0.90736625,3.8419414e-07
expansion_4D,2.6,0.049479382,0.60196437,4.3458453e-06,-4.42763e-14,0.0082725028,0.99374212,4.5573084e-07
expansion_4D,2.6,0.049455193,0.63006846,4.7915461e-06,-3.7015695e-14,0.0094294594,1.1042534,6.157855e-07
expansion_4D,2.6,0.049429809,0.65905425,5.2890427e-06,-2.7958715e-14,0.010759357,1.2293618,8.2760251e-07
expansion_4D,2.6,0.049403173,0.68906865,5.805251e-06,-3.0598051e-14,0.012136383,1.3588998,1.0469192e-06
expansion_4D,2.6,0.049375223,0.72010884,6.3394937e-06,-4.7184664e-14,0.013560548,1.4928766,1.2737511e-06
expansion_4D,2.6,0.049345893,0.75125179,6.9431978e-06,-4.7016554e-14,0.015136638,1.6364671,1.6319298e-06
expansion_4D,2.6,0.049315116,0.78242378,7.6201003e-06,-3.3524015e-14,0.016868621,1.7897958,2.1275156e-06
expansion_4D,2.6,0.04928282,0.81468706,8.3223581e-06,-3.6318904e-14,0.018661182,1.9484832,2.6404208e-06
expansion_4D,2.6,0.04924893,0.84782157,9.0447077e-06,-6.6706506e-14,0.020502242,2.1114707,3.1672261e-06
expansion_4D,2.6,0.049213367,0.87915603,9.8713376e-06,-3.7340259e-14,0.022264208,2.2468473,3.9540562e-06
expansion_4D,2.6,0.04917605,0.91041869,1.0731891e-05,-3.9869046e-14,0.024026576,2.377881,4.8009869e-06
expansion_4D,2.6,0.049136891,0.94289037,1.162664e-05,-5.8778867e-14,0.025857115,2.5139833,5.6806974e-06
expansion_4D,2.6,0.049095799,0.97388562,1.2591849e-05,-5.3980131e-14,0.027504399,2.6136013,6.7316218e-06
expansion_4D,2.6,0.04905268,1.0035846,1.3622533e-05,-4.3786971e-14,0.028990844,2.6812156,7.9326008e-06
expansion_4D,2.6,0.049007433,1.0342953,1.4690966e-05,-6.1327493e-14,0.030527921,2.7511327,9.1744911e-06
expansion_4D,2.6,0.048959952,1.0635341,1.5833059e-05,-5.7362744e-14,0.031858411,2.7859148,1.0591579e-05
expansion_4D,2.6,0.048910129,1.0913942,1.704686e-05,-4.7802137e-14,0.032997173,2.7882282,1.2169525e-05
expansion_4D,2.6,0.048857846,1.1201062,1.8301859e-05,-7.8640222e-14,0.034170749,2.7906077,1.3795752e-05
expansion_4D,2.6,0.048802984,1.1467777,1.9660309e-05,-4.9458281e-14,0.035084339,2.7578368,1.5674642e-05
expansion_4D,2.6,0.048745414,1.1729542,2.1078569e-05,-5.1766441e-14,0.03591104,2.7118343,1.7664446e-05
expansion_4D,2.6,0.048685003,1.1993677,2.2550885e-05,-9.3116658e-14,0.036719734,2.6613844,1.9741524e-05
expansion_4D,2.6,0.04862161,1.2235306,2.4150171e-05,-5.3452806e-14,0.03728308,2.5874145,2.2120837e-05
expansion_4D,2.6,0.048555089,1.2483015,2.5799351e-05,-7.9436291e-14,0.037860611,2.5115879,2.4559984e-05
expansion_4D,2.6,0.048485286,1.2717378,2.7564783e-05,-5.5273033e-14,0.038301258,2.4274959,2.7250747e-05
expansion_4D,2.6,0.048412037,1.294709,2.9413979e-05,-5.7284408e-14,0.038677465,2.338587,3.0089753e-05
expansion_4D,2.6,0.048335174,1.3173333,3.1351593e-05,-7.9243629e-14,0.039006544,2.2478756,3.3085223e-05
expansion_4D,2.6,0.048254517,1.3388512,3.3419431e-05,-5.9016586e-14,0.039237101,2.1553808,3.6330623e-05
expansion_4D,2.6,0.04816988,1.3605942,3.5561948e-05,-1.0511083e-13,0.039458963,2.0615251,3.9679988e-05
expansion_4D,2.6,0.048081066,1.380973,3.787195e-05,-6.0793156e-14,0.039584353,1.9706861,4.3339532e-05
expansion_4D,2.6,0.04798787,1.401765,4.0248779e-05,-1.2118358e-13,0.039712282,1.8780043,4.7073279e-05
expansion_4D,2.6,0.047890073,1.4212347,4.2821735e-05,-6.2580041e-14,0.039761574,1.7915866,5.1142835e-05
expansion_4D,2.6,0.047787451,1.4410575,4.5469754e-05,-1.1860601e-13,0.039811025,1.7036064,5.5292163e-05
expansion_4D,2.6,0.047679764,1.4598511,4.8323941e-05,-6.4366541e-14,0.039806185,1.622495,5.9760005e-05
expansion_4D,2.6,0.047566763,1.478894,5.1267912e-05,-1.2429677e-13,0.039797763,1.5404657,6.4323403e-05
expansion_4D,2.6,0.047448185,1.4970531,5.4438824e-05,-6.614994e-14,0.039748446,1.4656578,6.9207295e-05
expansion_4D,2.6,0.047323755,1.5154274,5.7712549e-05,-1.2671045e-13,0.039695304,1.3902849,7.4195108e-05
expansion_4D,2.6,0.047193185,1.533066,6.123188e-05,-6.7932021e-14,0.039611612,1.3218358,7.9500621e-05
expansion_4D,2.6,0.047056171,1.5508285,6.4881368e-05,-1.0927156e-13,0.039522435,1.2536576,8.4937013e-05
expansion_4D,2.6,0.046912395,1.5680994,6.8773962e-05,-6.9717313e-14,0.039412967,1.1908764,9.0657339e-05
expansion_4D,2.6,0.046761524,1.5853524,7.2842493e-05,-8.2026637e-14,0.0392954,1.1296774,9.6557313e-05
expansion_4D,2.6,0.046603207,1.6023292,7.713909e-05,-7.6063288e-14,0.039165112,1.0721688,0.00010269164
expansion_4D,2.6,0.046437077,1.6191009,8.1661815e-05,-7.1718847e-14,0.039025193,1.0177224,0.0001090441
expansion_4D,2.6,0.046262749,1.6358271,8.6391846e-05,-1.2047408e-13,0.03887772,0.96510605,0.00011558519
expansion_4D,2.6,0.046079818,1.6522633,9.1425076e-05,-7.3499552e-14,0.038718777,0.91665211,0.0001224232
expansion_4D,2.6,0.045887859,1.6687594,9.6664743e-05,-1.190405e-13,0.038554546,0.8691416,0.00012943
expansion_4D,2.6,0.045686426,1.6850243,0.00010222701,-7.5398906e-14,0.038380305,0.82530299,0.00013673057
expansion_4D,2.6,0.045475053,1.701243,0.0001080473,-7.5701832e-14,0.038200036,0.78320931,0.00014423147
expansion_4D,2.6,0.045253249,1.7173902,0.00011413563,-1.2499217e-13,0.038013724,0.74299862,0.00015192849
expansion_4D,2.6,0.045020498,1.7333917,0.00012058442,-7.763139e-14,0.037818464,0.70574987,0.0001599235
expansion_4D,2.6,0.044776261,1.749455,0.00012730918,-1.080407e-13,0.037617687,0.66949132,0.00016811325
expansion_4D,2.6,0.044519971,1.7654175,0.00013439185,-8.862053e-14,0.037408958,0.63561257,0.00017656497
expansion_4D,2.6,0.044251033,1.7812965,0.00014181038,-7.9999043e-14,0.037193595,0.60359806,0.00018522815
expansion_4D,2.6,0.043968823,1.7972392,0.00014954749,-1.427314e-13,0.036972155,0.57257094,0.00019409388
expansion_4D,2.6,0.043672685,1.8131121,0.00015771105,-8.2116645e-14,0.03674066,0.54387302,0.00020325669
expansion_4D,2.6,0.043361933,1.8289764,0.0001662188,-8.2538431e-14,0.036502696,0.51637145,0.00021259858
expansion_4D,2.6,0.043035846,1.8448809,0.00017507738,-1.6385413e-13,0.036258259,0.48984422,0.00022212345
expansion_4D,2.6,0.042693666,1.8607509,0.0001843973,-8.4820108e-14,0.036001629,0.46538599,0.00023193312
expansion_4D,2.6,0.042334599,1.8766634,0.00019408495,-8.5306543e-14,0.035737658,0.44178776,0.0002419055
expansion_4D,2.6,0.041957812,1.8926114,0.00020415219,-1.7132425e-13,0.035466237,0.41908451,0.00025203584
expansion_4D,2.6,0.04156243,1.9085704,0.00021468181,-8.7750484e-14,0.035180323,0.39808799,0.00026240286
expansion_4D,2.6,0.041147537,1.9245791,0.00022559755,-8.8284748e-14,0.034885681,0.37784541,0.00027289809
expansion_4D,2.6,0.040712168,1.9406505,0.00023691502,-1.6623502e-13,0.034581674,0.35836419,0.00028352632
expansion_4D,2.6,0.040255313,1.9567796,0.00024866076,-9.0976097e-14,0.034260902,0.34021449,0.00029431233
expansion_4D,2.6,0.039775913,1.9729361,0.00026078511,-9.1617127e-14,0.033929288,0.32282649,0.00030515675
expansion_4D,2.6,0.039272854,1.9892077,0.00027331349,-1.4780517e-13,0.033585295,0.30605079,0.00031610125
expansion_4D,2.6,0.038744969,2.0055552,0.00028619856,-1.1014126e-13,0.03322324,0.2902721,0.00032708623
expansion_4D,2.6,0.038191033,2.0219404,0.0002994049,-9.5267873e-14,0.032845888,0.27526581,0.00033803648
expansion_4D,2.6,0.03760976,2.0384862,0.00031296931,-1.1591214e-13,0.032452471,0.26074933,0.00034901649
expansion_4D,2.6,0.0369998,2.0550849,0.00032680027,-1.5577945e-13,0.032041495,0.24695477,0.00035989477
expansion_4D,2.6,0.036359739,2.0717921,0.0003407784,-9.9458521e-14,0.031606899,0.2339097,0.00037060158
expansion_4D,2.6,0.035688091,2.0886369,0.00035497887,-1.0029586e-13,0.031153378,0.22129885,0.00038118026
expansion_4D,2.6,0.034983297,2.1055835,0.00036936548,-1.8850081e-13,0.030680958,0.20914769,0.00039157258
expansion_4D,2.6,0.034243721,2.1226827,0.00038355151,-1.0436192e-13,0.03017648,0.1976747,0.0004015551
expansion_4D,2.6,0.033467647,2.1398452,0.00039767062,-1.0546042e-13,0.029649567,0.18664965,0.0004111508
expansion_4D,2.6,0.032653273,2.1572151,0.00041170114,-1.3087565e-13,0.029095972,0.17593618,0.00042041583
expansion_4D,2.6,0.031798709,2.1746873,0.00042537305,-1.8011026e-13,0.028513296,0.1656662,0.00042913002
expansion_4D,2.6,0.030901973,2.1922985,0.00043820113,-1.121748e-13,0.02789235,0.15586282,0.00043706056
expansion_4D,2.6,0.029960982,2.2100589,0.00045046917,-1.1372051e-13,0.027240588,0.14633189,0.00044437459
expansion_4D,2.6,0.028973553,2.2279839,0.00046203703,-1.853984e-13,0.026555643,0.13705773,0.00045100724
expansion_4D,2.6,0.027937394,2.2460368,0.00047202661,-1.5683614e-13,0.025825724,0.12814939,0.00045653988
expansion_4D,2.6,0.0268501,2.2641788,0.00048032464,-1.2246478e-13,0.025053599,0.11953288,0.00046096199
expansion_4D,2.6,0.025709148,2.2824961,0.00048703979,-1.2440854e-13,0.024239828,0.1110892,0.00046440506
expansion_4D,2.6,0.02451189,2.3009344,0.00049196564,-2.3498899e-13,0.023384308,0.10283247,0.00046677006
expansion_4D,2.6,0.023255547,2.3193948,0.00049315641,-1.4557011e-13,0.02247014,0.094871749,0.00046739199
expansion_4D,2.6,0.021937202,2.3378474,0.00049130532,-1.3644989e-13,0.021510965,0.087099672,0.00046665948
expansion_4D,2.6,0.020553797,2.356379,0.00048611016,-1.3943121e-13,0.020503114,0.079449995,0.00046461177
expansion_4D,2.6,0.019102121,2.374911,0.00047725227,-2.8471665e-13,0.019447787,0.071942069,0.0004611797
expansion_4D,2.6,0.017578803,2.3930206,0.00046141385,-1.5166093e-13,0.01834225,0.064770176,0.00045578441
expansion_4D,2.6,0.01598031,2.4108147,0.00044037234,-1.5704287e-13,0.017205635,0.057806203,0.00044923751
expansion_4D,2.6,0.01430293,2.4282376,0.0004133558,-1.668463e-13,0.016041902,0.051060913,0.00044166272
expansion_4D,2.6,0.012542771,2.445185,0.00037964535,-3.3968493e-13,0.014856467,0.044565724,0.00043317661
expansion_4D,2.6,0.010695748,2.4603594,0.00033598314,-1.8418101e-13,0.013726415,0.038823112,0.0004246288
expansion_4D,2.6,0.0087575733,2.4741318,0.00028405906,-1.9066482e-13,0.01266426,0.033650474,0.00041679873
expansion_4D,2.6,0.0067237492,2.486085,0.00022561202,-1.972645e-13,0.011711067,0.029195938,0.00041013445
expansion_4D,2.6,0.0045895552,2.4959515,0.0001602712,-3.7775563e-13,0.010896858,0.025552258,0.00040505107
expansion_4D,2.6,0.002350038,2.5012801,8.0263084e-05,-2.1936532e-13,0.010443183,0.023603798,0.00040268673
expansion_4D,2.6,4.9969541e-08,2.5021899,1.6083719e-09,-4.7320881e-16,0.010365655,0.023270651,0.0004022828
expansion_3D,2.7,0.049969042,0.0043711567,1.1928764e-09,-5.7707534e-17,1.1725045e-06,0.0018559852,2.224964e-12
expansion_3D,2.7,0.049969017,0.0044019112,1.2012616e-09,-6.0521006e-17,1.1807544e-06,0.0018690447,2.2406191e-12
expansion_3D,2.7,0.049968991,0.0044341835,1.2100606e-09,-6.3473325e-17,1.1894113e-06,0.0018827487,2.2570468e-12
expansion_3D,2.7,0.049968964,0.0044680485,1.2192939e-09,-6.6571349e-17,1.1984955e-06,0.001897129,2.2742852e-12
expansion_3D,2.7,0.049968935,0.0045035847,1.2289828e-09,-6.9822253e-17,1.208028e-06,0.001912219,2.2923744e-12
expansion_3D,2.7,0.049968906,0.0045408746,1.2391499e-09,-7.3233591e-17,1.2180309e-06,0.0019280536,2.3113562e-12
expansion_3D,2.7,0.049968874,0.0045800049,1.2498188e-09,-7.6813291e-17,1.2285276e-06,0.0019446698,2.3312748e-12
expansion_3D,2.7,0.049968841,0.0046210661,1.2610141e-09,-8.0569637e-17,1.2395421e-06,0.0019621058,2.3521764e-12
expansion_3D,2.7,0.049968807,0.0046641539,1.272762e-09,-8.4511368e-17,1.2511003e-06,0.0019804025,2.3741095e-12
expansion_3D,2.7,0.04996877,0.0047093679,1.2850896e-09,-8.8647622e-17,1.2632289e-06,0.001999602,2.397125e-12
expansion_3D,2.7,0.049968732,0.0047568133,1.2980256e-09,-9.2987995e-17,1.275956e-06,0.002019749,2.4212763e-12
expansion_3D,2.7,0.049968693,0.0048066001,1.3115999e-09,-9.7542572e-17,1.2893112e-06,0.0020408903,2.4466194e-12
expansion_3D,2.7,0.049968651,0.0048588439,1.3258442e-09,-1.0232192e-16,1.3033254e-06,0.0020630749,2.4732133e-12
expansion_3D,2.7,0.049968607,0.0049136661,1.3407914e-09,-1.0733713e-16,1.3180313e-06,0.0020863544,2.5011196e-12
expansion_3D,2.7,0.049968561,0.0049711937,1.3564763e-09,-1.1259984e-16,1.333463e-06,0.0021107827,2.5304031e-12
expansion_3D,2.7,0.049968512,0.0050315602,1.3729352e-09,-1.1812227e-16,1.3496561e-06,0.0021364165,2.5611317e-12
expansion_3D,2.7,0.049968461,0.0050949059,1.3902064e-09,-1.2391723e-16,1.3666485e-06,0.0021633154,2.5933768e-12
expansion_3D,2.7,0.049968408,0.0051613778,1.40833e-09,-1.2999819e-16,1.3844794e-06,0.0021915418,2.6272133e-12
expansion_3D,2.7,0.049968352,0.00523113,1.4273479e-09,-1.3637922e-16,1.4031902e-06,0.0022211611,2.6627195e-12
expansion_3D,2.7,0.049968293,0.0053043246,1.4473044e-09,-1.4307518e-16,1.4228245e-06,0.0022522421,2.699978e-12
expansion_3D,2.7,0.049968232,0.0053811312,1.4682457e-09,-1.5010157e-16,1.4434277e-06,0.002284857,2.7390752e-12
expansion_3D,2.7,0.049968167,0.0054617284,1.4902205e-09,-1.5747472e-16,1.4650477e-06,0.0023190815,2.7801019e-12
expansion_3D,2.7,0.049968099,0.0055463031,1.5132798e-09,-1.6521175e-16,1.4877346e-06,0.002354995,2.8231533e-12
expansion_3D,2.7,0.049968028,0.0056350515,1.537477e-09,-1.7333059e-16,1.5115412e-06,0.0023926808,2.8683292e-12
expansion_3D,2.7,0.049967954,0.0057281797,1.5628684e-09,-1.818501e-16,1.5365226e-06,0.0024322264,2.9157346e-12
expansion_3D,2.7,0.049967875,0.0058259037,1.5895128e-09,-1.9079005e-16,1.5627368e-06,0.0024737236,2.9654794e-12
expansion_3D,2.7,0.049967793,0.0059284506,1.6174722e-09,-2.0017119e-16,1.5902448e-06,0.0025172687,3.0176793e-12
expansion_3D,2.7,0.049967707,0.0060360581,1.6468114e-09,-2.1001529e-16,1.6191102e-06,0.0025629627,3.0724551e-12
expansion_3D,2.7,0.049967616,0.0061489761,1.6775984e-09,-2.2034521e-16,1.6494002e-06,0.0026109118,3.1299342e-12
expansion_3D,2.7,0.049967521,0.0062674666,1.7099048e-09,-2.311849e-16,1.681185e-06,0.0026612272,3.1902499e-12
expansion_3D,2.7,0.049967421,0.0063918047,1.7438056e-09,-2.4255954e-16,1.7145384e-06,0.0027140256,3.2535422e-12
expansion_3D,2.7,0.049967317,0.0065222789,1.7793794e-09,-2.5449553e-16,1.7495377e-06,0.0027694297,3.319958e-12
expansion_3D,2.7,0.049967207,0.006659192,1.8167087e-09,-2.6702055e-16,1.7862643e-06,0.002827568,3.3896513e-12
expansion_3D,2.7,0.049967092,0.0068028619,1.8558803e-09,-2.801637e-16,1.8248035e-06,0.0028885754,3.4627842e-12
expansion_3D,2.7,0.049966971,0.0069536219,1.8969849e-09,-2.9395545e-16,1.8652444e-06,0.0029525935,3.5395261e-12
expansion_3D,2.7,0.049966844,0.007111822,1.9401181e-09,-3.0842784e-16,1.9076812e-06,0.003019771,3.6200553e-12
expansion_3D,2.7,0.049966711,0.0072778293,1.98538e-09,-3.2361444e-16,1.9522123e-06,0.0030902638,3.7045586e-12
expansion_3D,2.7,0.049966571,0.0074520291,2.0328755e-09,-3.3955052e-16,1.9989409e-06,0.0031642353,3.7932322e-12
expansion_3D,2.7,0.049966425,0.0076348257,2.082715e-09,-3.5627303e-16,2.0479757e-06,0.0032418574,3.8862819e-12
expansion_3D,2.7,0.049966271,0.0078266434,2.135014e-09,-3.7382081e-16,2.0994303e-06,0.0033233101,3.9839236e-12
expansion_3D,2.7,0.04996611,0.0080279274,2.1898941e-09,-3.9223458e-16,2.1534242e-06,0.0034087826,4.0863839e-12
expansion_3D,2.7,0.04996594,0.0082391447,2.2474824e-09,-4.1155707e-16,2.2100828e-06,0.0034984732,4.1939007e-12
expansion_3D,2.7,0.049965762,0.0084607858,2.3079128e-09,-4.3183314e-16,2.2695374e-06,0.00359259,4.3067235e-12
expansion_3D,2.7,0.049965576,0.0086933649,2.3713255e-09,-4.5310984e-16,2.3319262e-06,0.0036913515,4.4251141e-12
expansion_3D,2.7,0.04996538,0.0089374219,2.4378675e-09,-4.7543655e-16,2.3973939e-06,0.003794987,4.5493474e-12
expansion_3D,2.7,0.049965175,0.0091935232,2.5076935e-09,-4.9886509e-16,2.4660924e-06,0.0039037368,4.6797116e-12
expansion_3D,2.7,0.049964959,0.009462263,2.5809653e-09,-5.2344983e-16,2.5381812e-06,0.0040178535,4.8165093e-12
expansion_3D,2.7,0.049964733,0.0097442654,2.6578532e-09,-5.4924784e-16,2.6138276e-06,0.0041376019,4.960058e-12
expansion_3D,2.7,0.049964496,0.010040185,2.7385355e-09,-5.7631899e-16,2.6932072e-06,0.00426326,5.1106909e-12
expansion_3D,2.7,0.049964247,0.010350708,2.8231995e-09,-6.0472611e-16,2.7765042e-06,0.0043951192,5.2687576e-12
expansion_3D,2.7,0.049963986,0.010676555,2.9120418e-09,-6.3453513e-16,2.863912e-06,0.0045334858,5.4346249e-12
expansion_3D,2.7,0.049963712,0.011018483,3.0052684e-09,-6.6581524e-16,2.9556334e-06,0.0046786809,5.6086778e-12
expansion_3D,2.7,0.049963424,0.011377285,3.1030957e-09,-6.9863902e-16,3.0518812e-06,0.0048310413,5.7913203e-12
expansion_3D,2.7,0.049963122,0.011753795,3.2057509e-09,-7.3308268e-16,3.1528789e-06,0.0049909208,5.9829763e-12
expansion_3D,2.7,0.049962805,0.012148885,3.3134721e-09,-7.6922614e-16,3.2588608e-06,0.0051586904,6.1840905e-12
expansion_3D,2.7,0.049962473,0.012563473,3.4265095e-09,-8.071533e-16,3.370073e-06,0.0053347395,6.3951299e-12
expansion_3D,2.7,0.049962124,0.012998521,3.5451252e-09,-8.4695217e-16,3.4867736e-06,0.0055194767,6.616584e-12
expansion_3D,2.7,0.049961758,0.013455039,3.6695947e-09,-8.8871512e-16,3.6092334e-06,0.0057133307,6.848967e-12
expansion_3D,2.7,0.049961374,0.013934086,3.8002068e-09,-9.3253909e-16,3.7377366e-06,0.0059167515,7.0928182e-12
expansion_3D,2.7,0.049960971,0.014436774,3.9372646e-09,-9.785258e-16,3.8725815e-06,0.0061302111,7.3487035e-12
expansion_3D,2.7,0.049960548,0.01496427,4.0810863e-09,-1.0267819e-15,4.0140809e-06,0.006354205,7.6172168e-12
expansion_3D,2.7,0.049960104,0.015517798,4.2320056e-09,-1.0774196e-15,4.1625635e-06,0.0065892532,7.8989814e-12
expansion_3D,2.7,0.049959638,0.016098643,4.3903728e-09,-1.1305562e-15,4.3183737e-06,0.006835901,8.1946511e-12
expansion_3D,2.7,0.049959149,0.016708153,4.5565556e-09,-1.1863151e-15,4.4818733e-06,0.007094721,8.5049122e-12
expansion_3D,2.7,0.049958637,0.017347742,4.7309395e-09,-1.2448257e-15,4.6534415e-06,0.0073663138,8.8304848e-12
expansion_3D,2.7,0.049958098,0.018018896,4.9139293e-09,-1.3062238e-15,4.8334767e-06,0.0076513098,9.1721245e-12
expansion_3D,2.7,0.049957534,0.01872317,5.1059497e-09,-1.370652e-15,5.0223967e-06,0.0079503705,9.5306243e-12
expansion_3D,2.7,0.049956941,0.019462202,5.3074463e-09,-1.4382597e-15,5.22064e-06,0.0082641899,9.9068161e-12
expansion_3D,2.7,0.049956319,0.020237704,5.518887e-09,-1.5092039e-15,5.4286667e-06,0.0085934964,1.0301573e-11
expansion_3D,2.7,0.049955667,0.021051478,5.7407622e-09,-1.5836492e-15,5.6469595e-06,0.0089390543,1.0715812e-11
expansion_3D,2.7,0.049954982,0.021905412,5.9735871e-09,-1.6617684e-15,5.8760251e-06,0.0093016655,1.1150493e-11
expansion_3D,2.7,0.049954264,0.022801488,6.217902e-09,-1.7437428e-15,6.1163953e-06,0.0096821718,1.1606626e-11
expansion_3D,2.7,0.04995351,0.023741785,6.4742738e-09,-1.8297626e-15,6.3686277e-06,0.010081456,1.2085269e-11
expansion_3D,2.7,0.049952718,0.024728487,6.7432977e-09,-1.9200276e-15,6.6333079e-06,0.010500445,1.2587533e-11
expansion_3D,2.7,0.049951888,0.025763882,7.0255981e-09,-2.0147472e-15,6.9110502e-06,0.010940112,1.3114585e-11
expansion_3D,2.7,0.049951017,0.026850375,7.32183e-09,-2.1141412e-15,7.2024991e-06,0.011401476,1.3667646e-11
expansion_3D,2.7,0.049950103,0.027990486,7.6326811e-09,-2.2184404e-15,7.5083312e-06,0.011885609,1.4248001e-11
expansion_3D,2.7,0.049949144,0.029186862,7.9588728e-09,-2.3278867e-15,7.8292561e-06,0.012393633,1.4856997e-11
expansion_3D,2.7,0.049948137,0.03044228,8.3011622e-09,-2.4427343e-15,8.1660188e-06,0.012926729,1.5496047e-11
expansion_3D,2.7,0.049947081,0.031759653,8.6603436e-09,-2.5632496e-15,8.5194009e-06,0.013486133,1.6166635e-11
expansion_3D,2.7,0.049945972,0.033142039,9.0372508e-09,-2.6897124e-15,8.8902224e-06,0.014073145,1.6870316e-11
expansion_3D,2.7,0.049944809,0.034592646,9.4327585e-09,-2.8224162e-15,9.2793442e-06,0.014689125,1.7608724e-11
expansion_3D,2.7,0.049943588,0.036114841,9.8477846e-09,-2.9616689e-15,9.6876692e-06,0.015335504,1.8383572e-11
expansion_3D,2.7,0.049942308,0.037712156,1.0283292e-08,-3.1077939e-15,1.0116145e-05,0.016013782,1.919666e-11
expansion_3D,2.7,0.049940964,0.0393883,1.0740293e-08,-3.2611301e-15,1.0565767e-05,0.016725534,2.0049874e-11
expansion_3D,2.7,0.049939553,0.041147162,1.1219846e-08,-3.4220335e-15,1.1037577e-05,0.01747241,2.0945194e-11
expansion_3D,2.7,0.049938073,0.042992825,1.1723065e-08,-3.5908776e-15,1.1532671e-05,0.018256145,2.1884699e-11
expansion_3D,2.7,0.04993652,0.044929571,1.2251119e-08,-3.7680541e-15,1.2052199e-05,0.019078558,2.2870568e-11
expansion_3D,2.7,0.049934891,0.046328362,1.2632834e-08,-3.9524665e-15,1.242741e-05,0.019672513,2.3582586e-11
expansion_3D,2.7,0.049933181,0.047273235,1.289108e-08,-4.144735e-15,1.268085e-05,0.020073698,2.4063533e-11
expansion_3D,2.7,0.049931386,0.048264737,1.3162072e-08,-4.346492e-15,1.2946797e-05,0.020494682,2.4568214e-11
expansion_3D,2.7,0.049929503,0.049966278,1.5743469e-08,-4.3551081e-15,1.5544055e-05,0.021539792,4.4010063e-11
expansion_3D,2.7,0.049927528,0.052504835,2.1068732e-08,-4.1328076e-15,2.0910057e-05,0.023323736,8.5953698e-11
expansion_3D,2.7,0.049925454,0.055168671,2.6656798e-08,-3.8995366e-15,2.6540872e-05,0.025195718,1.2996726e-10
expansion_3D,2.7,0.049923278,0.057895563,3.2371965e-08,-4.0423878e-15,3.2305354e-05,0.027112185,1.7502461e-10
expansion_3D,2.7,0.049920995,0.060738454,3.8328807e-08,-4.2975451e-15,3.8315154e-05,0.029110225,2.2199918e-10
expansion_3D,2.7,0.0499186,0.063721643,4.4579621e-08,-4.5652946e-15,4.4621541e-05,0.031206868,2.7129195e-10
expansion_3D,2.7,0.049916086,0.066852053,5.1138915e-08,-4.8462575e-15,5.1239149e-05,0.033406982,3.2301734e-10
expansion_3D,2.7,0.049913448,0.07013695,5.8021912e-08,-5.1410861e-15,5.8183339e-05,0.035715672,3.7729539e-10
expansion_3D,2.7,0.049910679,0.073583957,6.5244587e-08,-5.4504646e-15,6.5470227e-05,0.038138296,4.3425209e-10
expansion_3D,2.7,0.049907774,0.077201076,7.2823704e-08,-5.775111e-15,7.3116725e-05,0.040680478,4.9401962e-10
expansion_3D,2.7,0.049904726,0.0809967,8.0776853e-08,-6.1157788e-15,8.114058e-05,0.043348118,5.5673669e-10
expansion_3D,2.7,0.049901528,0.08497964,8.9122492e-08,-6.4732586e-15,8.9560416e-05,0.046147406,6.2254887e-10
expansion_3D,2.7,0.049898171,0.089159139,9.7879991e-08,-6.8483802e-15,9.8395772e-05,0.04908484,6.9160891e-10
expansion_3D,2.7,0.049894649,0.093544897,1.0706968e-07,-7.2420142e-15,0.00010766716,0.052167238,7.6407707e-10
expansion_3D,2.7,0.049890953,0.098147095,1.1671287e-07,-7.6550742e-15,0.00011739609,0.055401752,8.4012157e-10
expansion_3D,2.7,0.049887075,0.10297641,1.2683197e-07,-8.0885188e-15,0.00012760514,0.058795891,9.1991889e-10
expansion_3D,2.7,0.049883005,0.10804406,1.3745044e-07,-8.543354e-15,0.00013831802,0.062357532,1.0036542e-09
expansion_3D,2.7,0.049878734,0.11336179,1.4859294e-07,-9.0206355e-15,0.00014955958,0.066094941,1.0915219e-09
expansion_3D,2.7,0.049874253,0.11894196,1.6028533e-07,-9.521471e-15,0.00016135592,0.070016793,1.1837259e-09
expansion_3D,2.7,0.04986955,0.12479751,1.7255473e-07,-1.0047023e-14,0.0001737344,0.074132189,1.2804803e-09
expansion_3D,2.7,0.049864616,0.13094204,1.8542964e-07,-1.0598511e-14,0.00018672377,0.078450681,1.3820094e-09
expansion_3D,2.7,0.049859438,0.13738979,1.9893993e-07,-1.1177215e-14,0.00020035417,0.082982292,1.4885491e-09
expansion_3D,2.7,0.049854004,0.14410569,2.1302062e-07,-1.2066373e-14,0.00021455113,0.087702227,1.5995179e-09
expansion_3D,2.7,0.049848302,0.15108886,2.3153966e-07,-1.3066845e-14,0.00023552825,0.093152924,1.8375588e-09
expansion_3D,2.7,0.049842319,0.15869886,2.6512185e-07,-1.1806887e-14,0.00028003449,0.10098514,2.5240967e-09
expansion_3D,2.7,0.049836041,0.1665002,2.9953233e-07,-1.2511123e-14,0.00032566274,0.109015,3.2279287e-09
expansion_3D,2.7,0.049829452,0.17468653,3.3564097e-07,-1.3250113e-14,0.00037354277,0.11744115,3.9664951e-09
expansion_3D,2.7,0.049822539,0.18327686,3.7353159e-07,-1.4025572e-14,0.00042378568,0.12628313,4.7415099e-09
expansion_3D,2.7,0.049815284,0.19229112,4.1329212e-07,-1.4839301e-14,0.0004765081,0.13556146,5.554772e-09
expansion_3D,2.7,0.049807672,0.20175024,4.5501485e-07,-1.5693188e-14,0.00053183239,0.14529768,6.4081689e-09
expansion_3D,2.7,0.049799683,0.21167617,4.9879661e-07,-1.6589214e-14,0.00058988695,0.15551439,7.3036812e-09
expansion_3D,2.7,0.049791301,0.22209196,5.4473901e-07,-1.752946e-14,0.00065080653,0.1662353,8.2433872e-09
expansion_3D,2.7,0.049782505,0.23302176,5.9294869e-07,-1.8516106e-14,0.0007147325,0.17748528,9.2294681e-09
expansion_3D,2.7,0.049773274,0.24449095,6.4353752e-07,-1.9551445e-14,0.00078181324,0.18929046,1.0264212e-08
expansion_3D,2.7,0.049763588,0.25629883,6.9575549e-07,-2.3120815e-14,0.00085095832,0.20144993,1.1332651e-08
expansion_3D,2.7,0.049753425,0.26911955,7.84665e-07,-2.040546e-14,0.0010009847,0.22033739,1.5224054e-08
expansion_3D,2.7,0.049742759,0.28232129,8.7620908e-07,-2.1599668e-14,0.0011554785,0.23978774,1.9231305e-08
expansion_3D,2.7,0.049731567,0.29617455,9.722709e-07,-2.285281e-14,0.0013175966,0.26019798,2.3436316e-08
expansion_3D,2.7,0.049719823,0.31071147,1.0730734e-06,-2.4167796e-14,0.0014877153,0.28161546,2.7848845e-08
expansion_3D,2.7,0.0497075,0.3259658,1.1788505e-06,-2.5547676e-14,0.0016662295,0.30408991,3.2479134e-08
expansion_3D,2.7,0.049694568,0.34197293,1.2898478e-06,-2.6995654e-14,0.0018535533,0.32767347,3.733793e-08
expansion_3D,2.7,0.049680998,0.35877001,1.4063228e-06,-2.851509e-14,0.0020501217,0.35242089,4.2436508e-08
expansion_3D,2.7,0.049666758,0.37630446,1.5459914e-06,-2.9629406e-14,0.0023139507,0.38323136,5.1772655e-08
expansion_3D,2.7,0.049651815,0.3946864,1.7224056e-06,-3.0351129e-14,0.0026893663,0.42392496,6.8324269e-08
expansion_3D,2.7,0.049636136,0.41392661,1.9070619e-06,-3.213623e-14,0.0030823135,0.4665191,8.5648845e-08
expansion_3D,2.7,0.049619682,0.43411633,2.1008312e-06,-3.4009426e-14,0.0034946527,0.51121527,1.038284e-07
expansion_3D,2.7,0.049602416,0.45530242,2.304163e-06,-3.5975065e-14,0.0039273411,0.55811721,1.2290511e-07
expansion_3D,2.7,0.049584298,0.47753405,2.5175292e-06,-3.8037709e-14,0.0043813827,0.60733378,1.4292327e-07
expansion_3D,2.7,0.049565287,0.50060928,2.7733192e-06,-3.860776e-14,0.0049906098,0.6700936,1.8408455e-07
expansion_3D,2.7,0.049545336,0.52453045,3.073834e-06,-4.0736719e-14,0.0057662412,0.74735384,2.4803654e-07
expansion_3D,2.7,0.049524402,0.54963215,3.3891792e-06,-4.2970744e-14,0.0065801504,0.8284269,3.1514459e-07
expansion_3D,2.7,0.049502434,0.57597262,3.7200868e-06,-4.5315019e-14,0.0074342262,0.91350094,3.8556444e-07
expansion_3D,2.7,0.049479382,0.603613,4.0673248e-06,-4.7774984e-14,0.008330451,1.0027734,4.5945954e-07
expansion_3D,2.7,0.049455193,0.63151589,4.4812368e-06,-4.8753869e-14,0.0094817183,1.1130292,6.1869047e-07
expansion_3D,2.7,0.049429809,0.66018144,4.941288e-06,-5.1374307e-14,0.010801861,1.2375283,8.2943205e-07
expansion_3D,2.7,0.049403173,0.69026165,5.4240429e-06,-5.4124064e-14,0.012187154,1.3681715,1.0505738e-06
expansion_3D,2.7,0.049375223,0.72182633,5.9306219e-06,-5.7009523e-14,0.013640811,1.5052619,1.282629e-06
expansion_3D,2.7,0.049345893,0.75303325,6.4965371e-06,-5.8339445e-14,0.015222579,1.649751,1.6412972e-06
expansion_3D,2.7,0.049315116,0.78382566,7.1235702e-06,-6.1167884e-14,0.01693756,1.8018809,2.1329991e-06
expansion_3D,2.7,0.04928282,0.81613768,7.7815474e-06,-6.4135907e-14,0.018737176,1.9615185,2.6489667e-06
expansion_3D,2.7,0.04924893,0.8499661,8.4706894e-06,-7.0368408e-14,0.02062124,2.1286466,3.1891447e-06
expansion_3D,2.7,0.049213367,0.88076165,9.2362949e-06,-6.8671452e-14,0.022354748,2.261985,3.9636919e-06
expansion_3D,2.7,0.04917605,0.91205008,1.004502e-05,-7.155806e-14,0.024120135,2.3932533,4.8139358e-06
expansion_3D,2.7,0.049136891,0.9448826,1.0893657e-05,-7.4587124e-14,0.025972645,2.5309998,5.7061394e-06
expansion_3D,2.7,0.049095799,0.97585319,1.1802122e-05,-7.6201434e-14,0.02762084,2.6309112,6.7553728e-06
expansion_3D,2.7,0.04905268,1.0053657,1.2769255e-05,-7.8932884e-14,0.029097498,2.6976977,7.9517884e-06
expansion_3D,2.7,0.049007433,1.0363347,1.3784117e-05,-8.1799131e-14,0.03064703,2.7677801,9.2072476e-06
expansion_3D,2.7,0.048959952,1.0655727,1.4863813e-05,-8.3441224e-14,0.03197906,2.8026282,1.0623124e-05
expansion_3D,2.7,0.048910129,1.0932934,1.6008557e-05,-8.6068907e-14,0.033110771,2.8042715,1.2196693e-05
expansion_3D,2.7,0.048857846,1.1223821,1.7209794e-05,-8.8826267e-14,0.034298333,2.805996,1.3847918e-05
expansion_3D,2.7,0.048802984,1.1487599,1.8489185e-05,-9.0363984e-14,0.035201836,2.7731992,1.5706848e-05
expansion_3D,2.7,0.048745414,1.1749481,1.9837298e-05,-9.2846572e-14,0.03602729,2.7264515,1.7701676e-05
expansion_3D,2.7,0.048685003,1.2017479,2.1254306e-05,-9.8550941e-14,0.036846553,2.6745997,1.9812339e-05
expansion_3D,2.7,0.04862161,1.2255923,2.2764866e-05,-9.6798574e-14,0.037400982,2.6009484,2.2164767e-05
expansion_3D,2.7,0.048555089,1.250579,2.4348226e-05,-9.915929e-14,0.037981972,2.5237678,2.4629902e-05
expansion_3D,2.7,0.048485286,1.2738569,2.6027662e-05,-1.0061901e-13,0.03841953,2.4397814,2.7302724e-05
expansion_3D,2.7,0.048412037,1.2968381,2.7797406e-05,-1.0279357e-13,0.038794525,2.3502203,3.0148221e-05
expansion_3D,2.7,0.048335174,1.3196421,2.9664697e-05,-1.0428866e-13,0.039125939,2.2582878,3.3168008e-05
expansion_3D,2.7,0.048254517,1.341029,3.1641174e-05,-1.0631711e-13,0.039353946,2.1658269,3.6399471e-05
expansion_3D,2.7,0.04816988,1.3630436,3.3718254e-05,-1.1121179e-13,0.03957757,2.0702733,3.979583e-05
expansion_3D,2.7,0.048081066,1.3831931,3.5925734e-05,-1.0973185e-13,0.03970061,1.9799983,4.3420774e-05
expansion_3D,2.7,0.04798787,1.4042324,3.8234374e-05,-1.2811201e-13,0.039829086,1.8857383,4.7205764e-05
expansion_3D,2.7,0.047890073,1.4234917,4.070227e-05,-1.1305141e-13,0.039877093,1.7998518,5.1238925e-05
expansion_3D,2.7,0.047787451,1.4435417,4.3280536e-05,-1.2536512e-13,0.039926319,1.7104427,5.5443827e-05
expansion_3D,2.7,0.047679764,1.4621401,4.60272e-05,-1.162933e-13,0.039920958,1.6298105,5.987398e-05
expansion_3D,2.7,0.047566763,1.4813934,4.8900819e-05,-1.3138165e-13,0.039911818,1.5465003,6.4497388e-05
expansion_3D,2.7,0.047448185,1.4993694,5.1962386e-05,-1.1941414e-13,0.03986256,1.4721192,6.9342959e-05
expansion_3D,2.7,0.047323755,1.5179397,5.5166473e-05,-1.3383856e-13,0.039808404,1.3956056,7.4395487e-05
expansion_3D,2.7,0.047193185,1.5354048,5.8575354e-05,-1.2242588e-13,0.039725223,1.3275323,7.9662746e-05
expansion_3D,2.7,0.047056171,1.5533236,6.2153987e-05,-1.2373243e-13,0.039635054,1.2584428,8.516005e-05
expansion_3D,2.7,0.046912395,1.570456,6.5939505e-05,-1.2541962e-13,0.03952629,1.195889,9.0851899e-05
expansion_3D,2.7,0.046761524,1.5877588,6.9926732e-05,-1.2671192e-13,0.039408446,1.1342113,9.6783399e-05
expansion_3D,2.7,0.046603207,1.6047129,7.4134313e-05,-1.2840817e-13,0.039278304,1.0765202,0.00010293136
expansion_3D,2.7,0.046437077,1.621477,7.8573008e-05,-1.2968984e-13,0.039138677,1.0218199,0.00010930052
expansion_3D,2.7,0.046262749,1.6383457,8.3245456e-05,-1.3140298e-13,0.038990072,0.96851188,0.00011592443
expansion_3D,2.7,0.046079818,1.6546419,8.8181237e-05,-1.3267651e-13,0.038832769,0.92024027,0.00012273457
expansion_3D,2.7,0.045887859,1.6712629,9.3371331e-05,-1.3399778e-13,0.038667642,0.87213719,0.00012982723
expansion_3D,2.7,0.045686426,1.6873986,9.8845858e-05,-1.3568142e-13,0.038495242,0.82843525,0.00013710978
expansion_3D,2.7,0.045475053,1.7036142,0.00010460679,-1.3699592e-13,0.038315663,0.78611615,0.00014464889
expansion_3D,2.7,0.045253249,1.719876,0.00011066707,-1.3871413e-13,0.038128686,0.74541576,0.00015245006
expansion_3D,2.7,0.045020498,1.7357455,0.00011704973,-1.4002507e-13,0.037935879,0.70827811,0.00016043469
expansion_3D,2.7,0.044776261,1.7518702,0.00012375576,-1.4137544e-13,0.037735306,0.67167747,0.00016871536
expansion_3D,2.7,0.044519971,1.7677657,0.00013080659,-1.4310072e-13,0.037528556,0.63775708,0.00017720303
expansion_3D,2.7,0.044251033,1.7836068,0.00013821273,-1.4446781e-13,0.037315037,0.60562432,0.00018592139
expansion_3D,2.7,0.043968823,1.7996584,0.00014598501,-1.5067336e-13,0.037093484,0.57420783,0.00019493437
expansion_3D,2.7,0.043672685,1.8153773,0.00015414396,-1.4770093e-13,0.036865883,0.54562107,0.00020410918
expansion_3D,2.7,0.043361933,1.8312153,0.00016269426,-1.4914029e-13,0.036630213,0.51798514,0.00021354246
expansion_3D,2.7,0.043035846,1.8472139,0.00017164584,-1.7281418e-13,0.036386339,0.49113803,0.00022324506
expansion_3D,2.7,0.042693666,1.8629226,0.00018102812,-1.5248858e-13,0.036134654,0.46677468,0.00023309546
expansion_3D,2.7,0.042334599,1.8787964,0.00019083127,-1.5402774e-13,0.035873954,0.44306883,0.0002431932
expansion_3D,2.7,0.041957812,1.8948217,0.00020107405,-1.804483e-13,0.035604017,0.42010492,0.00025354062
expansion_3D,2.7,0.04156243,1.9106088,0.00021176047,-1.5758968e-13,0.035324403,0.39919271,0.00026398869
expansion_3D,2.7,0.041147537,1.9265637,0.00022289558,-1.5917823e-13,0.035034331,0.37886765,0.00027465515
expansion_3D,2.7,0.040712168,1.942693,0.00023450357,-1.7487146e-13,0.034733058,0.35917753,0.00028555114
expansion_3D,2.7,0.040255313,1.9586358,0.00024653765,-1.6289439e-13,0.034420338,0.34110671,0.00029647358
expansion_3D,2.7,0.039775913,1.9747197,0.00025902662,-1.6459892e-13,0.034095026,0.32366071,0.00030755051
expansion_3D,2.7,0.039272854,1.9910078,0.00027199811,-1.6633014e-13,0.033755867,0.30674071,0.00031881537
expansion_3D,2.7,0.038744969,2.0071961,0.00028536306,-1.6861692e-13,0.033403123,0.29099645,0.00033004153
expansion_3D,2.7,0.038191033,2.0234584,0.00029912814,-1.7057875e-13,0.033034994,0.27598301,0.00034128757
expansion_3D,2.7,0.03760976,2.0399327,0.0003133357,-1.7261352e-13,0.032650228,0.26141345,0.00035263165
expansion_3D,2.7,0.0369998,2.0564754,0.00032791232,-1.7515706e-13,0.032248249,0.24755915,0.00036393015
expansion_3D,2.7,0.036359739,2.0729649,0.0003427117,-1.7736849e-13,0.03182771,0.23458442,0.00037499731
expansion_3D,2.7,0.035688091,2.0896755,0.00035784299,-1.7969705e-13,0.031386986,0.2219746,0.00038603225
expansion_3D,2.7,0.034983297,2.1065833,0.00037328321,-1.970662e-13,0.030925535,0.20976098,0.00039698858
expansion_3D,2.7,0.034243721,2.1234122,0.00038866254,-1.8542029e-13,0.030440063,0.19838855,0.00040746466
expansion_3D,2.7,0.033467647,2.1404031,0.0004041022,-1.8829151e-13,0.029930437,0.1873949,0.00041766265
expansion_3D,2.7,0.032653273,2.1576204,0.00041959004,-1.9130335e-13,0.029394704,0.17670339,0.00042759948
expansion_3D,2.7,0.031798709,2.1749476,0.00043489129,-1.9506678e-13,0.028831053,0.16645654,0.00043706272
expansion_3D,2.7,0.030901973,2.1922472,0.00044955509,-1.9840279e-13,0.028236588,0.15677425,0.00044573787
expansion_3D,2.7,0.029960982,2.2097743,0.00046380343,-2.0189175e-13,0.027610207,0.14732053,0.00045390302
expansion_3D,2.7,0.028973553,2.2275247,0.00047750203,-2.0555297e-13,0.026950018,0.13809786,0.00046148576
expansion_3D,2.7,0.027937394,2.2452612,0.00048990441,-2.1070301e-13,0.026252703,0.12931811,0.00046802
expansion_3D,2.7,0.0268501,2.2630702,0.0005008,-2.1524167e-13,0.025516119,0.12084011,0.00047352732
expansion_3D,2.7,0.025709148,2.2810753,0.00051025689,-2.2020271e-13,0.024739139,0.11252779,0.00047814991
expansion_3D,2.7,0.02451189,2.2992517,0.00051802613,-2.4253992e-13,0.02392028,0.10438525,0.00048179898
expansion_3D,2.7,0.023255547,2.317274,0.00052239236,-2.3216625e-13,0.023054311,0.096621009,0.00048381495
expansion_3D,2.7,0.021937202,2.3353321,0.00052368626,-2.3853887e-13,0.022143671,0.089027781,0.00048457457
expansion_3D,2.7,0.020553797,2.3534557,0.00052163502,-2.4552185e-13,0.021187542,0.081564483,0.00048412413
expansion_3D,2.7,0.019102121,2.3715898,0.00051578176,-2.9172524e-13,0.020186053,0.074241126,0.0004824078
expansion_3D,2.7,0.017578803,2.3891782,0.0005028096,-2.6367802e-13,0.019144713,0.067300382,0.00047888641
expansion_3D,2.7,0.01598031,2.4064909,0.00048395664,-2.7379979e-13,0.018071783,0.060546178,0.0004742805
expansion_3D,2.7,0.01430293,2.4234163,0.00045840266,-2.8448325e-13,0.016974536,0.054010256,0.0004687304
expansion_3D,2.7,0.012542771,2.4398105,0.00042518599,-3.4189002e-13,0.015861469,0.04773636,0.00046238224
expansion_3D,2.7,0.010695748,2.4544887,0.00038001295,-3.1383959e-13,0.014799696,0.042173255,0.00045587249
expansion_3D,2.7,0.0087575733,2.4678004,0.00032412462,-3.2859917e-13,0.013801358,0.037152817,0.00044988147
expansion_3D,2.7,0.0067237492,2.4793565,0.00025929168,-3.4043431e-13,0.012904445,0.032815521,0.00044477937
expansion_3D,2.7,0.0045895552,2.488704,0.00018671078,-3.7482318e-13,0.012153631,0.029324657,0.0004409639
expansion_3D,2.7,0.002350038,2.4939215,9.207448e-05,-2.7063213e-13,0.011720942,0.027387026,0.00043910287
expansion_3D,2.7,4.9969541e-08,2.4946983,1.8919933e-09,-4.7192614e-16,0.011656394,0.027098239,0.00043882256
expansion_2D,2.8,0.049969042,0.0035647583,8.8764265e-10,-5.9419395e-17,9.5922988e-07,0.0015200248,1.8182677e-12
expansion_2D,2.8,0.049969017,0.0035955941,8.9531221e-10,-6.2324767e-17,9.6752744e-07,0.001533174,1.8339964e-12
expansion_2D,2.8,0.049968991,0.0036279517,9.0336026e-10,-6.5373522e-17,9.7623449e-07,0.0015469721,1.8505014e-12
expansion_2D,2.8,0.049968964,0.0036619061,9.1180551e-10,-6.8572741e-17,9.8537125e-07,0.0015614512,1.8678209e-12
expansion_2D,2.8,0.049968935,0.0036975362,9.2066752e-10,-7.1929835e-17,9.949589e-07,0.0015766448,1.8859951e-12
expansion_2D,2.8,0.049968906,0.0037349246,9.2996686e-10,-7.5452602e-17,1.0050197e-06,0.0015925882,1.9050662e-12
expansion_2D,2.8,0.049968874,0.0037741583,9.3972517e-10,-7.9149232e-17,1.015577e-06,0.0016093185,1.9250785e-12
expansion_2D,2.8,0.049968841,0.003815328,9.4996501e-10,-8.3028277e-17,1.0266553e-06,0.0016268744,1.9460784e-12
expansion_2D,2.8,0.049968807,0.0038585296,9.6071022e-10,-8.7098762e-17,1.0382804e-06,0.0016452967,1.9681147e-12
expansion_2D,2.8,0.04996877,0.0039038631,9.719857e-10,-9.1370125e-17,1.0504791e-06,0.0016646282,1.9912384e-12
expansion_2D,2.8,0.049968732,0.0039514338,9.838176e-10,-9.5852274e-17,1.0632799e-06,0.0016849136,2.0155033e-12
expansion_2D,2.8,0.049968693,0.0040013522,9.9623344e-10,-1.0055562e-16,1.0767123e-06,0.0017062001,2.0409657e-12
expansion_2D,2.8,0.049968651,0.004053734,1.009262e-09,-1.0549108e-16,1.0908077e-06,0.0017285371,2.0676847e-12
expansion_2D,2.8,0.049968607,0.004108701,1.0229335e-09,-1.1067012e-16,1.1055987e-06,0.0017519765,2.0957223e-12
expansion_2D,2.8,0.049968561,0.0041663806,1.0372797e-09,-1.1610473e-16,1.1211196e-06,0.0017765727,2.1251435e-12
expansion_2D,2.8,0.049968512,0.0042269066,1.0523339e-09,-1.2180755e-16,1.1374065e-06,0.0018023826,2.1560167e-12
expansion_2D,2.8,0.049968461,0.0042904197,1.0681311e-09,-1.277918e-16,1.1544971e-06,0.0018294663,2.1884134e-12
expansion_2D,2.8,0.049968408,0.0043570672,1.0847078e-09,-1.3407138e-16,1.1724312e-06,0.0018578866,2.222409e-12
expansion_2D,2.8,0.049968352,0.0044270036,1.1021026e-09,-1.4066085e-16,1.1912503e-06,0.0018877093,2.2580822e-12
expansion_2D,2.8,0.049968293,0.0045003916,1.1203559e-09,-1.4757553e-16,1.2109982e-06,0.0019190039,2.295516e-12
expansion_2D,2.8,0.049968232,0.0045774012,1.1395099e-09,-1.5483143e-16,1.2317206e-06,0.0019518429,2.3347971e-12
expansion_2D,2.8,0.049968167,0.0046582113,1.1596092e-09,-1.6244542e-16,1.2534657e-06,0.0019863025,2.3760168e-12
expansion_2D,2.8,0.049968099,0.0047430095,1.1807004e-09,-1.7043518e-16,1.2762839e-06,0.0020224627,2.4192707e-12
expansion_2D,2.8,0.049968028,0.0048319923,1.2028325e-09,-1.7881922e-16,1.3002282e-06,0.0020604074,2.4646591e-12
expansion_2D,2.8,0.049967954,0.0049253666,1.2260568e-09,-1.8761701e-16,1.3253541e-06,0.0021002247,2.5122875e-12
expansion_2D,2.8,0.049967875,0.0050233488,1.2504272e-09,-1.9684898e-16,1.35172e-06,0.0021420069,2.5622663e-12
expansion_2D,2.8,0.049967793,0.0051261666,1.2760003e-09,-2.0653655e-16,1.3793871e-06,0.0021858512,2.6147117e-12
expansion_2D,2.8,0.049967707,0.0052340584,1.3028354e-09,-2.1670221e-16,1.4084196e-06,0.0022318591,2.6697452e-12
expansion_2D,2.8,0.049967616,0.0053472748,1.3309949e-09,-2.2736954e-16,1.4388848e-06,0.0022801376,2.7274946e-12
expansion_2D,2.8,0.049967521,0.0054660783,1.360544e-09,-2.3856331e-16,1.4708535e-06,0.0023307987,2.788094e-12
expansion_2D,2.8,0.049967421,0.0055907449,1.3915514e-09,-2.503095e-16,1.5043999e-06,0.0023839598,2.851684e-12
expansion_2D,2.8,0.049967317,0.0057215638,1.4240891e-09,-2.6263537e-16,1.5396018e-06,0.0024397446,2.9184122e-12
expansion_2D,2.8,0.049967207,0.0058588386,1.4582324e-09,-2.7556951e-16,1.5765409e-06,0.0024982822,2.9884334e-12
expansion_2D,2.8,0.049967092,0.0060028882,1.4940608e-09,-2.8914198e-16,1.615303e-06,0.0025597088,3.0619103e-12
expansion_2D,2.8,0.049966971,0.0061540464,1.5316573e-09,-3.0338423e-16,1.6559779e-06,0.0026241667,3.1390132e-12
expansion_2D,2.8,0.049966844,0.0063126645,1.5711092e-09,-3.1832935e-16,1.6986603e-06,0.0026918057,3.2199212e-12
expansion_2D,2.8,0.049966711,0.0064791103,1.612508e-09,-3.3401202e-16,1.743449e-06,0.0027627827,3.304822e-12
expansion_2D,2.8,0.049966571,0.0066537704,1.65595e-09,-3.5046863e-16,1.790448e-06,0.0028372625,3.3939127e-12
expansion_2D,2.8,0.049966425,0.00683705,1.7015358e-09,-3.6773739e-16,1.8397665e-06,0.0029154178,3.4874e-12
expansion_2D,2.8,0.049966271,0.0070293745,1.7493712e-09,-3.8585835e-16,1.8915188e-06,0.0029974302,3.585501e-12
expansion_2D,2.8,0.04996611,0.0072311902,1.7995674e-09,-4.048736e-16,1.9458251e-06,0.0030834898,3.6884433e-12
expansion_2D,2.8,0.04996594,0.0074429656,1.8522407e-09,-4.2482725e-16,2.0028115e-06,0.0031737965,3.7964658e-12
expansion_2D,2.8,0.049965762,0.0076651923,1.9075135e-09,-4.4576563e-16,2.0626102e-06,0.00326856,3.9098193e-12
expansion_2D,2.8,0.049965576,0.0078983859,1.965514e-09,-4.6773731e-16,2.1253599e-06,0.003368,4.0287668e-12
expansion_2D,2.8,0.04996538,0.0081430877,2.0263769e-09,-4.9079332e-16,2.1912064e-06,0.0034723474,4.1535845e-12
expansion_2D,2.8,0.049965175,0.0083998655,2.0902434e-09,-5.1498714e-16,2.2603024e-06,0.0035818444,4.2845618e-12
expansion_2D,2.8,0.049964959,0.0086693154,2.1572617e-09,-5.4037492e-16,2.3328083e-06,0.003696745,4.422003e-12
expansion_2D,2.8,0.049964733,0.0089520628,2.2275874e-09,-5.6701562e-16,2.4088925e-06,0.0038173161,4.566227e-12
expansion_2D,2.8,0.049964496,0.0092487639,2.3013837e-09,-5.9497103e-16,2.4887313e-06,0.0039438374,4.7175684e-12
expansion_2D,2.8,0.049964247,0.0095601072,2.3788218e-09,-6.2430605e-16,2.5725103e-06,0.0040766026,4.8763786e-12
expansion_2D,2.8,0.049963986,0.0098868155,2.4600815e-09,-6.5508877e-16,2.6604238e-06,0.0042159197,5.0430261e-12
expansion_2D,2.8,0.049963712,0.010229647,2.5453515e-09,-6.8739063e-16,2.7526758e-06,0.0043621123,5.2178977e-12
expansion_2D,2.8,0.049963424,0.010589397,2.6348295e-09,-7.2128658e-16,2.8494805e-06,0.0045155194,5.4013993e-12
expansion_2D,2.8,0.049963122,0.010966901,2.7287233e-09,-7.5685533e-16,2.9510626e-06,0.0046764973,5.5939568e-12
expansion_2D,2.8,0.049962805,0.011363035,2.8272508e-09,-7.9417939e-16,3.0576578e-06,0.0048454195,5.7960171e-12
expansion_2D,2.8,0.049962473,0.011778719,2.9306407e-09,-8.3334542e-16,3.1695135e-06,0.005022678,6.0080491e-12
expansion_2D,2.8,0.049962124,0.012214916,3.0391329e-09,-8.744443e-16,3.2868893e-06,0.0052086844,6.2305449e-12
expansion_2D,2.8,0.049961758,0.01267264,3.1529792e-09,-9.1757142e-16,3.4100576e-06,0.0054038701,6.464021e-12
expansion_2D,2.8,0.049961374,0.013152953,3.2724439e-09,-9.6282688e-16,3.5393043e-06,0.0056086884,6.7090192e-12
expansion_2D,2.8,0.049960971,0.013656969,3.3978042e-09,-1.0103157e-15,3.6749294e-06,0.0058236145,6.9661081e-12
expansion_2D,2.8,0.049960548,0.014185859,3.529351e-09,-1.0601481e-15,3.8172476e-06,0.0060491473,7.2358844e-12
expansion_2D,2.8,0.049960104,0.014740849,3.6673898e-09,-1.1124398e-15,3.9665893e-06,0.0062858102,7.5189744e-12
expansion_2D,2.8,0.049959638,0.015323229,3.8122408e-09,-1.1673121e-15,4.123301e-06,0.0065341524,7.8160348e-12
expansion_2D,2.8,0.049959149,0.015934349,3.9642402e-09,-1.2248923e-15,4.2877465e-06,0.0067947505,8.1277554e-12
expansion_2D,2.8,0.049958637,0.016575628,4.1237409e-09,-1.2853142e-15,4.4603075e-06,0.0070682092,8.4548594e-12
expansion_2D,2.8,0.049958098,0.017248555,4.2911129e-09,-1.3487178e-15,4.6413844e-06,0.0073551631,8.7981061e-12
expansion_2D,2.8,0.049957534,0.01795469,4.4667449e-09,-1.4152505e-15,4.8313975e-06,0.0076562783,9.1582922e-12
expansion_2D,2.8,0.049956941,0.018695674,4.6510443e-09,-1.4850666e-15,5.0307878e-06,0.0079722536,9.5362535e-12
expansion_2D,2.8,0.049956319,0.019473226,4.844439e-09,-1.5583281e-15,5.2400181e-06,0.0083038225,9.9328675e-12
expansion_2D,2.8,0.049955667,0.020289149,5.0473777e-09,-1.6352051e-15,5.4595739e-06,0.0086517543,1.0349054e-11
expansion_2D,2.8,0.049954982,0.021145339,5.2603316e-09,-1.7158761e-15,5.6899649e-06,0.0090168567,1.078578e-11
expansion_2D,2.8,0.049954264,0.022043783,5.4837948e-09,-1.8005281e-15,5.9317258e-06,0.0093999771,1.1244059e-11
expansion_2D,2.8,0.04995351,0.022986564,5.718286e-09,-1.8893578e-15,6.1854177e-06,0.0098020045,1.1724953e-11
expansion_2D,2.8,0.049952718,0.023975873,5.9643494e-09,-1.9825712e-15,6.4516294e-06,0.010223872,1.222958e-11
expansion_2D,2.8,0.049951888,0.025014004,6.2225561e-09,-2.0803848e-15,6.7309786e-06,0.010666559,1.2759111e-11
expansion_2D,2.8,0.049951017,0.026103367,6.4935054e-09,-2.1830254e-15,7.0241139e-06,0.011131093,1.3314774e-11
expansion_2D,2.8,0.049950103,0.02724649,6.7778261e-09,-2.2907315e-15,7.3317155e-06,0.011618551,1.3897859e-11
expansion_2D,2.8,0.049949144,0.028446027,7.0761781e-09,-2.4037528e-15,7.6544973e-06,0.012130066,1.4509719e-11
expansion_2D,2.8,0.049948137,0.029704762,7.389254e-09,-2.5223518e-15,7.9932085e-06,0.012666824,1.5151775e-11
expansion_2D,2.8,0.049947081,0.031025615,7.7177802e-09,-2.6468037e-15,8.3486352e-06,0.013230072,1.5825517e-11
expansion_2D,2.8,0.049945972,0.032411653,8.0625193e-09,-2.7773974e-15,8.7216023e-06,0.013821116,1.6532508e-11
expansion_2D,2.8,0.049944809,0.033866093,8.4242713e-09,-2.9144358e-15,9.1129755e-06,0.014441328,1.7274389e-11
expansion_2D,2.8,0.049943588,0.03539231,8.803876e-09,-3.0582372e-15,9.5236631e-06,0.015092148,1.8052883e-11
expansion_2D,2.8,0.049942308,0.036993845,9.2022143e-09,-3.2091352e-15,9.9546183e-06,0.015775085,1.8869795e-11
expansion_2D,2.8,0.049940964,0.038674418,9.6202107e-09,-3.3674801e-15,1.0406841e-05,0.016491727,1.9727022e-11
expansion_2D,2.8,0.049939553,0.040437927,1.0058835e-08,-3.5336394e-15,1.0881381e-05,0.017243734,2.0626554e-11
expansion_2D,2.8,0.049938073,0.042288465,1.0519106e-08,-3.7079986e-15,1.137934e-05,0.018032854,2.1570478e-11
expansion_2D,2.8,0.04993652,0.044230329,1.1002092e-08,-3.8909626e-15,1.1901874e-05,0.018860916,2.2560984e-11
expansion_2D,2.8,0.049934891,0.046268024,1.1508913e-08,-4.0829559e-15,1.2450195e-05,0.019729844,2.3600373e-11
expansion_2D,2.8,0.049933181,0.047497161,1.1815083e-08,-4.2841074e-15,1.2780933e-05,0.020253963,2.4227322e-11
expansion_2D,2.8,0.049931386,0.048427368,1.2047106e-08,-4.4950607e-15,1.3031229e-05,0.020650602,2.4701788e-11
expansion_2D,2.8,0.049929503,0.050098505,1.439552e-08,-4.5040685e-15,1.5634628e-05,0.021688405,4.4218169e-11
expansion_2D,2.8,0.049927528,0.052643792,1.9257496e-08,-4.2716332e-15,2.1032777e-05,0.023485456,8.6361027e-11
expansion_2D,2.8,0.049925454,0.055277627,2.4285913e-08,-4.2478117e-15,2.6618848e-05,0.025345086,1.2997058e-10
expansion_2D,2.8,0.049923278,0.057993967,2.9468337e-08,-4.5047234e-15,3.2380071e-05,0.027263048,1.74947e-10
expansion_2D,2.8,0.049920995,0.06084436,3.4906515e-08,-4.7743138e-15,3.8425613e-05,0.029275663,2.2214302e-10
expansion_2D,2.8,0.0499186,0.06383542,4.0613068e-08,-5.0572086e-15,4.4769504e-05,0.031387601,2.7166818e-10
expansion_2D,2.8,0.049916086,0.06697409,4.6601242e-08,-5.3540643e-15,5.1426468e-05,0.033603763,3.2363742e-10
expansion_2D,2.8,0.049913448,0.070267654,5.2884935e-08,-5.66557e-15,5.8411955e-05,0.035929294,3.7817135e-10
expansion_2D,2.8,0.049910679,0.073723757,5.9478729e-08,-5.9924485e-15,6.5742179e-05,0.038369591,4.3539656e-10
expansion_2D,2.8,0.049907774,0.07735042,6.639793e-08,-6.3354587e-15,7.3434151e-05,0.040930317,4.9544585e-10
expansion_2D,2.8,0.049904726,0.08115606,7.3658596e-08,-6.6953964e-15,8.1505725e-05,0.043617416,5.5845859e-10
expansion_2D,2.8,0.049901528,0.08514951,8.1277577e-08,-7.0730973e-15,8.9975633e-05,0.046437124,6.2458104e-10
expansion_2D,2.8,0.049898171,0.089340037,8.9272558e-08,-7.4694378e-15,9.8863535e-05,0.049395986,6.9396664e-10
expansion_2D,2.8,0.049894649,0.093737368,9.7662094e-08,-7.8853378e-15,0.00010819006,0.052500868,7.6677645e-10
expansion_2D,2.8,0.049890953,0.098351709,1.0646566e-07,-8.3217626e-15,0.00011797685,0.055758977,8.4317944e-10
expansion_2D,2.8,0.049887075,0.10319377,1.1570368e-07,-8.7797252e-15,0.00012824662,0.059177875,9.2335295e-10
expansion_2D,2.8,0.049883005,0.10827479,1.253976e-07,-9.2602883e-15,0.0001390232,0.062765497,1.007483e-09
expansion_2D,2.8,0.049878734,0.11360655,1.3556991e-07,-9.7645674e-15,0.00015033162,0.066530169,1.095765e-09
expansion_2D,2.8,0.049874253,0.11920145,1.4624424e-07,-1.0293733e-14,0.00016219811,0.070480629,1.1884037e-09
expansion_2D,2.8,0.04986955,0.12507245,1.5744535e-07,-1.0849013e-14,0.00017465021,0.074626045,1.2856141e-09
expansion_2D,2.8,0.049864616,0.13123319,1.6919923e-07,-1.1431696e-14,0.00018771683,0.07897604,1.3876219e-09
expansion_2D,2.8,0.049859438,0.13769796,1.8153318e-07,-1.2043135e-14,0.00020142829,0.083540707,1.4946638e-09
expansion_2D,2.8,0.049854004,0.14448177,1.944758e-07,-1.2684748e-14,0.00021581642,0.088330643,1.6069883e-09
expansion_2D,2.8,0.049848302,0.15148834,2.1138785e-07,-1.3710498e-14,0.00023693181,0.093825442,1.8462944e-09
expansion_2D,2.8,0.049842319,0.15906026,2.4178835e-07,-1.3055153e-14,0.00028137336,0.10165774,2.5310749e-09
expansion_2D,2.8,0.049836041,0.16688213,2.7318104e-07,-1.3797333e-14,0.00032728323,0.10974892,3.2384734e-09
expansion_2D,2.8,0.049829452,0.17509002,3.0612296e-07,-1.4576139e-14,0.00037545877,0.1182394,3.9807823e-09
expansion_2D,2.8,0.049822539,0.18370296,3.4069058e-07,-1.5393379e-14,0.00042601179,0.12714888,4.7597244e-09
expansion_2D,2.8,0.049815284,0.19274096,3.7696412e-07,-1.625095e-14,0.00047905961,0.13649806,5.5771076e-09
expansion_2D,2.8,0.049807672,0.20222498,4.1502777e-07,-1.7150843e-14,0.00053472536,0.14630861,6.4348288e-09
expansion_2D,2.8,0.049799683,0.21217705,4.5496987e-07,-1.8095146e-14,0.00059313824,0.15660332,7.3348789e-09
expansion_2D,2.8,0.049791301,0.22262025,4.9688314e-07,-1.9086051e-14,0.00065443381,0.16740608,8.2793468e-09
expansion_2D,2.8,0.049782505,0.23357883,5.4086483e-07,-2.0125857e-14,0.00071875434,0.17874196,9.2704244e-09
expansion_2D,2.8,0.049773274,0.24507822,5.8701704e-07,-2.1216977e-14,0.0007862491,0.19063727,1.0310412e-08
expansion_2D,2.8,0.049763588,0.25697573,6.3486971e-07,-2.430994e-14,0.00085616665,0.20295062,1.1389587e-08
expansion_2D,2.8,0.049753425,0.26976843,7.1554666e-07,-2.2487286e-14,0.0010064291,0.22189924,1.5284965e-08
expansion_2D,2.8,0.049742759,0.28300473,7.990125e-07,-2.3747525e-14,0.001161906,0.24150566,1.9315506e-08
expansion_2D,2.8,0.049731567,0.29689423,8.865974e-07,-2.5069958e-14,0.0013250557,0.26207967,2.3544954e-08
expansion_2D,2.8,0.049719823,0.31146919,9.7850465e-07,-2.6457652e-14,0.001496257,0.28366901,2.7983128e-08
expansion_2D,2.8,0.0497075,0.32676343,1.0749476e-06,-2.791383e-14,0.0016759071,0.30632379,3.2640327e-08
expansion_2D,2.8,0.049694568,0.34281245,1.1761499e-06,-2.9441871e-14,0.001864423,0.33009659,3.752736e-08
expansion_2D,2.8,0.049680998,0.35965349,1.2823467e-06,-3.1045321e-14,0.0020622421,0.35504259,4.2655569e-08
expansion_2D,2.8,0.049666758,0.37727731,1.4098502e-06,-3.1583071e-14,0.0023281249,0.38616108,5.2054498e-08
expansion_2D,2.8,0.049651815,0.39565973,1.5701914e-06,-3.3339455e-14,0.0027050006,0.427099,6.8675829e-08
expansion_2D,2.8,0.049636136,0.41494932,1.7384455e-06,-3.5182516e-14,0.0031004752,0.47005721,8.6117428e-08
expansion_2D,2.8,0.049619682,0.43519086,1.915003e-06,-3.7116533e-14,0.0035154667,0.51513543,1.0441978e-07
expansion_2D,2.8,0.049602416,0.45643133,2.1002737e-06,-3.9145995e-14,0.0039509381,0.56243828,1.2362535e-07
expansion_2D,2.8,0.049584298,0.47872002,2.2946875e-06,-4.1275611e-14,0.0044079001,0.61207554,1.4377873e-07
expansion_2D,2.8,0.049565287,0.50185056,2.5274802e-06,-4.2290138e-14,0.0050201229,0.6752957,1.8512526e-07
expansion_2D,2.8,0.049545336,0.52582929,2.8012312e-06,-4.4595219e-14,0.005800556,0.75320388,2.4956617e-07
expansion_2D,2.8,0.049524402,0.55099137,3.0884918e-06,-4.7014056e-14,0.0066195038,0.83495686,3.1718726e-07
expansion_2D,2.8,0.049502434,0.57739521,3.3899288e-06,-4.9552263e-14,0.0074788669,0.92074437,3.8814547e-07
expansion_2D,2.8,0.049479382,0.60510209,3.7062418e-06,-5.2215732e-14,0.0083806399,1.0107655,4.6260549e-07
expansion_2D,2.8,0.049455193,0.63306518,4.0832547e-06,-5.3680393e-14,0.0095373406,1.1218063,6.2266287e-07
expansion_2D,2.8,0.049429809,0.66178816,4.5026991e-06,-5.6459093e-14,0.010864369,1.2472389,8.3488895e-07
expansion_2D,2.8,0.049403173,0.69192863,4.9428432e-06,-5.9374924e-14,0.012256888,1.3788616,1.0575884e-06
expansion_2D,2.8,0.049375223,0.72355655,5.4047086e-06,-6.2434652e-14,0.013718127,1.5169799,1.2912782e-06
expansion_2D,2.8,0.049345893,0.7548215,5.9210874e-06,-6.425951e-14,0.015306281,1.662376,1.6514829e-06
expansion_2D,2.8,0.049315116,0.78565761,6.49415e-06,-6.7256901e-14,0.017027172,1.8153148,2.1456589e-06
expansion_2D,2.8,0.04928282,0.81801549,7.0954934e-06,-7.0402214e-14,0.01883299,1.9758012,2.6642226e-06
expansion_2D,2.8,0.04924893,0.85195574,7.726293e-06,-7.4313441e-14,0.020727115,2.1441356,3.2081447e-06
expansion_2D,2.8,0.049213367,0.88272638,8.4270863e-06,-7.5587564e-14,0.022460846,2.277576,3.9839199e-06
expansion_2D,2.8,0.04917605,0.91404441,9.1690333e-06,-7.8640094e-14,0.024229143,2.4090832,4.8370358e-06
expansion_2D,2.8,0.049136891,0.94690799,9.9475955e-06,-8.1843267e-14,0.026084705,2.5470804,5.7322533e-06
expansion_2D,2.8,0.049095799,0.97791156,1.0782971e-05,-8.3888344e-14,0.027735353,2.6470781,6.7841058e-06
expansion_2D,2.8,0.04905268,1.0074445,1.1674289e-05,-8.6776377e-14,0.029212515,2.7135626,7.9836371e-06
expansion_2D,2.8,0.049007433,1.038435,1.2609594e-05,-8.9806936e-14,0.030762575,2.7833281,9.2423656e-06
expansion_2D,2.8,0.048959952,1.0676983,1.3606873e-05,-9.1820094e-14,0.032095249,2.8178371,1.0661215e-05
expansion_2D,2.8,0.048910129,1.0954352,1.4666595e-05,-9.4543832e-14,0.033226293,2.81891,1.2238275e-05
expansion_2D,2.8,0.048857846,1.1245409,1.5778616e-05,-9.7401988e-14,0.034413156,2.8200358,1.3893162e-05
expansion_2D,2.8,0.048802984,1.1509387,1.6966531e-05,-9.9262228e-14,0.035316242,2.7866821,1.5755477e-05
expansion_2D,2.8,0.048745414,1.1771412,1.8219773e-05,-1.0185384e-13,0.036140571,2.7392832,1.7754233e-05
expansion_2D,2.8,0.048685003,1.2039924,1.9539135e-05,-1.0389329e-13,0.036959823,2.686693,1.9871832e-05
expansion_2D,2.8,0.04862161,1.2278172,2.094746e-05,-1.062188e-13,0.037512297,2.6125264,2.2225263e-05
expansion_2D,2.8,0.048555089,1.2528174,2.2425272e-05,-1.0869848e-13,0.038092029,2.5347007,2.4694805e-05
expansion_2D,2.8,0.048485286,1.2761118,2.399667e-05,-1.1042922e-13,0.038528667,2.450132,2.7371825e-05
expansion_2D,2.8,0.048412037,1.2991058,2.5654749e-05,-1.1270928e-13,0.03890246,2.3599917,3.0222047e-05
expansion_2D,2.8,0.048335174,1.3219255,2.7406315e-05,-1.1445746e-13,0.039232875,2.2674907,3.3246449e-05
expansion_2D,2.8,0.048254517,1.3433249,2.9264875e-05,-1.16594e-13,0.039459772,2.1745172,3.6483036e-05
expansion_2D,2.8,0.04816988,1.3653725,3.1220095e-05,-1.1832385e-13,0.039682495,2.078351,3.9887697e-05
expansion_2D,2.8,0.048081066,1.3855161,3.3301848e-05,-1.2034641e-13,0.039804407,1.9877024,4.3515095e-05
expansion_2D,2.8,0.04798787,1.4065915,3.5482048e-05,-1.3499722e-13,0.03993196,1.8928617,4.7310272e-05
expansion_2D,2.8,0.047890073,1.4258406,3.7816971e-05,-1.2397306e-13,0.039978977,1.8066659,5.1345341e-05
expansion_2D,2.8,0.047787451,1.4459242,4.0259985e-05,-1.3206886e-13,0.040027278,1.7167373,5.5561509e-05
expansion_2D,2.8,0.047679764,1.4645135,4.2866952e-05,-1.2749009e-13,0.04002106,1.6358248,5.9994292e-05
expansion_2D,2.8,0.047566763,1.4837982,4.5598695e-05,-1.3836079e-13,0.040011014,1.5520492,6.463031e-05
expansion_2D,2.8,0.047448185,1.5017655,4.8514166e-05,-1.3090422e-13,0.039961021,1.4774159,6.9479588e-05
expansion_2D,2.8,0.047323755,1.5203648,5.1570164e-05,-1.4099492e-13,0.039906001,1.4004857,7.4546442e-05
expansion_2D,2.8,0.047193185,1.5378212,5.4826932e-05,-1.3422292e-13,0.039822197,1.3321848,7.9818907e-05
expansion_2D,2.8,0.047056171,1.5557497,5.8249889e-05,-1.3571513e-13,0.039731336,1.2627862,8.5327243e-05
expansion_2D,2.8,0.046912395,1.5728896,6.1879802e-05,-1.3747633e-13,0.039621947,1.1999622,9.1031797e-05
expansion_2D,2.8,0.046761524,1.5902001,6.5707247e-05,-1.3893881e-13,0.039503518,1.1380112,9.6976981e-05
expansion_2D,2.8,0.046603207,1.60716,6.9753847e-05,-1.4071322e-13,0.03937284,1.0800723,0.00010314042
expansion_2D,2.8,0.046437077,1.6239294,7.4030099e-05,-1.421625e-13,0.039232752,1.0251309,0.00010952672
expansion_2D,2.8,0.046262749,1.640802,7.8536885e-05,-1.4395206e-13,0.039083713,0.97159456,0.00011616954
expansion_2D,2.8,0.046079818,1.6571006,8.3309421e-05,-1.4538317e-13,0.0389261,0.92311076,0.0001230013
expansion_2D,2.8,0.045887859,1.6737231,8.8332227e-05,-1.4686133e-13,0.038760694,0.87479703,0.00013011742
expansion_2D,2.8,0.045686426,1.6898577,9.3642961e-05,-1.4860961e-13,0.03858813,0.83090859,0.00013742698
expansion_2D,2.8,0.045475053,1.7060711,9.9239474e-05,-1.5007695e-13,0.038408474,0.78840467,0.00014499591
expansion_2D,2.8,0.045253249,1.7223288,0.00010513513,-1.5185951e-13,0.038221494,0.74753103,0.00015283014
expansion_2D,2.8,0.045020498,1.7381917,0.0001113596,-1.5331892e-13,0.038028851,0.71023194,0.00016085266
expansion_2D,2.8,0.044776261,1.7543082,0.00011790672,-1.548153e-13,0.037828525,0.67347291,0.00016917477
expansion_2D,2.8,0.044519971,1.7701923,0.00012480515,-1.5658371e-13,0.037622176,0.63940962,0.0001777094
expansion_2D,2.8,0.044251033,1.7860197,0.00013206515,-1.5808405e-13,0.037409229,0.60713923,0.00018648048
expansion_2D,2.8,0.043968823,1.8020654,0.00013969615,-1.5962629e-13,0.037188227,0.57557077,0.00019555701
expansion_2D,2.8,0.043672685,1.8177542,0.00014772262,-1.6142765e-13,0.036961705,0.54688454,0.00020479222
expansion_2D,2.8,0.043361933,1.8335693,0.00015615082,-1.6297213e-13,0.036727166,0.51913346,0.00021429888
expansion_2D,2.8,0.043035846,1.8495545,0.00016498993,-1.8136744e-13,0.036484396,0.49215642,0.00022408943
expansion_2D,2.8,0.042693666,1.8652197,0.00017427582,-1.6643877e-13,0.036234559,0.46771629,0.00023402484
expansion_2D,2.8,0.042334599,1.8810591,0.00018399742,-1.6807325e-13,0.035975752,0.44391654,0.00024422449
expansion_2D,2.8,0.041957812,1.8970585,0.0001941741,-1.8910001e-13,0.035707736,0.42084727,0.00025469136
expansion_2D,2.8,0.04156243,1.9127887,0.00020481969,-1.7175072e-13,0.03543093,0.399875,0.00026525974
expansion_2D,2.8,0.041147537,1.9286944,0.00021593618,-1.7349829e-13,0.035143786,0.37947647,0.00027606713
expansion_2D,2.8,0.040712168,1.9447815,0.00022754916,-1.8312732e-13,0.03484556,0.35970444,0.00028712546
expansion_2D,2.8,0.040255313,1.9606512,0.00023962266,-1.7745921e-13,0.034536909,0.3415896,0.00029821545
expansion_2D,2.8,0.039775913,1.9766677,0.00025218568,-1.7935629e-13,0.034215926,0.32409036,0.00030948604
expansion_2D,2.8,0.039272854,1.992882,0.00026526261,-1.8131046e-13,0.033881587,0.30712216,0.00032096331
expansion_2D,2.8,0.038744969,2.0089881,0.00027878245,-1.83611e-13,0.033534337,0.29133955,0.00033242703
expansion_2D,2.8,0.038191033,2.0251599,0.00029275299,-1.8565505e-13,0.033172432,0.27629366,0.00034393717
expansion_2D,2.8,0.03760976,2.0415355,0.00030721158,-1.8778869e-13,0.032794568,0.2616972,0.00035557058
expansion_2D,2.8,0.0369998,2.0579703,0.00032209603,-1.9041769e-13,0.032400288,0.24782425,0.00036718789
expansion_2D,2.8,0.036359739,2.0743403,0.00033728117,-1.9272242e-13,0.03198853,0.23483924,0.00037861201
expansion_2D,2.8,0.035688091,2.0909211,0.00035286139,-1.9511615e-13,0.031557517,0.2222255,0.00039003739
expansion_2D,2.8,0.034983297,2.1076991,0.00036881932,-2.0529645e-13,0.031106462,0.21000753,0.00040142621
expansion_2D,2.8,0.034243721,2.124362,0.0003848156,-2.007954e-13,0.030633446,0.19865666,0.00041237117
expansion_2D,2.8,0.033467647,2.1411841,0.0004009629,-2.0360331e-13,0.030137323,0.18768481,0.00042309075
expansion_2D,2.8,0.032653273,2.1582186,0.00041724752,-2.0652808e-13,0.02961648,0.17702313,0.0004335963
expansion_2D,2.8,0.031798709,2.1753472,0.00043344637,-2.1018868e-13,0.029069313,0.16681625,0.00044368126
expansion_2D,2.8,0.030901973,2.1924288,0.00044913719,-2.1358764e-13,0.028493461,0.15718545,0.00045304624
expansion_2D,2.8,0.029960982,2.20972,0.00046451837,-2.1721093e-13,0.027887586,0.14779285,0.00046196208
expansion_2D,2.8,0.028973553,2.2272155,0.00047946027,-2.2109134e-13,0.027249959,0.13864155,0.00047036091
expansion_2D,2.8,0.027937394,2.2446736,0.00049322798,-2.2626016e-13,0.026577809,0.12994682,0.00047779003
expansion_2D,2.8,0.0268501,2.2621795,0.0005056095,-2.3124639e-13,0.025869286,0.1215667,0.00048427959
expansion_2D,2.8,0.025709148,2.2798569,0.00051665096,-2.3648524e-13,0.025123164,0.1133645,0.00048996845
expansion_2D,2.8,0.02451189,2.2976872,0.00052608663,-2.4955432e-13,0.024337806,0.10534169,0.00049477365
expansion_2D,2.8,0.023255547,2.3153141,0.00053219285,-2.4881502e-13,0.023510171,0.097720858,0.00049805993
expansion_2D,2.8,0.021937202,2.3329525,0.00053523884,-2.5554039e-13,0.022641442,0.090282149,0.00050020361
expansion_2D,2.8,0.020553797,2.3506235,0.00053492083,-2.6291183e-13,0.021731258,0.082987769,0.00050125161
expansion_2D,2.8,0.019102121,2.3682762,0.00053072567,-3.0005693e-13,0.020779625,0.075845579,0.00050115209
expansion_2D,2.8,0.017578803,2.3853268,0.00051915426,-2.8182553e-13,0.019794697,0.069108415,0.00049940047
expansion_2D,2.8,0.01598031,2.4020734,0.00050140136,-2.9252721e-13,0.018782556,0.062567335,0.00049668499
expansion_2D,2.8,0.01430293,2.4183998,0.00047654088,-3.0396054e-13,0.0177507,0.056255056,0.00049313269
expansion_2D,2.8,0.012542771,2.4341638,0.00044347181,-3.5067482e-13,0.016707583,0.050213822,0.00048887566
expansion_2D,2.8,0.010695748,2.4482081,0.00039764785,-3.302693e-13,0.01571809,0.044878147,0.00048441899
expansion_2D,2.8,0.0087575733,2.4609091,0.00034002374,-3.4345276e-13,0.014790818,0.040071284,0.0004803398
expansion_2D,2.8,0.0067237492,2.4719053,0.00027255609,-3.5522517e-13,0.013960308,0.035924348,0.00047690267
expansion_2D,2.8,0.0045895552,2.4807589,0.0001968268,-3.7746092e-13,0.013268607,0.032596464,0.00047439267
expansion_2D,2.8,0.002350038,2.4857194,9.6974476e-05,-2.8448853e-13,0.012868668,0.030738476,0.00047318677
expansion_2D,2.8,4.9969541e-08,2.4864323,2.003686e-09,-4.7043099e-16,0.01281112,0.030471321,0.00047301076
contraction_4D,8.2,0.099938083,0.0011892256,-3.9607666e-09,-4.9629871e-17,4.507057e-07,6.5360527e-05,9.3338353e-12
contraction_4D,8.2,0.099938034,0.0011983656,-3.9914262e-09,-5.2069905e-17,4.5415954e-07,6.5861614e-05,9.4054103e-12
contraction_4D,8.2,0.099937982,0.0012079567,-4.0235988e-09,-5.4630351e-17,4.5778382e-07,6.6387429e-05,9.4805174e-12
contraction_4D,8.2,0.099937928,0.0012180211,-4.0573592e-09,-5.7317157e-17,4.6158696e-07,6.6939193e-05,9.5593311e-12
contraction_4D,8.2,0.099937871,0.0012285822,-4.0927857e-09,-6.0136561e-17,4.6557779e-07,6.7518187e-05,9.6420344e-12
contraction_4D,8.2,0.099937811,0.0012396645,-4.1299605e-09,-6.3095104e-17,4.6976557e-07,6.8125755e-05,9.7288191e-12
contraction_4D,8.2,0.099937748,0.0012512937,-4.1689698e-09,-6.6199647e-17,4.7416001e-07,6.8763306e-05,9.8198865e-12
contraction_4D,8.2,0.099937683,0.0012634968,-4.2099043e-09,-6.9457404e-17,4.7877133e-07,6.9432321e-05,9.9154482e-12
contraction_4D,8.2,0.099937613,0.0012763021,-4.2528589e-09,-7.2875928e-17,4.8361021e-07,7.0134351e-05,1.0015726e-11
contraction_4D,8.2,0.099937541,0.0012897394,-4.2979334e-09,-7.6463162e-17,4.8868789e-07,7.0871027e-05,1.0120952e-11
contraction_4D,8.2,0.099937465,0.0013038398,-4.3452323e-09,-8.0227425e-17,4.9401616e-07,7.1644059e-05,1.0231372e-11
contraction_4D,8.2,0.099937385,0.001318636,-4.3948653e-09,-8.4177455e-17,4.9960738e-07,7.2455239e-05,1.034724e-11
contraction_4D,8.2,0.099937301,0.0013341625,-4.4469479e-09,-8.8322425e-17,5.0547453e-07,7.3306453e-05,1.0468827e-11
contraction_4D,8.2,0.099937213,0.0013504552,-4.5016007e-09,-9.2671947e-17,5.1163122e-07,7.4199673e-05,1.0596414e-11
contraction_4D,8.2,0.099937121,0.001367552,-4.5589506e-09,-9.7236118e-17,5.1809175e-07,7.5136974e-05,1.0730298e-11
contraction_4D,8.2,0.099937024,0.0013854925,-4.6191308e-09,-1.0202554e-16,5.2487111e-07,7.6120531e-05,1.0870789e-11
contraction_4D,8.2,0.099936923,0.0014043183,-4.6822808e-09,-1.0705131e-16,5.3198503e-07,7.7152627e-05,1.1018213e-11
contraction_4D,8.2,0.099936816,0.0014240732,-4.7485474e-09,-1.1232511e-16,5.3945003e-07,7.8235657e-05,1.1172912e-11
contraction_4D,8.2,0.099936704,0.0014448031,-4.8180842e-09,-1.1785917e-16,5.4728343e-07,7.9372136e-05,1.1335246e-11
contraction_4D,8.2,0.099936587,0.0014665559,-4.8910527e-09,-1.2366634e-16,5.555034e-07,8.05647e-05,1.1505591e-11
contraction_4D,8.2,0.099936464,0.0014893823,-4.9676222e-09,-1.2976009e-16,5.6412904e-07,8.1816117e-05,1.1684343e-11
contraction_4D,8.2,0.099936334,0.0015133351,-5.0479705e-09,-1.3615458e-16,5.7318035e-07,8.3129292e-05,1.1871917e-11
contraction_4D,8.2,0.099936199,0.0015384701,-5.132284e-09,-1.4286463e-16,5.8267835e-07,8.4507272e-05,1.2068747e-11
contraction_4D,8.2,0.099936056,0.0015648454,-5.2207583e-09,-1.4990583e-16,5.9264508e-07,8.5953257e-05,1.227529e-11
contraction_4D,8.2,0.099935907,0.0015925224,-5.3135989e-09,-1.5729451e-16,6.0310367e-07,8.7470601e-05,1.2492027e-11
contraction_4D,8.2,0.09993575,0.0016215653,-5.4110212e-09,-1.6504783e-16,6.1407839e-07,8.9062827e-05,1.271946e-11
contraction_4D,8.2,0.099935586,0.0016520414,-5.5132513e-09,-1.7318378e-16,6.2559472e-07,9.0733629e-05,1.2958116e-11
contraction_4D,8.2,0.099935413,0.0016840215,-5.6205266e-09,-1.8172124e-16,6.3767939e-07,9.2486887e-05,1.3208551e-11
contraction_4D,8.2,0.099935232,0.0017175799,-5.7330959e-09,-1.9068002e-16,6.5036043e-07,9.4326668e-05,1.3471344e-11
contraction_4D,8.2,0.099935042,0.0017527944,-5.8512205e-09,-2.0008092e-16,6.636673e-07,9.6257243e-05,1.3747106e-11
contraction_4D,8.2,0.099934843,0.0017897467,-5.9751746e-09,-2.0994576e-16,6.7763086e-07,9.8283092e-05,1.4036478e-11
contraction_4D,8.2,0.099934634,0.0018285226,-6.1052459e-09,-2.2029744e-16,6.9228353e-07,0.00010040892,1.4340129e-11
contraction_4D,8.2,0.099934414,0.0018692122,-6.2417363e-09,-2.3115997e-16,7.076593e-07,0.00010263965,1.4658767e-11
contraction_4D,8.2,0.099934184,0.0019119097,-6.3849624e-09,-2.4255857e-16,7.2379388e-07,0.00010498048,1.4993129e-11
contraction_4D,8.2,0.099933942,0.0019567145,-6.5352569e-09,-2.545197e-16,7.4072471e-07,0.00010743682,1.5343991e-11
contraction_4D,8.2,0.099933688,0.0020037303,-6.6929684e-09,-2.6707111e-16,7.5849107e-07,0.00011001439,1.5712169e-11
contraction_4D,8.2,0.099933422,0.0020530664,-6.858463e-09,-2.8024193e-16,7.7713422e-07,0.00011271915,1.6098517e-11
contraction_4D,8.2,0.099933143,0.0021048373,-7.0321249e-09,-2.9406275e-16,7.9669741e-07,0.00011555741,1.6503932e-11
contraction_4D,8.2,0.099932849,0.002159163,-7.2143571e-09,-3.0856562e-16,8.1722605e-07,0.00011853572,1.6929353e-11
contraction_4D,8.2,0.099932542,0.0022161698,-7.4055824e-09,-3.2378422e-16,8.3876778e-07,0.00012166102,1.7375769e-11
contraction_4D,8.2,0.099932219,0.0022759898,-7.6062447e-09,-3.3975385e-16,8.613726e-07,0.00012494056,1.7844216e-11
contraction_4D,8.2,0.09993188,0.002338762,-7.8168099e-09,-3.565116e-16,8.8509299e-07,0.00012838194,1.8335781e-11
contraction_4D,8.2,0.099931525,0.002404632,-8.0377665e-09,-3.7409635e-16,9.0998398e-07,0.00013199315,1.8851605e-11
contraction_4D,8.2,0.099931152,0.0024737527,-8.2696274e-09,-3.9254891e-16,9.3610334e-07,0.00013578258,1.9392885e-11
contraction_4D,8.2,0.099930761,0.0025462846,-8.5129306e-09,-4.119121e-16,9.6351171e-07,0.00013975902,1.9960877e-11
contraction_4D,8.2,0.09993035,0.0026223959,-8.768241e-09,-4.3223088e-16,9.9227269e-07,0.00014393169,2.05569e-11
contraction_4D,8.2,0.099929919,0.0027022634,-9.036151e-09,-4.535524e-16,1.022453e-06,0.00014831029,2.1182337e-11
contraction_4D,8.2,0.099929467,0.0027860723,-9.3172825e-09,-4.7592614e-16,1.0541228e-06,0.00015290498,2.1838639e-11
contraction_4D,8.2,0.099928992,0.0028740172,-9.6122879e-09,-4.9940403e-16,1.0873554e-06,0.00015772641,2.252733e-11
contraction_4D,8.2,0.099928494,0.0029663023,-9.9218519e-09,-5.2404057e-16,1.1222282e-06,0.00016278578,2.3250009e-11
contraction_4D,8.2,0.099927972,0.0030631416,-1.0246693e-08,-5.4989292e-16,1.1588218e-06,0.00016809484,2.4008351e-11
contraction_4D,8.2,0.099927423,0.00316476,-1.0587565e-08,-5.770211e-16,1.1972214e-06,0.0001736659,2.4804118e-11
contraction_4D,8.2,0.099926848,0.0032713933,-1.0945259e-08,-6.0548806e-16,1.2375161e-06,0.00017951189,2.5639157e-11
contraction_4D,8.2,0.099926244,0.003383289,-1.1320606e-08,-6.3535987e-16,1.2797993e-06,0.00018564638,2.6515405e-11
contraction_4D,8.2,0.09992561,0.0035007067,-1.1714476e-08,-6.6670587e-16,1.3241691e-06,0.00019208361,2.7434896e-11
contraction_4D,8.2,0.099924946,0.0036239191,-1.2127784e-08,-6.9959881e-16,1.3707287e-06,0.00019883853,2.8399764e-11
contraction_4D,8.2,0.099924248,0.003753212,-1.2561488e-08,-7.3411502e-16,1.4195859e-06,0.0002059268,2.9412249e-11
contraction_4D,8.2,0.099923516,0.0038888856,-1.3016596e-08,-7.7033461e-16,1.4708543e-06,0.00021336487,3.04747e-11
contraction_4D,8.2,0.099922748,0.0040312548,-1.3494164e-08,-8.0834166e-16,1.5246528e-06,0.00022117002,3.1589583e-11
contraction_4D,8.2,0.099921941,0.0041806499,-1.39953e-08,-8.4822437e-16,1.5811063e-06,0.00022936036,3.2759487e-11
contraction_4D,8.2,0.099921095,0.0043374176,-1.4521167e-08,-8.900753e-16,1.6403458e-06,0.00023795489,3.3987125e-11
contraction_4D,8.2,0.099920208,0.004501922,-1.5072986e-08,-9.3399159e-16,1.7025088e-06,0.00024697356,3.5275348e-11
contraction_4D,8.2,0.099919276,0.0046745446,-1.5652037e-08,-9.8007516e-16,1.7677395e-06,0.00025643731,3.6627145e-11
contraction_4D,8.2,0.099918299,0.0048556863,-1.6259665e-08,-1.028433e-15,1.8361894e-06,0.0002663681,3.8045654e-11
contraction_4D,8.2,0.099917273,0.0050457674,-1.6897279e-08,-1.0791773e-15,1.9080173e-06,0.00027678898,3.9534166e-11
contraction_4D,8.2,0.099916197,0.005245229,-1.756636e-08,-1.1324258e-15,1.9833899e-06,0.00028772413,4.1096137e-11
contraction_4D,8.2,0.099915067,0.0054545341,-1.826846e-08,-1.1883021e-15,2.0624822e-06,0.00029919893,4.2735192e-11
contraction_4D,8.2,0.099913882,0.0056741685,-1.9005209e-08,-1.246936e-15,2.1454777e-06,0.00031124002,4.4455135e-11
contraction_4D,8.2,0.099912639,0.0059046419,-1.9778316e-08,-1.3084635e-15,2.2325691e-06,0.00032387534,4.6259957e-11
contraction_4D,8.2,0.099911334,0.0061464893,-2.0589577e-08,-1.3730274e-15,2.3239585e-06,0.00033713421,4.8153849e-11
contraction_4D,8.2,0.099909964,0.0064002719,-2.1440874e-08,-1.4407775e-15,2.419858e-06,0.00035104742,5.0141204e-11
contraction_4D,8.2,0.099908527,0.0066665787,-2.2334183e-08,-1.5118712e-15,2.5204901e-06,0.00036564725,5.2226636e-11
contraction_4D,8.2,0.099907019,0.0069460279,-2.3271576e-08,-1.5864733e-15,2.6260885e-06,0.00038096758,5.4414984e-11
contraction_4D,8.2,0.099905437,0.007239268,-2.4255231e-08,-1.664757e-15,2.7368982e-06,0.00039704398,5.6711329e-11
contraction_4D,8.2,0.099903776,0.0075469796,-2.5287429e-08,-1.7469041e-15,2.8531763e-06,0.00041391375,5.9120998e-11
contraction_4D,8.2,0.099902034,0.0078698768,-2.6370566e-08,-1.8331052e-15,2.9751929e-06,0.00043161605,6.1649586e-11
contraction_4D,8.2,0.099900206,0.0082087092,-2.7507157e-08,-1.9235603e-15,3.103231e-06,0.00045019197,6.430296e-11
contraction_4D,8.2,0.099898287,0.008564263,-2.8699838e-08,-2.0184794e-15,3.2375878e-06,0.00046968462,6.708728e-11
contraction_4D,8.2,0.099896274,0.0089373635,-2.9951379e-08,-2.1180828e-15,3.3785752e-06,0.00049013923,7.0009006e-11
contraction_4D,8.2,0.099894161,0.0093288767,-3.1264684e-08,-2.2226017e-15,3.5265204e-06,0.00051160328,7.307492e-11
contraction_4D,8.2,0.099891944,0.0097397112,-3.2642801e-08,-2.3322786e-15,3.6817667e-06,0.00053412659,7.6292139e-11
contraction_4D,8.2,0.099889618,0.01017082,-3.4088928e-08,-2.4473681e-15,3.8446744e-06,0.00055776144,7.9668128e-11
contraction_4D,8.2,0.099887177,0.010623205,-3.5606422e-08,-2.5681373e-15,4.0156217e-06,0.00058256267,8.3210723e-11
contraction_4D,8.2,0.099884615,0.011097915,-3.7198805e-08,-2.6948664e-15,4.1950053e-06,0.00060858785,8.6928146e-11
contraction_4D,8.2,0.099881927,0.011596052,-3.8869773e-08,-2.8278498e-15,4.3832415e-06,0.00063589738,9.0829026e-11
contraction_4D,8.2,0.099879107,0.012118773,-4.0623203e-08,-2.9673959e-15,4.5807673e-06,0.00066455465,9.4922415e-11
contraction_4D,8.2,0.099876147,0.012667289,-4.2463166e-08,-3.1138286e-15,4.788041e-06,0.00069462616,9.9217815e-11
contraction_4D,8.2,0.099873041,0.013242875,-4.4393932e-08,-3.2674878e-15,5.0055438e-06,0.00072618171,1.0372519e-10
contraction_4D,8.2,0.099869782,0.013846867,-4.6419981e-08,-3.4287302e-15,5.2337804e-06,0.00075929454,1.0845501e-10
contraction_4D,8.2,0.099866362,0.014480666,-4.8546017e-08,-3.5979299e-15,5.4732805e-06,0.0007940415,1.1341825e-10
contraction_4D,8.2,0.099862773,0.015145743,-5.0776973e-08,-3.7754797e-15,5.7246e-06,0.00083050323,1.1862642e-10
contraction_4D,8.2,0.099859007,0.015843641,-5.3118028e-08,-3.9617917e-15,5.9883223e-06,0.00086876436,1.2409162e-10
contraction_4D,8.2,0.099855055,0.016575982,-5.5574615e-08,-4.1572982e-15,6.2650593e-06,0.00090891369,1.2982653e-10
contraction_4D,8.2,0.099850908,0.017344463,-5.8152434e-08,-4.362453e-15,6.5554534e-06,0.0009510444,1.3584446e-10
contraction_4D,8.2,0.099846557,0.018150869,-6.0857471e-08,-4.5777323e-15,6.8601785e-06,0.00099525427,1.4215938e-10
contraction_4D,8.2,0.099841991,0.018997072,-6.3696001e-08,-4.8036356e-15,7.1799419e-06,0.0010416459,1.4878594e-10
contraction_4D,8.2,0.099837199,0.019885035,-6.6674614e-08,-5.0406874e-15,7.5154858e-06,0.001090327,1.5573952e-10
contraction_4D,8.2,0.099832171,0.020816819,-6.9800222e-08,-5.2894377e-15,7.8675888e-06,0.0011414105,1.6303626e-10
contraction_4D,8.2,0.099826895,0.021794588,-7.3080081e-08,-5.550464e-15,8.2370683e-06,0.001195015,1.706931e-10
contraction_4D,8.2,0.099821359,0.022820609,-7.6521801e-08,-5.824372e-15,8.6247816e-06,0.0012512649,1.7872781e-10
contraction_4D,8.2,0.099815549,0.023897265,-8.0133371e-08,-6.1117974e-15,9.0316288e-06,0.0013102908,1.8715903e-10
contraction_4D,8.2,0.099809453,0.025027054,-8.3923174e-08,-6.4134074e-15,9.458554e-06,0.0013722296,1.9600634e-10
contraction_4D,8.2,0.099803055,0.025869179,-8.6740298e-08,-6.7239964e-15,9.7771182e-06,0.0014184498,2.026077e-10
contraction_4D,8.2,0.099796342,0.026469907,-8.8740926e-08,-7.0450473e-15,1.0004762e-05,0.0014514813,2.0732458e-10
contraction_4D,8.2,0.099789298,0.027802618,-1.2475659e-07,-6.7238831e-15,1.4046584e-05,0.0015823444,5.5654623e-10
contraction_4D,8.2,0.099781906,0.029195079,-1.6290296e-07,-6.741118e-15,1.8304293e-05,0.0017195286,9.2479677e-10
contraction_4D,8.2,0.099774149,0.03063309,-2.0245022e-07,-7.1258023e-15,2.2695169e-05,0.0018609897,1.3045589e-09
contraction_4D,8.2,0.09976601,0.032142068,-2.4394915e-07,-7.5294708e-15,2.7302736e-05,0.0020094319,1.7030623e-09
contraction_4D,8.2,0.099757469,0.033725514,-2.8749607e-07,-7.9530606e-15,3.2137687e-05,0.0021651998,2.1212321e-09
contraction_4D,8.2,0.099748506,0.035387104,-3.3319204e-07,-8.3975546e-15,3.7211246e-05,0.0023286549,2.5600386e-09
contraction_4D,8.2,0.099739101,0.037130693,-3.8114313e-07,-8.8639846e-15,4.2535185e-05,0.0025001766,3.0205004e-09
contraction_4D,8.2,0.099729232,0.03896033,-4.3146061e-07,-9.353433e-15,4.8121863e-05,0.0026801629,3.5036862e-09
contraction_4D,8.2,0.099718875,0.040880259,-4.8426128e-07,-9.8670359e-15,5.3984246e-05,0.0028690316,4.0107173e-09
contraction_4D,8.2,0.099708008,0.042894938,-5.3966768e-07,-1.0405985e-14,6.0135939e-05,0.0030672211,4.5427706e-09
contraction_4D,8.2,0.099696605,0.045009041,-5.978084e-07,-1.0971532e-14,6.659122e-05,0.0032751912,5.1010808e-09
contraction_4D,8.2,0.099684638,0.047227477,-6.5881839e-07,-1.1564988e-14,7.3365071e-05,0.0034934247,5.6869439e-09
contraction_4D,8.2,0.099672081,0.049555393,-7.2283924e-07,-1.2187732e-14,8.0473214e-05,0.0037224282,6.3017195e-09
contraction_4D,8.2,0.099658905,0.051998192,-7.9001954e-07,-1.2841209e-14,8.7932146e-05,0.003962733,6.9468345e-09
contraction_4D,8.2,0.099645078,0.054561544,-8.6051521e-07,-1.3526935e-14,9.5759179e-05,0.004214897,7.6237861e-09
contraction_4D,8.2,0.099630569,0.057251399,-9.3448986e-07,-1.4246501e-14,0.00010397248,0.0044795053,8.3341455e-09
contraction_4D,8.2,0.099615343,0.060073999,-1.0121152e-06,-1.5001578e-14,0.00011259111,0.0047571721,9.0795614e-09
contraction_4D,8.2,0.099599367,0.063035895,-1.0935713e-06,-1.5793919e-14,0.00012163507,0.0050485419,9.8617637e-09
contraction_4D,8.2,0.099582602,0.066143961,-1.1790474e-06,-1.6625362e-14,0.00013112535,0.0053542909,1.0682568e-08
contraction_4D,8.2,0.099565009,0.069405412,-1.2687417e-06,-1.7497837e-14,0.00014108398,0.0056751287,1.1543879e-08
contraction_4D,8.2,0.099546548,0.072827816,-1.3628625e-06,-1.8413369e-14,0.00015153408,0.0060117999,1.2447697e-08
contraction_4D,8.2,0.099527177,0.076419117,-1.4616281e-06,-1.9374083e-14,0.00016249988,0.006365086,1.3396118e-08
contraction_4D,8.2,0.099506849,0.080159469,-1.5643273e-06,-2.0839947e-14,0.0001739288,0.0067333102,1.43846e-08
contraction_4D,8.2,0.099485518,0.084134944,-1.7642404e-06,-2.0322203e-14,0.00020261944,0.0072961164,2.031078e-08
contraction_4D,8.2,0.099463135,0.088263441,-2.008544e-06,-2.1368928e-14,0.00023871681,0.0079448887,2.8324586e-08
contraction_4D,8.2,0.099439646,0.09259568,-2.2649042e-06,-2.2467309e-14,0.00027659561,0.0086256781,3.6733875e-08
contraction_4D,8.2,0.099414999,0.097141717,-2.5339157e-06,-2.3619895e-14,0.00031634373,0.0093400647,4.5558166e-08
contraction_4D,8.2,0.099389135,0.1019121,-2.8162031e-06,-2.4829362e-14,0.00035805344,0.010089707,5.4817938e-08
contraction_4D,8.2,0.099361995,0.10691791,-3.1124215e-06,-2.6098516e-14,0.00040182153,0.010876343,6.4534683e-08
contraction_4D,8.2,0.099333516,0.11217075,-3.4232584e-06,-2.7430304e-14,0.0004477496,0.011701801,7.4730952e-08
contraction_4D,8.2,0.099303631,0.11768282,-3.7494351e-06,-2.8827816e-14,0.00049594423,0.012567995,8.5430411e-08
contraction_4D,8.2,0.099272271,0.12346692,-4.0917088e-06,-3.0294295e-14,0.00054651728,0.013476937,9.6657891e-08
contraction_4D,8.2,0.099239364,0.12953646,-4.4508738e-06,-3.1833146e-14,0.00059958612,0.014430734,1.0843945e-07
contraction_4D,8.2,0.099204832,0.13590554,-4.8277637e-06,-3.3447939e-14,0.00065527393,0.015431602,1.2080244e-07
contraction_4D,8.2,0.099168597,0.14248329,-5.3269489e-06,-3.4007339e-14,0.00074050241,0.016795443,1.6157431e-07
contraction_4D,8.2,0.099130573,0.14925654,-5.9659905e-06,-3.5626406e-14,0.00085811246,0.01855315,2.3377398e-07
contraction_4D,8.2,0.099090673,0.15636405,-6.6365691e-06,-3.7325375e-14,0.00098152661,0.0203976,3.0953671e-07
contraction_4D,8.2,0.099048804,0.16382232,-7.3402409e-06,-3.9108188e-14,0.0011110313,0.022333074,3.8903837e-07
contraction_4D,8.2,0.099004868,0.17164866,-8.0786391e-06,-4.0978984e-14,0.0012469271,0.024364065,4.7246346e-07
contraction_4D,8.2,0.098958764,0.17986123,-8.8534776e-06,-4.2942104e-14,0.0013895293,0.026495285,5.600056e-07
contraction_4D,8.2,0.098910385,0.18847909,-9.6665545e-06,-4.5002105e-14,0.0015391691,0.028731682,6.5186798e-07
contraction_4D,8.2,0.098859619,0.19750206,-1.0517519e-05,-4.8120632e-14,0.001695873,0.031073747,7.480819e-07
contraction_4D,8.2,0.098806347,0.20603616,-1.155049e-05,-4.8326919e-14,0.0019078576,0.033999369,1.0607657e-06
contraction_4D,8.2,0.098750446,0.21477037,-1.266255e-05,-5.0660067e-14,0.0021388114,0.037148208,1.4296479e-06
contraction_4D,8.2,0.098691786,0.22393561,-1.382949e-05,-5.3108357e-14,0.0023811628,0.040452443,1.8167345e-06
contraction_4D,8.2,0.098630232,0.23355316,-1.5054019e-05,-5.5677471e-14,0.0026354743,0.043919743,2.222924e-06
contraction_4D,8.2,0.09856564,0.24364534,-1.6338978e-05,-5.8373371e-14,0.0029023362,0.047558156,2.649159e-06
contraction_4D,8.2,0.09849786,0.25419311,-1.7681089e-05,-6.4000335e-14,0.0031813143,0.051362012,3.0948683e-06
contraction_4D,8.2,0.098426735,0.26297129,-1.9050352e-05,-6.2337804e-14,0.0034408715,0.054220826,3.9575446e-06
contraction_4D,8.2,0.0983521,0.27198489,-2.0481661e-05,-6.4461084e-14,0.0037096333,0.057129518,4.8845668e-06
contraction_4D,8.2,0.098273782,0.28144331,-2.1983605e-05,-6.6689148e-14,0.0039916586,0.060181755,5.8573378e-06
contraction_4D,8.2,0.098191599,0.29136851,-2.3559671e-05,-6.9027168e-14,0.0042876019,0.06338462,6.8781153e-06
contraction_4D,8.2,0.09810536,0.30150455,-2.518229e-05,-7.364867e-14,0.0045888809,0.066510176,7.9922129e-06
contraction_4D,8.2,0.098014865,0.30937572,-2.6623936e-05,-7.2831029e-14,0.0048111353,0.067285631,9.6620175e-06
contraction_4D,8.2,0.097919904,0.31761496,-2.8134712e-05,-7.507005e-14,0.0050437665,0.068098074,1.1409358e-05
contraction_4D,8.2,0.097820257,0.32626082,-2.9720046e-05,-7.7419567e-14,0.005287878,0.068950611,1.3242931e-05
contraction_4D,8.2,0.097715692,0.33531626,-3.1380159e-05,-8.2347179e-14,0.0055435673,0.069842959,1.5163804e-05
contraction_4D,8.2,0.097605967,0.34220976,-3.2749108e-05,-8.1041595e-14,0.0057248011,0.068853806,1.7945992e-05
contraction_4D,8.2,0.097490827,0.34919334,-3.4153306e-05,-8.2802335e-14,0.0059066833,0.067647196,2.0925841e-05
contraction_4D,8.2,0.097370005,0.35652156,-3.5626801e-05,-8.4649967e-14,0.0060975414,0.066381039,2.4052748e-05
contraction_4D,8.2,0.09724322,0.36363423,-3.7062722e-05,-8.6022317e-14,0.0062816037,0.06487104,2.7588125e-05
contraction_4D,8.2,0.097110179,0.36927158,-3.8235849e-05,-8.7450127e-14,0.0064231821,0.062723261,3.2087565e-05
contraction_4D,8.2,0.096970571,0.37518714,-3.9466871e-05,-8.8948399e-14,0.0065717474,0.060469488,3.6809054e-05
contraction_4D,8.2,0.096824074,0.38138572,-4.0756841e-05,-9.3194302e-14,0.0067274324,0.058107412,4.1757331e-05
contraction_4D,8.2,0.096670348,0.3861762,-4.1725366e-05,-9.1293413e-14,0.0068505751,0.055786768,4.791028e-05
contraction_4D,8.2,0.096509035,0.39106594,-4.2714524e-05,-9.2378132e-14,0.0069765037,0.05336884,5.4425721e-05
contraction_4D,8.2,0.096339761,0.39619599,-4.3752328e-05,-9.392219e-14,0.0071086233,0.05083203,6.1261535e-05
contraction_4D,8.2,0.096162133,0.40032701,-4.4521554e-05,-9.4205709e-14,0.0072220671,0.048654743,6.9151264e-05
contraction_4D,8.2,0.095975739,0.40452275,-4.5296188e-05,-9.5122434e-14,0.0073382364,0.046425394,7.7502649e-05
contraction_4D,8.2,0.095780147,0.40882544,-4.6079536e-05,-9.628509e-14,0.00745838,0.044141144,8.632002e-05
contraction_4D,8.2,0.095574902,0.41239325,-4.6640844e-05,-9.6639107e-14,0.0075673091,0.042274381,9.6055099e-05
contraction_4D,8.2,0.095359528,0.41613656,-4.7229921e-05,-9.7423807e-14,0.0076815949,0.040315808,0.00010626892
contraction_4D,8.2,0.095133526,0.41968596,-4.7734681e-05,-9.8015675e-14,0.0077952005,0.038502531,0.0001171505
contraction_4D,8.2,0.09489637,0.42297899,-4.8138633e-05,-9.8665826e-14,0.0079070877,0.036876743,0.00012874519
contraction_4D,8.2,0.09464751,0.42642523,-4.8562771e-05,-1.0691327e-13,0.0080242077,0.035175091,0.00014088177
contraction_4D,8.2,0.09438637,0.42941298,-4.8805873e-05,-9.9786399e-14,0.0081372206,0.033813117,0.00015389071
contraction_4D,8.2,0.094112341,0.43253853,-4.9062604e-05,-1.0035975e-13,0.0082554521,0.032388848,0.00016750459
contraction_4D,8.2,0.09382479,0.43547242,-4.92205e-05,-1.007804e-13,0.0083739927,0.031124978,0.00018186768
contraction_4D,8.2,0.093523047,0.43836308,-4.9327165e-05,-1.0126359e-13,0.0084952942,0.029924552,0.00019697343
contraction_4D,8.2,0.093206414,0.44121187,-4.9378016e-05,-1.0164771e-13,0.008619634,0.02878498,0.00021284415
contraction_4D,8.2,0.092874155,0.44393355,-4.9344651e-05,-1.0205117e-13,0.0087456989,0.027763869,0.000229513
contraction_4D,8.2,0.092525498,0.44668699,-4.9275083e-05,-1.0238639e-13,0.0088763434,0.026756742,0.00024699993
contraction_4D,8.2,0.092159635,0.44928735,-4.9106783e-05,-1.0270888e-13,0.0090085993,0.02588183,0.00026531558
contraction_4D,8.2,0.091775717,0.45194862,-4.890732e-05,-1.0299912e-13,0.0091463037,0.025004346,0.0002845179
contraction_4D,8.2,0.091372852,0.4544636,-4.8605677e-05,-1.0337805e-13,0.0092860779,0.024251228,0.00030456726
contraction_4D,8.2,0.090950106,0.45704173,-4.826866e-05,-1.0372624e-13,0.0094317716,0.023496134,0.00032557078
contraction_4D,8.2,0.090506497,0.45949963,-4.7832738e-05,-1.0421226e-13,0.0095803961,0.02284689,0.00034743741
contraction_4D,8.2,0.090040996,0.46200622,-4.7351382e-05,-1.0462226e-13,0.0097351871,0.022205817,0.00037030715
contraction_4D,8.2,0.089552522,0.46443026,-4.6778409e-05,-1.0500878e-13,0.0098940743,0.021647391,0.00039406619
contraction_4D,8.2,0.089039942,0.46687798,-4.6146481e-05,-1.0532596e-13,0.010059289,0.021112503,0.00041883786
contraction_4D,8.2,0.088502066,0.46928804,-4.5432375e-05,-1.05643e-13,0.010229995,0.020635584,0.00044455156
contraction_4D,8.2,0.087937645,0.47169012,-4.4644226e-05,-1.0588797e-13,0.010407239,0.0202004,0.00047122291
contraction_4D,8.2,0.08734537,0.47410384,-4.3784027e-05,-1.0614294e-13,0.010591523,0.019798667,0.00049893676
contraction_4D,8.2,0.086723867,0.47647392,-4.2834879e-05,-1.0632599e-13,0.010782767,0.0194585,0.00052745943
contraction_4D,8.2,0.086071691,0.47890254,-4.1826712e-05,-1.1434232e-13,0.01098233,0.019129136,0.00055714493
contraction_4D,8.2,0.085387331,0.48125987,-4.0709608e-05,-1.0666683e-13,0.011190335,0.018880399,0.00058747065
contraction_4D,8.2,0.084669197,0.48367654,-3.9529795e-05,-1.0677185e-13,0.011407938,0.018645593,0.00061891947
contraction_4D,8.2,0.083915623,0.48607853,-3.8261634e-05,-1.0675883e-13,0.011635349,0.018464313,0.00065109681
contraction_4D,8.2,0.083124861,0.48849552,-3.6914129e-05,-1.0673218e-13,0.011874043,0.01832503,0.00068405775
contraction_4D,8.2,0.082295073,0.49096112,-3.5487865e-05,-1.0701716e-13,0.012124403,0.018213348,0.00071808667
contraction_4D,8.2,0.081424336,0.493396,-3.3976861e-05,-1.0650096e-13,0.012388545,0.018173345,0.00075230267
contraction_4D,8.2,0.080510627,0.49589521,-3.2390645e-05,-1.0629817e-13,0.012666754,0.018160682,0.00078754958
contraction_4D,8.2,0.079551826,0.49841266,-3.0725698e-05,-1.0604002e-13,0.012960783,0.018202939,0.00082325454
contraction_4D,8.2,0.078545708,0.50095656,-2.8992892e-05,-1.0554217e-13,0.013273155,0.018303641,0.00085927401
contraction_4D,8.2,0.077489938,0.50356886,-2.7185131e-05,-1.0494317e-13,0.01360348,0.018443121,0.00089617835
contraction_4D,8.2,0.076382066,0.50619463,-2.5324618e-05,-1.04586e-13,0.013957183,0.018663232,0.00093283779
contraction_4D,8.2,0.075219519,0.50884121,-2.3438801e-05,-1.0404213e-13,0.014328041,0.018936636,0.00096929545
contraction_4D,8.2,0.073999601,0.51163253,-2.144503e-05,-1.0324214e-13,0.014736647,0.01928984,0.0010070343
contraction_4D,8.2,0.072719479,0.51445963,-1.9450265e-05,-1.0244603e-13,0.015164774,0.019706643,0.0010442629
contraction_4D,8.2,0.071376182,0.51736829,-1.7438714e-05,-1.015695e-13,0.015620874,0.020200936,0.0010813073
contraction_4D,8.2,0.069966594,0.52036807,-1.542913e-05,-1.0068439e-13,0.016108353,0.020781368,0.0011181024
contraction_4D,8.2,0.068487442,0.52346965,-1.3438521e-05,-9.9735535e-14,0.01663054,0.021455907,0.0011546477
contraction_4D,8.2,0.066935293,0.52668161,-1.1494289e-05,-9.8710032e-14,0.017191971,0.022238311,0.0011908343
contraction_4D,8.2,0.065306545,0.53001387,-9.6283858e-06,-9.75986e-14,0.017797953,0.023144591,0.0012265899
contraction_4D,8.2,0.063597418,0.53347739,-7.8772886e-06,-9.639751e-14,0.01845465,0.024193605,0.0012618785
contraction_4D,8.2,0.061803945,0.53708388,-6.2820182e-06,-9.5096499e-14,0.019169221,0.025407722,0.0012967009
contraction_4D,8.2,0.059921964,0.54084556,-4.8881823e-06,-9.369054e-14,0.019949968,0.026813558,0.0013310953
contraction_4D,8.2,0.057947106,0.54477512,-3.7460344e-06,-9.2176016e-14,0.020806528,0.028442849,0.0013651379
contraction_4D,8.2,0.055874788,0.54888501,-2.937532e-06,-9.0598841e-14,0.021753635,0.030347577,0.0013988296
contraction_4D,8.2,0.053700201,0.55318939,-2.5126187e-06,-9.1746885e-14,0.022803487,0.032569656,0.0014324232
contraction_4D,8.2,0.051418297,0.55770163,-2.5822693e-06,-8.7049271e-14,0.023978479,0.035192336,0.001466033
contraction_4D,8.2,0.04902378,0.56200671,-3.2114955e-06,-8.5556625e-14,0.025052417,0.037591724,0.0014983083
contraction_4D,8.2,0.046511093,0.56403441,-4.1562763e-06,-8.6297768e-14,0.024882305,0.036549385,0.0015203035
contraction_4D,8.2,0.043874404,0.5652707,-5.1083812e-06,-8.7790432e-14,0.024344822,0.034580118,0.0015383173
contraction_4D,8.2,0.041107594,0.56619413,-5.9650582e-06,-8.9282563e-14,0.023709524,0.032441904,0.0015553497
contraction_4D,8.2,0.038204241,0.56694528,-6.6694374e-06,-9.0912081e-14,0.023055499,0.030345781,0.0015724193
contraction_4D,8.2,0.035157607,0.56758365,-7.1812352e-06,-9.2672886e-14,0.022416763,0.028373363,0.0015899106
contraction_4D,8.2,0.03196062,0.56813638,-7.4641293e-06,-9.4429527e-14,0.021812655,0.026566261,0.0016078838
contraction_4D,8.2,0.02860586,0.5686196,-7.4917973e-06,-9.6085062e-14,0.021254299,0.024941507,0.0016261846
contraction_4D,8.2,0.025085542,0.56904196,-7.2447562e-06,-9.758778e-14,0.020748882,0.023506144,0.0016444858
contraction_4D,8.2,0.021391496,0.56940723,-6.7100825e-06,-9.8764452e-14,0.020302531,0.02226544,0.0016622878
contraction_4D,8.2,0.017515147,0.56971537,-5.8791455e-06,-9.9507649e-14,0.019922103,0.021227761,0.0016788921
contraction_4D,8.2,0.013447498,0.5699658,-4.7597035e-06,-9.9775661e-14,0.019613278,0.020398529,0.0016934602
contraction_4D,8.2,0.0091791104,0.57015783,-3.3777259e-06,-9.9589357e-14,0.019381087,0.019782622,0.001705103
contraction_4D,8.2,0.0047000761,0.57029124,-1.8108646e-06,-1.0341301e-13,0.019230773,0.019387387,0.0017129845
contraction_4D,8.2,9.9939083e-08,0.57033662,-3.4389355e-11,-1.0980102e-16,0.019192227,0.019286583,0.0017150524
contraction_3D,8.4,0.099938083,0.0070884054,-2.6591067e-08,-4.6388363e-17,2.5106069e-06,0.00036287109,5.2211839e-11
contraction_3D,8.4,0.099938034,0.0070973532,-2.6624768e-08,-4.8614197e-17,2.5137684e-06,0.00036332802,5.2277602e-11
contraction_3D,8.4,0.099937982,0.0071067427,-2.6660132e-08,-5.0949873e-17,2.517086e-06,0.00036380749,5.2346611e-11
contraction_3D,8.4,0.099937928,0.0071165955,-2.6697242e-08,-5.3400817e-17,2.5205672e-06,0.00036431063,5.2419025e-11
contraction_3D,8.4,0.099937871,0.0071269346,-2.6736182e-08,-5.5972718e-17,2.5242203e-06,0.0003648386,5.2495013e-11
contraction_3D,8.4,0.099937811,0.0071377839,-2.6777045e-08,-5.8671544e-17,2.5280537e-06,0.00036539262,5.2574752e-11
contraction_3D,8.4,0.099937748,0.0071491686,-2.6819924e-08,-6.1503553e-17,2.5320762e-06,0.00036597398,5.2658425e-11
contraction_3D,8.4,0.099937683,0.0071611151,-2.6864919e-08,-6.4475326e-17,2.5362973e-06,0.00036658404,5.2746228e-11
contraction_3D,8.4,0.099937613,0.0071736512,-2.6912134e-08,-6.7593754e-17,2.5407266e-06,0.0003672242,5.2838363e-11
contraction_3D,8.4,0.099937541,0.007186806,-2.696168e-08,-7.0866081e-17,2.5453746e-06,0.00036789595,5.2935046e-11
contraction_3D,8.4,0.099937465,0.00720061,-2.7013671e-08,-7.4299896e-17,2.5502519e-06,0.00036860085,5.30365e-11
contraction_3D,8.4,0.099937385,0.0072150952,-2.7068227e-08,-7.7903171e-17,2.5553699e-06,0.00036934054,5.314296e-11
contraction_3D,8.4,0.099937301,0.0072302952,-2.7125476e-08,-8.1684273e-17,2.5607405e-06,0.00037011674,5.3254675e-11
contraction_3D,8.4,0.099937213,0.0072462454,-2.7185551e-08,-8.565197e-17,2.5663761e-06,0.00037093124,5.3371903e-11
contraction_3D,8.4,0.099937121,0.0072629827,-2.7248589e-08,-8.9815473e-17,2.5722899e-06,0.00037178593,5.3494916e-11
contraction_3D,8.4,0.099937024,0.007280546,-2.7314739e-08,-9.4184449e-17,2.5784955e-06,0.00037268281,5.3623999e-11
contraction_3D,8.4,0.099936923,0.0072989761,-2.7384154e-08,-9.876903e-17,2.5850073e-06,0.00037362394,5.3759453e-11
contraction_3D,8.4,0.099936816,0.0073183157,-2.7456994e-08,-1.0357987e-16,2.5918405e-06,0.00037461153,5.3901592e-11
contraction_3D,8.4,0.099936704,0.0073386097,-2.7533428e-08,-1.0862812e-16,2.599011e-06,0.00037564785,5.4050745e-11
contraction_3D,8.4,0.099936587,0.0073599053,-2.7613635e-08,-1.1392551e-16,2.6065353e-06,0.00037673531,5.4207259e-11
contraction_3D,8.4,0.099936464,0.0073822517,-2.76978e-08,-1.1948432e-16,2.6144309e-06,0.00037787644,5.4371497e-11
contraction_3D,8.4,0.099936334,0.007405701,-2.7786119e-08,-1.2531746e-16,2.6227162e-06,0.00037907388,5.4543841e-11
contraction_3D,8.4,0.099936199,0.0074303075,-2.7878796e-08,-1.3143847e-16,2.6314103e-06,0.00038033042,5.4724689e-11
contraction_3D,8.4,0.099936056,0.0074561284,-2.7976047e-08,-1.3786155e-16,2.6405336e-06,0.00038164897,5.4914462e-11
contraction_3D,8.4,0.099935907,0.0074832235,-2.8078097e-08,-1.4460162e-16,2.650107e-06,0.00038303259,5.5113601e-11
contraction_3D,8.4,0.09993575,0.0075116557,-2.8185183e-08,-1.516743e-16,2.6601529e-06,0.00038448449,5.5322567e-11
contraction_3D,8.4,0.099935586,0.0075414912,-2.8297554e-08,-1.5909603e-16,2.6706946e-06,0.00038600804,5.5541846e-11
contraction_3D,8.4,0.099935413,0.007572799,-2.8415471e-08,-1.6688402e-16,2.6817565e-06,0.00038760678,5.5771947e-11
contraction_3D,8.4,0.099935232,0.0076056518,-2.8539207e-08,-1.7505636e-16,2.6933643e-06,0.00038928442,5.6013402e-11
contraction_3D,8.4,0.099935042,0.007640126,-2.8669049e-08,-1.83632e-16,2.705545e-06,0.00039104485,5.6266774e-11
contraction_3D,8.4,0.099934843,0.0076763014,-2.8805299e-08,-1.9263085e-16,2.7183268e-06,0.00039289216,5.653265e-11
contraction_3D,8.4,0.099934634,0.0077142621,-2.8948273e-08,-2.020738e-16,2.7317393e-06,0.00039483064,5.6811647e-11
contraction_3D,8.4,0.099934414,0.0077540962,-2.9098303e-08,-2.1198276e-16,2.7458138e-06,0.00039686478,5.7104412e-11
contraction_3D,8.4,0.099934184,0.0077958962,-2.9255736e-08,-2.2238072e-16,2.7605829e-06,0.0003989993,5.7411626e-11
contraction_3D,8.4,0.099933942,0.0078397589,-2.942094e-08,-2.3329184e-16,2.7760808e-06,0.00040123916,5.7734001e-11
contraction_3D,8.4,0.099933688,0.0078857863,-2.9594296e-08,-2.4474142e-16,2.7923436e-06,0.00040358957,5.8072284e-11
contraction_3D,8.4,0.099933422,0.0079340852,-2.9776207e-08,-2.5675604e-16,2.8094089e-06,0.00040605596,5.8427263e-11
contraction_3D,8.4,0.099933143,0.0079847677,-2.9967096e-08,-2.6936359e-16,2.8273164e-06,0.00040864407,5.8799759e-11
contraction_3D,8.4,0.099932849,0.0080379513,-3.0167405e-08,-2.8259332e-16,2.8461076e-06,0.00041135991,5.9190639e-11
contraction_3D,8.4,0.099932542,0.0080937596,-3.0377599e-08,-2.9647594e-16,2.8658262e-06,0.00041420977,5.9600808e-11
contraction_3D,8.4,0.099932219,0.008152322,-3.0598166e-08,-3.1104368e-16,2.8865179e-06,0.00041720028,6.003122e-11
contraction_3D,8.4,0.09993188,0.0082137745,-3.0829619e-08,-3.2633034e-16,2.9082308e-06,0.00042033837,6.0482872e-11
contraction_3D,8.4,0.099931525,0.0082782597,-3.1072494e-08,-3.423714e-16,2.9310152e-06,0.00042363132,6.0956814e-11
contraction_3D,8.4,0.099931152,0.0083459273,-3.1327355e-08,-3.5920409e-16,2.954924e-06,0.00042708679,6.1454144e-11
contraction_3D,8.4,0.099930761,0.0084169342,-3.1594793e-08,-3.7686748e-16,2.9800127e-06,0.00043071278,6.1976019e-11
contraction_3D,8.4,0.09993035,0.0084914455,-3.1875429e-08,-3.9540257e-16,3.0063396e-06,0.00043451771,6.2523648e-11
contraction_3D,8.4,0.099929919,0.0085696338,-3.2169915e-08,-4.1485236e-16,3.0339657e-06,0.00043851042,6.3098302e-11
contraction_3D,8.4,0.099929467,0.0086516808,-3.2478934e-08,-4.3526201e-16,3.0629551e-06,0.00044270017,6.3701316e-11
contraction_3D,8.4,0.099928992,0.0087377768,-3.2803203e-08,-4.5667889e-16,3.0933752e-06,0.00044709669,6.4334089e-11
contraction_3D,8.4,0.099928494,0.0088281217,-3.3143475e-08,-4.7915269e-16,3.1252966e-06,0.00045171017,6.4998089e-11
contraction_3D,8.4,0.099927972,0.0089229251,-3.3500539e-08,-5.0273559e-16,3.1587932e-06,0.00045655134,6.5694858e-11
contraction_3D,8.4,0.099927423,0.0090224071,-3.3875225e-08,-5.274823e-16,3.193943e-06,0.00046163141,6.6426013e-11
contraction_3D,8.4,0.099926848,0.0091267986,-3.4268402e-08,-5.5345028e-16,3.2308274e-06,0.00046696219,6.7193251e-11
contraction_3D,8.4,0.099926244,0.0092363419,-3.4680981e-08,-5.8069978e-16,3.269532e-06,0.00047255604,6.7998352e-11
contraction_3D,8.4,0.09992561,0.0093512911,-3.5113922e-08,-6.0929405e-16,3.3101467e-06,0.00047842596,6.8843185e-11
contraction_3D,8.4,0.099924946,0.0094719131,-3.5568229e-08,-6.3929947e-16,3.3527658e-06,0.00048458555,6.9729711e-11
contraction_3D,8.4,0.099924248,0.0095984878,-3.6044956e-08,-6.7078566e-16,3.3974882e-06,0.00049104913,7.0659987e-11
contraction_3D,8.4,0.099923516,0.0097313091,-3.6545209e-08,-7.038257e-16,3.4444176e-06,0.00049783168,7.1636172e-11
contraction_3D,8.4,0.099922748,0.0098706851,-3.707015e-08,-7.3849628e-16,3.4936629e-06,0.00050494895,7.2660533e-11
contraction_3D,8.4,0.099921941,0.010016939,-3.7620997e-08,-7.7487787e-16,3.5453386e-06,0.00051241747,7.3735446e-11
contraction_3D,8.4,0.099921095,0.010170411,-3.8199029e-08,-8.1305489e-16,3.5995645e-06,0.00052025455,7.4863406e-11
contraction_3D,8.4,0.099920208,0.010331457,-3.8805586e-08,-8.5311597e-16,3.6564664e-06,0.00052847841,7.6047032e-11
contraction_3D,8.4,0.099919276,0.010500451,-3.9442078e-08,-8.9515407e-16,3.7161765e-06,0.00053710811,7.728907e-11
contraction_3D,8.4,0.099918299,0.010677784,-4.010998e-08,-9.3926677e-16,3.7788333e-06,0.00054616368,7.8592403e-11
contraction_3D,8.4,0.099917273,0.010863869,-4.0810844e-08,-9.8555645e-16,3.8445822e-06,0.00055566616,7.9960056e-11
contraction_3D,8.4,0.099916197,0.011059137,-4.1546296e-08,-1.0341305e-15,3.9135758e-06,0.00056563758,8.1395203e-11
contraction_3D,8.4,0.099915067,0.011264042,-4.2318042e-08,-1.0851018e-15,3.9859743e-06,0.0005761011,8.2901175e-11
contraction_3D,8.4,0.099913882,0.011479059,-4.3127874e-08,-1.1385884e-15,4.0619457e-06,0.000587081,8.4481467e-11
contraction_3D,8.4,0.099912639,0.011704687,-4.3977672e-08,-1.1947147e-15,4.1416663e-06,0.00059860275,8.6139747e-11
contraction_3D,8.4,0.099911334,0.01194145,-4.4869408e-08,-1.2536108e-15,4.2253212e-06,0.00061069311,8.7879864e-11
contraction_3D,8.4,0.099909964,0.012189897,-4.580515e-08,-1.3154135e-15,4.3131044e-06,0.00062338014,8.9705856e-11
contraction_3D,8.4,0.099908527,0.012450605,-4.6787073e-08,-1.3802661e-15,4.4052198e-06,0.00063669327,9.1621961e-11
contraction_3D,8.4,0.099907019,0.01272418,-4.7817453e-08,-1.4483192e-15,4.5018811e-06,0.00065066341,9.3632627e-11
contraction_3D,8.4,0.099905437,0.013011255,-4.8898683e-08,-1.5197308e-15,4.6033126e-06,0.00066532298,9.574252e-11
contraction_3D,8.4,0.099903776,0.013312497,-5.0033272e-08,-1.5946666e-15,4.7097499e-06,0.000680706,9.7956536e-11
contraction_3D,8.4,0.099902034,0.013628606,-5.1223854e-08,-1.6733005e-15,4.8214398e-06,0.00069684818,1.0027982e-10
contraction_3D,8.4,0.099900206,0.013960315,-5.2473191e-08,-1.7558149e-15,4.9386417e-06,0.00071378699,1.0271775e-10
contraction_3D,8.4,0.099898287,0.014308394,-5.3784183e-08,-1.8424015e-15,5.0616276e-06,0.00073156173,1.05276e-10
contraction_3D,8.4,0.099896274,0.01467365,-5.5159873e-08,-1.9332612e-15,5.1906828e-06,0.00075021365,1.0796049e-10
contraction_3D,8.4,0.099894161,0.015056932,-5.6603454e-08,-2.0286048e-15,5.3261069e-06,0.00076978606,1.1077747e-10
contraction_3D,8.4,0.099891944,0.01545913,-5.8118276e-08,-2.1286537e-15,5.4682143e-06,0.00079032437,1.1373347e-10
contraction_3D,8.4,0.099889618,0.015881176,-5.9707855e-08,-2.23364e-15,5.6173347e-06,0.00081187626,1.1683534e-10
contraction_3D,8.4,0.099887177,0.01632405,-6.137588e-08,-2.3438074e-15,5.7738143e-06,0.00083449174,1.200903e-10
contraction_3D,8.4,0.099884615,0.016788779,-6.3126223e-08,-2.4594116e-15,5.9380162e-06,0.00085822329,1.2350588e-10
contraction_3D,8.4,0.099881927,0.017276444,-6.4962945e-08,-2.5807209e-15,6.1103215e-06,0.00088312601,1.2709003e-10
contraction_3D,8.4,0.099879107,0.017788175,-6.6890311e-08,-2.7080169e-15,6.2911301e-06,0.00090925769,1.3085106e-10
contraction_3D,8.4,0.099876147,0.01832516,-6.8912793e-08,-2.841595e-15,6.4808617e-06,0.00093667897,1.3479769e-10
contraction_3D,8.4,0.099873041,0.018888645,-7.1035085e-08,-2.9817652e-15,6.6799566e-06,0.0009654535,1.389391e-10
contraction_3D,8.4,0.099869782,0.019479939,-7.3262112e-08,-3.1288528e-15,6.8888769e-06,0.00099564806,1.4328488e-10
contraction_3D,8.4,0.099866362,0.019929266,-7.4952829e-08,-3.2851461e-15,7.0477664e-06,0.001018613,1.465898e-10
contraction_3D,8.4,0.099862773,0.020236418,-7.6106431e-08,-3.451022e-15,7.1565526e-06,0.0010343378,1.4885236e-10
contraction_3D,8.4,0.099859007,0.020558728,-7.7316964e-08,-3.6250839e-15,7.2707074e-06,0.0010508386,1.5122657e-10
contraction_3D,8.4,0.099855055,0.020896944,-7.8587237e-08,-3.8077359e-15,7.3904958e-06,0.0010681538,1.5371795e-10
contraction_3D,8.4,0.099850908,0.021251852,-7.9920199e-08,-3.9994017e-15,7.5161958e-06,0.0010863234,1.5633228e-10
contraction_3D,8.4,0.099846557,0.021624274,-8.1318943e-08,-4.2005264e-15,7.6480991e-06,0.0011053898,1.5907562e-10
contraction_3D,8.4,0.099841991,0.022015075,-8.2786715e-08,-4.4115766e-15,7.7865119e-06,0.001125397,1.6195436e-10
contraction_3D,8.4,0.099837199,0.022425162,-8.4326922e-08,-4.6330422e-15,7.9317555e-06,0.0011463917,1.6497515e-10
contraction_3D,8.4,0.099832171,0.022855487,-8.5943139e-08,-4.8654372e-15,8.0841668e-06,0.0011684224,1.6814503e-10
contraction_3D,8.4,0.099826895,0.023307049,-8.7639117e-08,-5.109301e-15,8.2440997e-06,0.0011915404,1.7147134e-10
contraction_3D,8.4,0.099821359,0.023780896,-8.9418792e-08,-5.3651996e-15,8.4119253e-06,0.0012157992,1.7496181e-10
contraction_3D,8.4,0.099815549,0.024278127,-9.1286295e-08,-5.6337268e-15,8.5880332e-06,0.0012412552,1.7862453e-10
contraction_3D,8.4,0.099809453,0.024799897,-9.3245959e-08,-5.9155059e-15,8.7728321e-06,0.0012679675,1.8246801e-10
contraction_3D,8.4,0.099803055,0.025347416,-9.5302333e-08,-6.2111909e-15,8.9667508e-06,0.001295998,1.8650116e-10
contraction_3D,8.4,0.099796342,0.025921956,-9.746019e-08,-6.5214681e-15,9.1702395e-06,0.0013254118,1.9073335e-10
contraction_3D,8.4,0.099789298,0.027226069,-1.371069e-07,-6.2110774e-15,1.2867318e-05,0.0014444767,5.1015524e-10
contraction_3D,8.4,0.099781906,0.028611912,-1.7963621e-07,-5.8696145e-15,1.6833142e-05,0.0015716022,8.5314331e-10
contraction_3D,8.4,0.099774149,0.030066147,-2.2426436e-07,-5.5113003e-15,2.0994681e-05,0.0017050015,1.213058e-09
contraction_3D,8.4,0.09976601,0.031592148,-2.7109492e-07,-5.1353031e-15,2.5361593e-05,0.001844984,1.5907345e-09
contraction_3D,8.4,0.099757469,0.033193458,-3.2023658e-07,-4.7407504e-15,2.9944014e-05,0.0019918747,1.9870496e-09
contraction_3D,8.4,0.099748506,0.034873793,-3.718034e-07,-4.3267264e-15,3.4752578e-05,0.0021460145,2.4029229e-09
contraction_3D,8.4,0.099739101,0.036637054,-4.2591506e-07,-3.8922701e-15,3.9798447e-05,0.0023077612,2.8393196e-09
contraction_3D,8.4,0.099729232,0.038487332,-4.8269715e-07,-3.4363733e-15,4.5093331e-05,0.0024774902,3.2972527e-09
contraction_3D,8.4,0.099718875,0.040397309,-5.4143537e-07,-3.4398923e-15,5.0552481e-05,0.0026524673,3.7693965e-09
contraction_3D,8.4,0.099708008,0.042369502,-6.0221475e-07,-3.9320464e-15,5.6182684e-05,0.0028329092,4.2563382e-09
contraction_3D,8.4,0.099696605,0.044439023,-6.6599362e-07,-4.4484884e-15,6.209074e-05,0.003022256,4.7673106e-09
contraction_3D,8.4,0.099684638,0.046610676,-7.3292e-07,-4.9904169e-15,6.829036e-05,0.0032209471,5.3034997e-09
contraction_3D,8.4,0.099672081,0.048889501,-8.0314921e-07,-5.5590899e-15,7.4795934e-05,0.0034294437,5.86615e-09
contraction_3D,8.4,0.099658905,0.051280787,-8.7684426e-07,-6.155827e-15,8.162256e-05,0.0036482296,6.4565671e-09
contraction_3D,8.4,0.099645078,0.053790083,-9.5417618e-07,-6.7820133e-15,8.8786082e-05,0.0038778128,7.0761216e-09
contraction_3D,8.4,0.099630569,0.056423214,-1.0353245e-06,-7.4391021e-15,9.6303126e-05,0.0041187259,7.7262513e-09
contraction_3D,8.4,0.099615343,0.059186291,-1.1204774e-06,-8.1286184e-15,0.00010419114,0.0043715281,8.4084651e-09
contraction_3D,8.4,0.099599367,0.062085726,-1.2098327e-06,-8.8521626e-15,0.00011246843,0.0046368062,9.1243463e-09
contraction_3D,8.4,0.099582602,0.06512825,-1.3035978e-06,-9.6114139e-15,0.0001211542,0.0049151759,9.8755566e-09
contraction_3D,8.4,0.099565009,0.068253581,-1.3997206e-06,-1.1513039e-14,0.00013009157,0.0052016489,1.0648517e-08
contraction_3D,8.4,0.099546548,0.071504692,-1.499628e-06,-1.3975419e-14,0.00013939517,0.0054998784,1.1453148e-08
contraction_3D,8.4,0.099527177,0.074916245,-1.6044659e-06,-1.6559319e-14,0.00014915791,0.0058128256,1.2297488e-08
contraction_3D,8.4,0.099506849,0.07849616,-1.7144776e-06,-1.9270735e-14,0.00015940244,0.0061412169,1.3183496e-08
contraction_3D,8.4,0.099485518,0.082413751,-1.9356812e-06,-1.8024968e-14,0.00018588706,0.0066555199,1.8552988e-08
contraction_3D,8.4,0.099463135,0.086590612,-2.2111133e-06,-1.5042378e-14,0.0002201223,0.0072647016,2.6005638e-08
contraction_3D,8.4,0.099439646,0.090973602,-2.500138e-06,-1.1912595e-14,0.00025604706,0.0079039467,3.3826079e-08
contraction_3D,8.4,0.099414999,0.09551866,-2.8003621e-06,-1.0213103e-14,0.00029326792,0.0085661656,4.1926642e-08
contraction_3D,8.4,0.099389135,0.10019069,-3.1099036e-06,-1.127377e-14,0.00033146997,0.0092456797,5.0237065e-08
contraction_3D,8.4,0.099361995,0.10509329,-3.434721e-06,-1.2386782e-14,0.00037155731,0.009958728,5.895761e-08
contraction_3D,8.4,0.099333516,0.11023783,-3.7755682e-06,-1.3554722e-14,0.00041362297,0.010706965,6.8108517e-08
contraction_3D,8.4,0.099303631,0.11563625,-4.1332364e-06,-1.4780299e-14,0.00045776458,0.011492129,7.7711024e-08
contraction_3D,8.4,0.099272271,0.12130109,-4.5085556e-06,-1.6066359e-14,0.0005040846,0.01231604,8.7787418e-08
contraction_3D,8.4,0.099239364,0.1270932,-4.8915238e-06,-2.2256295e-14,0.00055154346,0.01316048,9.8117732e-08
contraction_3D,8.4,0.099204832,0.13314653,-5.2916337e-06,-2.9534327e-14,0.00060115897,0.014043338,1.089185e-07
contraction_3D,8.4,0.099168597,0.13959705,-5.8429383e-06,-2.9773675e-14,0.00067991099,0.015287126,1.4514941e-07
contraction_3D,8.4,0.099130573,0.1464758,-6.5681564e-06,-2.1768313e-14,0.00079233509,0.016946492,2.1095524e-07
contraction_3D,8.4,0.099090673,0.15361538,-7.3222265e-06,-1.6938139e-14,0.00090893384,0.018667209,2.7916483e-07
contraction_3D,8.4,0.099048804,0.16094902,-8.0995453e-06,-1.9055967e-14,0.0010285221,0.020431499,3.4904216e-07
contraction_3D,8.4,0.099004868,0.16864458,-8.9152251e-06,-2.127831e-14,0.0011540121,0.022282858,4.2236797e-07
contraction_3D,8.4,0.098958764,0.17671991,-9.771159e-06,-2.3610326e-14,0.001285695,0.024225582,4.9931243e-07
contraction_3D,8.4,0.098910385,0.18505095,-1.0653224e-05,-3.2669434e-14,0.00142172,0.026232886,5.7887187e-07
contraction_3D,8.4,0.098859619,0.19367926,-1.1565974e-05,-4.7447726e-14,0.0015627384,0.0283143,6.6141494e-07
contraction_3D,8.4,0.098806347,0.2023138,-1.2744186e-05,-3.7093681e-14,0.0017675681,0.031104313,9.5013283e-07
contraction_3D,8.4,0.098750446,0.2112208,-1.4018829e-05,-2.5210194e-14,0.0019925905,0.034134202,1.2923887e-06
contraction_3D,8.4,0.098691786,0.2203417,-1.533033e-05,-2.7631321e-14,0.0022227138,0.037231637,1.6419161e-06
contraction_3D,8.4,0.098630232,0.22991271,-1.6706554e-05,-3.0171932e-14,0.0024641938,0.040481931,2.0086928e-06
contraction_3D,8.4,0.09856564,0.23986003,-1.8136262e-05,-3.9220245e-14,0.0027153018,0.04386232,2.3903085e-06
contraction_3D,8.4,0.09849786,0.2500826,-1.9604113e-05,-6.3047471e-14,0.0029736616,0.047341472,2.7834328e-06
contraction_3D,8.4,0.098426735,0.25913966,-2.120347e-05,-4.1198982e-14,0.0032342969,0.050261051,3.6072005e-06
contraction_3D,8.4,0.0983521,0.26833927,-2.2860139e-05,-3.3546282e-14,0.0035014437,0.05321271,4.480929e-06
contraction_3D,8.4,0.098273782,0.2778862,-2.4583923e-05,-3.6066227e-14,0.0037785793,0.056275431,5.3867085e-06
contraction_3D,8.4,0.098191599,0.2878305,-2.6379264e-05,-4.5827355e-14,0.0040673168,0.059465889,6.3308312e-06
contraction_3D,8.4,0.09810536,0.29782869,-2.8202344e-05,-7.3872626e-14,0.0043569173,0.062543243,7.3473851e-06
contraction_3D,8.4,0.098014865,0.30609137,-2.9927356e-05,-3.8580193e-14,0.0045854956,0.063549231,8.9515754e-06
contraction_3D,8.4,0.097919904,0.31450194,-3.1699351e-05,-4.0273542e-14,0.0048179944,0.064579813,1.0579279e-05
contraction_3D,8.4,0.097820257,0.32332378,-3.3558237e-05,-4.2616426e-14,0.0050618595,0.06566089,1.2286496e-05
contraction_3D,8.4,0.097715692,0.33231809,-3.5455237e-05,-8.2498952e-14,0.0053106624,0.066756525,1.4032277e-05
contraction_3D,8.4,0.097605967,0.33957156,-3.7117099e-05,-4.4760618e-14,0.0054962652,0.065973262,1.6689618e-05
contraction_3D,8.4,0.097490827,0.34676805,-3.880032e-05,-4.4644228e-14,0.0056784692,0.065009492,1.946326e-05
contraction_3D,8.4,0.097370005,0.35427801,-4.0558488e-05,-5.330352e-14,0.0058686266,0.064002832,2.235867e-05
contraction_3D,8.4,0.09724322,0.36147123,-4.2258045e-05,-8.0421899e-14,0.0060492159,0.062741423,2.5614791e-05
contraction_3D,8.4,0.097110179,0.36741157,-4.3707111e-05,-4.6974993e-14,0.0061924636,0.060717686,2.9915004e-05
contraction_3D,8.4,0.096970571,0.37353006,-4.5213883e-05,-4.8586913e-14,0.0063398751,0.058638721,3.4334338e-05
contraction_3D,8.4,0.096824074,0.37980161,-4.6765708e-05,-9.4272632e-14,0.0064911357,0.056501074,3.8876249e-05
contraction_3D,8.4,0.096670348,0.38485744,-4.7983778e-05,-4.9205412e-14,0.0066145286,0.054229064,4.4830119e-05
contraction_3D,8.4,0.096509035,0.38991766,-4.9220531e-05,-5.049246e-14,0.0067379677,0.0519065,5.0998182e-05
contraction_3D,8.4,0.096339761,0.3951201,-5.0501258e-05,-9.553854e-14,0.0068650329,0.049514446,5.7352784e-05
contraction_3D,8.4,0.096162133,0.39946364,-5.1486174e-05,-5.1174038e-14,0.0069773491,0.047348432,6.5047426e-05
contraction_3D,8.4,0.095975739,0.40379483,-5.2477567e-05,-5.2373758e-14,0.0070899995,0.045168852,7.3033704e-05
contraction_3D,8.4,0.095780147,0.40815155,-5.3475764e-05,-9.8547747e-14,0.0072044021,0.042973824,8.1330591e-05
contraction_3D,8.4,0.095574902,0.41188473,-5.4213711e-05,-5.2928564e-14,0.0073112178,0.041101538,9.0880741e-05
contraction_3D,8.4,0.095359528,0.41572004,-5.4991102e-05,-6.3464288e-14,0.0074208353,0.039179426,0.00010068134
contraction_3D,8.4,0.095133526,0.41934898,-5.5665752e-05,-6.7545349e-14,0.0075298432,0.037398371,0.00011118886
contraction_3D,8.4,0.09489637,0.42273935,-5.6224153e-05,-5.4153999e-14,0.0076376163,0.035784954,0.00012245909
contraction_3D,8.4,0.09464751,0.42621295,-5.6817042e-05,-1.0939272e-13,0.0077481552,0.034130928,0.00013401694
contraction_3D,8.4,0.09438637,0.4293112,-5.7180932e-05,-5.4678657e-14,0.007857983,0.032763954,0.00014683669
contraction_3D,8.4,0.094112341,0.43247954,-5.7577771e-05,-7.7445517e-14,0.0079702288,0.031366999,0.00015994463
contraction_3D,8.4,0.09382479,0.43548571,-5.7848533e-05,-5.5189924e-14,0.0080843542,0.030112585,0.00017400329
contraction_3D,8.4,0.093523047,0.43842874,-5.8067353e-05,-5.5710698e-14,0.0082001381,0.028927437,0.00018867112
contraction_3D,8.4,0.093206414,0.44130953,-5.8226238e-05,-6.9681419e-14,0.0083184579,0.027809482,0.00020404931
contraction_3D,8.4,0.092874155,0.44408462,-5.8279906e-05,-5.6109354e-14,0.0084392252,0.026797834,0.00022032093
contraction_3D,8.4,0.092525498,0.44685428,-5.830819e-05,-8.4580263e-14,0.0085629778,0.025813349,0.00023720573
contraction_3D,8.4,0.092159635,0.44950991,-5.8202659e-05,-5.6473236e-14,0.0086901478,0.024943604,0.0002551704
contraction_3D,8.4,0.091775717,0.45217847,-5.8087538e-05,-9.1722198e-14,0.0088203443,0.024087119,0.00027369314
contraction_3D,8.4,0.091372852,0.45474571,-5.7827452e-05,-5.6788646e-14,0.0089549276,0.023337489,0.00029340101
contraction_3D,8.4,0.090950106,0.45732783,-5.755778e-05,-9.1184977e-14,0.0090927415,0.022600111,0.0003136859
contraction_3D,8.4,0.090506497,0.45983105,-5.7145329e-05,-5.7043746e-14,0.009235739,0.021954106,0.00033517938
contraction_3D,8.4,0.090040996,0.46234298,-5.6710619e-05,-8.3067157e-14,0.0093825195,0.021326523,0.00035733594
contraction_3D,8.4,0.089552522,0.46480207,-5.6146145e-05,-5.7234994e-14,0.0095349874,0.020771747,0.00038064476
contraction_3D,8.4,0.089039942,0.46726047,-5.553626e-05,-6.7573791e-14,0.0096923068,0.020245663,0.00040475874
contraction_3D,8.4,0.088502066,0.46969176,-5.481923e-05,-5.8354665e-14,0.0098553742,0.019773029,0.00042989038
contraction_3D,8.4,0.087937645,0.47210706,-5.4028929e-05,-5.7370747e-14,0.010024605,0.019342879,0.00045594062
contraction_3D,8.4,0.08734537,0.4745187,-5.3166183e-05,-8.3953616e-14,0.010199194,0.018946802,0.0004828205
contraction_3D,8.4,0.086723867,0.47691259,-5.2179893e-05,-5.7430339e-14,0.010382701,0.018606633,0.00051084556
contraction_3D,8.4,0.086071691,0.47932415,-5.1165979e-05,-1.1498937e-13,0.010570849,0.018281795,0.0005395153
contraction_3D,8.4,0.085387331,0.48171386,-4.9974552e-05,-5.7432818e-14,0.010771231,0.01802879,0.00056946465
contraction_3D,8.4,0.084669197,0.48412607,-4.8753796e-05,-7.6472202e-14,0.01097788,0.017793213,0.00060007546
contraction_3D,8.4,0.083915623,0.48654,-4.7406046e-05,-6.0678912e-14,0.011195151,0.017606993,0.00063162204
contraction_3D,8.4,0.083124861,0.48896055,-4.5983524e-05,-5.7371764e-14,0.011422874,0.017462292,0.00066387761
contraction_3D,8.4,0.082295073,0.49140246,-4.4495639e-05,-1.0719217e-13,0.01165884,0.017344338,0.00069680908
contraction_3D,8.4,0.081424336,0.49386085,-4.2852628e-05,-5.7262157e-14,0.01191279,0.017293333,0.00073060948
contraction_3D,8.4,0.080510627,0.49635096,-4.1164966e-05,-7.0926777e-14,0.012177049,0.017269293,0.00076499447
contraction_3D,8.4,0.079551826,0.49886379,-3.9367652e-05,-7.2151375e-14,0.01245658,0.017296595,0.00079990512
contraction_3D,8.4,0.078545708,0.50140935,-3.7488028e-05,-5.7025725e-14,0.012754738,0.01738029,0.00083524803
contraction_3D,8.4,0.077489938,0.5039943,-3.5549698e-05,-9.8040121e-14,0.013066372,0.017498741,0.00087106602
contraction_3D,8.4,0.076382066,0.5066312,-3.3488997e-05,-5.6675722e-14,0.013405008,0.017695594,0.00090720134
contraction_3D,8.4,0.075219519,0.50900594,-3.1631664e-05,-5.6588078e-14,0.013721576,0.017913747,0.0009393609
contraction_3D,8.4,0.073999601,0.51202046,-2.9241561e-05,-5.6285383e-14,0.014142108,0.018259695,0.00097941487
contraction_3D,8.4,0.072719479,0.51483322,-2.7032254e-05,-7.1423482e-14,0.014548578,0.018639925,0.0010158127
contraction_3D,8.4,0.071376182,0.51772508,-2.4780983e-05,-6.6673365e-14,0.014981226,0.019092473,0.0010520049
contraction_3D,8.4,0.069966594,0.52070585,-2.2519378e-05,-5.5374687e-14,0.015443539,0.019625779,0.0010879361
contraction_3D,8.4,0.068487442,0.52378641,-2.0263272e-05,-5.5003704e-14,0.015938577,0.020247033,0.0011235997
contraction_3D,8.4,0.066935293,0.52697535,-1.8041958e-05,-8.1540017e-14,0.016470534,0.020968828,0.0011588829
contraction_3D,8.4,0.065306545,0.53028187,-1.5889816e-05,-9.0309888e-14,0.01704438,0.021806037,0.001193704
contraction_3D,8.4,0.063597418,0.53371672,-1.3850574e-05,-7.8201744e-14,0.017665886,0.022776069,0.001228021
contraction_3D,8.4,0.061803945,0.53729156,-1.1976408e-05,-5.2937369e-14,0.018341748,0.023899534,0.0012618286
contraction_3D,8.4,0.059921964,0.54101904,-1.0330598e-05,-5.2312465e-14,0.019079729,0.02520087,0.0012951595
contraction_3D,8.4,0.057947106,0.54491211,-8.9842059e-06,-8.7893757e-14,0.019889121,0.026709984,0.001328088
contraction_3D,8.4,0.055874788,0.54898085,-8.0482734e-06,-5.0800078e-14,0.020783206,0.028473866,0.0013605852
contraction_3D,8.4,0.053700201,0.55324212,-7.619917e-06,-9.6112037e-14,0.021773918,0.030532018,0.001392914
contraction_3D,8.4,0.051418297,0.55770561,-7.875063e-06,-5.115289e-14,0.02288141,0.032959488,0.0014251484
contraction_3D,8.4,0.04902378,0.56196974,-8.947862e-06,-4.7698159e-14,0.023894057,0.035180254,0.0014561443
contraction_3D,8.4,0.046511093,0.56400017,-1.0419672e-05,-7.9666124e-14,0.02373553,0.034209173,0.001477802
contraction_3D,8.4,0.043874404,0.56525484,-1.1747315e-05,-4.8302458e-14,0.023230598,0.032376424,0.0014958392
contraction_3D,8.4,0.041107594,0.56619989,-1.2784382e-05,-4.900107e-14,0.022633621,0.030387511,0.0015129967
contraction_3D,8.4,0.038204241,0.5669738,-1.3467053e-05,-4.9795345e-14,0.022018784,0.0284372,0.0015302279
contraction_3D,8.4,0.035157607,0.56763429,-1.3772872e-05,-7.3679357e-14,0.021418747,0.026603218,0.0015478638
contraction_3D,8.4,0.03196062,0.56820935,-1.3678342e-05,-5.851255e-14,0.020850238,0.024919829,0.0015659883
contraction_3D,8.4,0.02860586,0.56871327,-1.318829e-05,-5.2899412e-14,0.020324886,0.023406437,0.0015843987
contraction_3D,8.4,0.025085542,0.56915477,-1.2311983e-05,-5.398469e-14,0.019849632,0.022070148,0.0016027624
contraction_3D,8.4,0.021391496,0.56953697,-1.106137e-05,-6.9458363e-14,0.019430113,0.02091548,0.0016205739
contraction_3D,8.4,0.017515147,0.56986008,-9.4447149e-06,-6.2937189e-14,0.019072339,0.019949102,0.0016371625
contraction_3D,8.4,0.013447498,0.57012263,-7.4930802e-06,-5.7595925e-14,0.018782106,0.019177325,0.0016516782
contraction_3D,8.4,0.0091791104,0.57032353,-5.2491015e-06,-5.7077357e-14,0.018564181,0.018604805,0.0016632452
contraction_3D,8.4,0.0047000761,0.57046343,-2.7828051e-06,-1.0747228e-13,0.018422278,0.018235283,0.0016711142
contraction_3D,8.4,9.9939083e-08,0.57051029,-5.3515651e-11,-1.099089e-16,0.018386026,0.018141395,0.0016731681
contraction_2D,8.6,0.099938083,0.0045174768,-2.0895138e-08,-4.885505e-17,1.4771899e-06,0.00021242836,3.0871544e-11
contraction_2D,8.6,0.099938034,0.0045262163,-2.0935319e-08,-5.1226194e-17,1.4800531e-06,0.00021284021,3.0931381e-11
contraction_2D,8.6,0.099937982,0.0045353871,-2.0977483e-08,-5.3714352e-17,1.4830576e-06,0.00021327238,3.099417e-11
contraction_2D,8.6,0.099937928,0.0045450104,-2.1021727e-08,-5.6325301e-17,1.4862104e-06,0.00021372587,3.1060058e-11
contraction_2D,8.6,0.099937871,0.0045551087,-2.1068156e-08,-5.9065105e-17,1.4895187e-06,0.00021420175,3.1129198e-11
contraction_2D,8.6,0.099937811,0.0045657053,-2.1116875e-08,-6.1940119e-17,1.4929904e-06,0.00021470112,3.120175e-11
contraction_2D,8.6,0.099937748,0.0045768248,-2.1167999e-08,-6.4957011e-17,1.4966333e-06,0.00021522512,3.1277882e-11
contraction_2D,8.6,0.099937683,0.0045884931,-2.1221646e-08,-6.8122792e-17,1.500456e-06,0.00021577499,3.1357772e-11
contraction_2D,8.6,0.099937613,0.0046007373,-2.127794e-08,-7.1444801e-17,1.5044674e-06,0.00021635199,3.1441604e-11
contraction_2D,8.6,0.099937541,0.0046135857,-2.1337012e-08,-7.4930756e-17,1.5086768e-06,0.00021695747,3.1529573e-11
contraction_2D,8.6,0.099937465,0.0046270681,-2.1399e-08,-7.8588743e-17,1.5130939e-06,0.00021759283,3.1621883e-11
contraction_2D,8.6,0.099937385,0.004641216,-2.1464047e-08,-8.2427252e-17,1.5177289e-06,0.00021825954,3.1718749e-11
contraction_2D,8.6,0.099937301,0.004656062,-2.1532304e-08,-8.6455197e-17,1.5225927e-06,0.00021895916,3.1820396e-11
contraction_2D,8.6,0.099937213,0.0046716407,-2.1603929e-08,-9.0681918e-17,1.5276966e-06,0.0002196933,3.1927059e-11
contraction_2D,8.6,0.099937121,0.0046879882,-2.1679089e-08,-9.5117229e-17,1.5330523e-06,0.00022046368,3.2038985e-11
contraction_2D,8.6,0.099937024,0.0047051425,-2.1757958e-08,-9.9771427e-17,1.5386723e-06,0.00022127207,3.2156435e-11
contraction_2D,8.6,0.099936923,0.0047231433,-2.184072e-08,-1.0465531e-16,1.5445696e-06,0.00022212035,3.2279682e-11
contraction_2D,8.6,0.099936816,0.0047420325,-2.1927565e-08,-1.0978021e-16,1.5507581e-06,0.0002230105,3.240901e-11
contraction_2D,8.6,0.099936704,0.0047618539,-2.2018697e-08,-1.1515803e-16,1.5572519e-06,0.00022394458,3.2544721e-11
contraction_2D,8.6,0.099936587,0.0047826534,-2.2114326e-08,-1.2080125e-16,1.5640661e-06,0.00022492475,3.268713e-11
contraction_2D,8.6,0.099936464,0.0048044794,-2.2214675e-08,-1.2672296e-16,1.5712167e-06,0.0002259533,3.2836566e-11
contraction_2D,8.6,0.099936334,0.0048273826,-2.2319975e-08,-1.3293691e-16,1.5787201e-06,0.00022703261,3.2993377e-11
contraction_2D,8.6,0.099936199,0.004851416,-2.2430472e-08,-1.3945751e-16,1.5865939e-06,0.00022816517,3.3157927e-11
contraction_2D,8.6,0.099936056,0.0048766355,-2.2546423e-08,-1.4629992e-16,1.5948562e-06,0.00022935364,3.3330597e-11
contraction_2D,8.6,0.099935907,0.0049030995,-2.2668095e-08,-1.5348e-16,1.6035263e-06,0.00023060075,3.3511789e-11
contraction_2D,8.6,0.09993575,0.0049308696,-2.2795772e-08,-1.6101442e-16,1.6126242e-06,0.00023190941,3.3701922e-11
contraction_2D,8.6,0.099935586,0.0049600101,-2.292975e-08,-1.6892066e-16,1.6221711e-06,0.00023328265,3.3901439e-11
contraction_2D,8.6,0.099935413,0.0049905888,-2.307034e-08,-1.7721708e-16,1.6321892e-06,0.00023472366,3.4110802e-11
contraction_2D,8.6,0.099935232,0.0050226764,-2.3217868e-08,-1.8592293e-16,1.6427016e-06,0.00023623579,3.4330497e-11
contraction_2D,8.6,0.099935042,0.0050563477,-2.3372676e-08,-1.9505842e-16,1.6537329e-06,0.00023782254,3.4561034e-11
contraction_2D,8.6,0.099934843,0.0050916806,-2.3535124e-08,-2.0464474e-16,1.6653085e-06,0.0002394876,3.4802948e-11
contraction_2D,8.6,0.099934634,0.0051287572,-2.370559e-08,-2.1470416e-16,1.6774554e-06,0.00024123482,3.50568e-11
contraction_2D,8.6,0.099934414,0.0051676636,-2.3884467e-08,-2.2526001e-16,1.6902018e-06,0.00024306828,3.5323181e-11
contraction_2D,8.6,0.099934184,0.00520849,-2.4072173e-08,-2.3633679e-16,1.7035772e-06,0.00024499221,3.5602707e-11
contraction_2D,8.6,0.099933942,0.0052513312,-2.4269141e-08,-2.4796022e-16,1.7176126e-06,0.0002470111,3.5896028e-11
contraction_2D,8.6,0.099933688,0.0052962866,-2.4475831e-08,-2.6015726e-16,1.7323408e-06,0.00024912961,3.6203824e-11
contraction_2D,8.6,0.099933422,0.0053434606,-2.469272e-08,-2.7295624e-16,1.7477957e-06,0.00025135267,3.6526811e-11
contraction_2D,8.6,0.099933143,0.0053929626,-2.4920313e-08,-2.8638685e-16,1.7640134e-06,0.00025368545,3.6865737e-11
contraction_2D,8.6,0.099932849,0.0054449076,-2.5159138e-08,-3.0048027e-16,1.7810315e-06,0.00025613334,3.7221389e-11
contraction_2D,8.6,0.099932542,0.0054994161,-2.5409748e-08,-3.1526919e-16,1.7988893e-06,0.00025870204,3.7594592e-11
contraction_2D,8.6,0.099932219,0.0055566145,-2.5672727e-08,-3.3078796e-16,1.8176285e-06,0.00026139751,3.7986213e-11
contraction_2D,8.6,0.09993188,0.0056166358,-2.5948684e-08,-3.4707259e-16,1.8372924e-06,0.000264226,3.8397161e-11
contraction_2D,8.6,0.099931525,0.0056796191,-2.6238259e-08,-3.6416086e-16,1.8579268e-06,0.00026719408,3.8828389e-11
contraction_2D,8.6,0.099931152,0.0057457107,-2.6542124e-08,-3.8209245e-16,1.8795795e-06,0.00027030863,3.9280899e-11
contraction_2D,8.6,0.099930761,0.0058150639,-2.6860986e-08,-4.0090896e-16,1.9023007e-06,0.00027357688,3.975574e-11
contraction_2D,8.6,0.09993035,0.0058878397,-2.7195584e-08,-4.2065408e-16,1.9261433e-06,0.00027700643,4.0254014e-11
contraction_2D,8.6,0.099929919,0.005964207,-2.7546694e-08,-4.4137363e-16,1.9511625e-06,0.00028060522,4.0776879e-11
contraction_2D,8.6,0.099929467,0.0060443431,-2.7915131e-08,-4.6311569e-16,1.9774164e-06,0.00028438162,4.1325547e-11
contraction_2D,8.6,0.099928992,0.0061284339,-2.8301751e-08,-4.8593073e-16,2.0049659e-06,0.00028834438,4.1901292e-11
contraction_2D,8.6,0.099928494,0.0062166747,-2.8707451e-08,-5.098717e-16,2.033875e-06,0.00029250271,4.250545e-11
contraction_2D,8.6,0.099927972,0.0063092701,-2.9133172e-08,-5.3499417e-16,2.0642108e-06,0.00029686625,4.3139424e-11
contraction_2D,8.6,0.099927423,0.0064064352,-2.9579903e-08,-5.6135643e-16,2.0960436e-06,0.00030144513,4.3804684e-11
contraction_2D,8.6,0.099926848,0.0065083953,-3.004868e-08,-5.8901969e-16,2.1294475e-06,0.00030624998,4.4502775e-11
contraction_2D,8.6,0.099926244,0.0066153873,-3.0540591e-08,-6.1804813e-16,2.1644998e-06,0.00031129196,4.5235318e-11
contraction_2D,8.6,0.09992561,0.0067276593,-3.1056778e-08,-6.4850913e-16,2.2012819e-06,0.00031658275,4.6004011e-11
contraction_2D,8.6,0.099924946,0.006845472,-3.159844e-08,-6.8047341e-16,2.2398793e-06,0.00032213465,4.681064e-11
contraction_2D,8.6,0.099924248,0.0069690988,-3.2166832e-08,-7.1401512e-16,2.2803815e-06,0.00032796054,4.7657076e-11
contraction_2D,8.6,0.099923516,0.0070988266,-3.2763275e-08,-7.4921213e-16,2.3228824e-06,0.00033407393,4.8545284e-11
contraction_2D,8.6,0.099922748,0.0072349565,-3.3389152e-08,-7.8614612e-16,2.3674808e-06,0.00034048903,4.9477325e-11
contraction_2D,8.6,0.099921941,0.0073778045,-3.4045917e-08,-8.2490282e-16,2.4142802e-06,0.00034722071,5.0455363e-11
contraction_2D,8.6,0.099921095,0.0075277021,-3.4735093e-08,-8.6557217e-16,2.4633891e-06,0.0003542846,5.1481668e-11
contraction_2D,8.6,0.099920208,0.0076849972,-3.5458281e-08,-9.0824857e-16,2.5149215e-06,0.0003616971,5.2558621e-11
contraction_2D,8.6,0.099919276,0.0078500548,-3.6217157e-08,-9.5303106e-16,2.5689971e-06,0.00036947541,5.3688722e-11
contraction_2D,8.6,0.099918299,0.0080232581,-3.7013485e-08,-1.0000236e-15,2.6257413e-06,0.00037763758,5.4874593e-11
contraction_2D,8.6,0.099917273,0.008205009,-3.7849112e-08,-1.0493352e-15,2.6852859e-06,0.00038620255,5.6118988e-11
contraction_2D,8.6,0.099916197,0.0083957294,-3.8725977e-08,-1.1010804e-15,2.747769e-06,0.00039519021,5.7424794e-11
contraction_2D,8.6,0.099915067,0.0085958619,-3.9646116e-08,-1.1553792e-15,2.8133357e-06,0.00040462141,5.8795043e-11
contraction_2D,8.6,0.099913882,0.008805871,-4.0611664e-08,-1.2123577e-15,2.8821381e-06,0.00041451805,6.0232913e-11
contraction_2D,8.6,0.099912639,0.0090262441,-4.1624862e-08,-1.272148e-15,2.954336e-06,0.00042490308,6.1741742e-11
contraction_2D,8.6,0.099911334,0.0092574927,-4.2688061e-08,-1.3348891e-15,3.0300968e-06,0.00043580063,6.3325034e-11
contraction_2D,8.6,0.099909964,0.0095001535,-4.380373e-08,-1.4007264e-15,3.1095965e-06,0.00044723597,6.498646e-11
contraction_2D,8.6,0.099908527,0.0097547897,-4.4974458e-08,-1.4698129e-15,3.1930195e-06,0.00045923564,6.6729879e-11
contraction_2D,8.6,0.099907019,0.010021992,-4.6202961e-08,-1.5423087e-15,3.2805594e-06,0.00047182751,6.8559336e-11
contraction_2D,8.6,0.099905437,0.010302381,-4.7492091e-08,-1.6183823e-15,3.3724195e-06,0.00048504079,7.0479078e-11
contraction_2D,8.6,0.099903776,0.010596608,-4.8844841e-08,-1.6982101e-15,3.4688128e-06,0.00049890615,7.2493559e-11
contraction_2D,8.6,0.099902034,0.010905354,-5.0264349e-08,-1.7819775e-15,3.5699633e-06,0.00051345576,7.4607456e-11
contraction_2D,8.6,0.099900206,0.011229338,-5.175391e-08,-1.8698788e-15,3.6761055e-06,0.00052872341,7.6825674e-11
contraction_2D,8.6,0.099898287,0.01156931,-5.3316981e-08,-1.962118e-15,3.7874859e-06,0.00054474452,7.9153362e-11
contraction_2D,8.6,0.099896274,0.011926059,-5.4957191e-08,-2.0589093e-15,3.904363e-06,0.00056155628,8.1595922e-11
contraction_2D,8.6,0.099894161,0.012300415,-5.6678345e-08,-2.1604773e-15,4.0270079e-06,0.0005791977,8.4159023e-11
contraction_2D,8.6,0.099891944,0.012693245,-5.8484439e-08,-2.2670577e-15,4.1557055e-06,0.00059770973,8.6848614e-11
contraction_2D,8.6,0.099889618,0.013105461,-6.0379665e-08,-2.3788979e-15,4.2907543e-06,0.00061713534,8.9670937e-11
contraction_2D,8.6,0.099887177,0.01353802,-6.236842e-08,-2.4962574e-15,4.4324678e-06,0.00063751961,9.2632543e-11
contraction_2D,8.6,0.099884615,0.013991927,-6.4455321e-08,-2.6194086e-15,4.5811749e-06,0.00065890984,9.5740305e-11
contraction_2D,8.6,0.099881927,0.014468233,-6.6645211e-08,-2.7486374e-15,4.7372208e-06,0.00068135569,9.9001436e-11
contraction_2D,8.6,0.099879107,0.014968046,-6.8943173e-08,-2.8842437e-15,4.9009676e-06,0.00070490926,1.024235e-10
contraction_2D,8.6,0.099876147,0.015492524,-7.135454e-08,-3.0265422e-15,5.0727953e-06,0.0007296252,1.0601445e-10
contraction_2D,8.6,0.099873041,0.016042886,-7.388491e-08,-3.1758632e-15,5.2531028e-06,0.00075556088,1.0978262e-10
contraction_2D,8.6,0.099869782,0.016620408,-7.6540153e-08,-3.3325532e-15,5.4423085e-06,0.00078277649,1.1373674e-10
contraction_2D,8.6,0.099866362,0.017226431,-7.9326434e-08,-3.4969759e-15,5.6408516e-06,0.0008113352,1.17886e-10
contraction_2D,8.6,0.099862773,0.017862362,-8.2250218e-08,-3.669513e-15,5.8491929e-06,0.00084130329,1.2224003e-10
contraction_2D,8.6,0.099859007,0.018529676,-8.5318293e-08,-3.8505648e-15,6.0678159e-06,0.00087275032,1.2680893e-10
contraction_2D,8.6,0.099855055,0.019229922,-8.8537777e-08,-4.0405515e-15,6.2972279e-06,0.00090574927,1.3160331e-10
contraction_2D,8.6,0.099850908,0.019964725,-9.1916145e-08,-4.2399142e-15,6.5379616e-06,0.00094037673,1.3663429e-10
contraction_2D,8.6,0.099846557,0.020735791,-9.5461236e-08,-4.4491155e-15,6.7905755e-06,0.00097671307,1.4191356e-10
contraction_2D,8.6,0.099841991,0.02154491,-9.9181278e-08,-4.6686409e-15,7.055656e-06,0.0010148426,1.4745335e-10
contraction_2D,8.6,0.099837199,0.022075823,-1.0163125e-07,-4.9032019e-15,7.2294161e-06,0.0010398349,1.5108492e-10
contraction_2D,8.6,0.099832171,0.022473115,-1.0347184e-07,-5.1514496e-15,7.3593026e-06,0.0010585153,1.5379973e-10
contraction_2D,8.6,0.099826895,0.022890014,-1.0540327e-07,-5.4119483e-15,7.495599e-06,0.0010781177,1.5664851e-10
contraction_2D,8.6,0.099821359,0.023327486,-1.0743001e-07,-5.6853027e-15,7.6386216e-06,0.0010986874,1.5963788e-10
contraction_2D,8.6,0.099815549,0.023786548,-1.0955678e-07,-5.9721473e-15,7.7887025e-06,0.0011202723,1.6277477e-10
contraction_2D,8.6,0.099809453,0.024268265,-1.117885e-07,-6.2731477e-15,7.9461899e-06,0.0011429224,1.6606648e-10
contraction_2D,8.6,0.099803055,0.024773754,-1.1413036e-07,-6.5890026e-15,8.1114494e-06,0.0011666903,1.6952063e-10
contraction_2D,8.6,0.099796342,0.02530419,-1.1658779e-07,-6.920445e-15,8.2848645e-06,0.0011916311,1.7314524e-10
contraction_2D,8.6,0.099789298,0.026575213,-1.6410284e-07,-6.5888871e-15,1.1612036e-05,0.0012980313,4.6092261e-10
contraction_2D,8.6,0.099781906,0.027926657,-2.1507592e-07,-6.2241379e-15,1.5181316e-05,0.0014116698,7.6993641e-10
contraction_2D,8.6,0.099774149,0.029344797,-2.6856453e-07,-5.8413881e-15,1.8926741e-05,0.0015309164,1.0942001e-09
contraction_2D,8.6,0.09976601,0.030832921,-3.2469283e-07,-5.4397495e-15,2.2857005e-05,0.0016560479,1.4344664e-09
contraction_2D,8.6,0.099757469,0.032394486,-3.8359108e-07,-5.0182899e-15,2.6981228e-05,0.0017873546,1.7915249e-09
contraction_2D,8.6,0.099748506,0.034014238,-4.4455078e-07,-4.9049708e-15,3.1262454e-05,0.0019236693,2.1621705e-09
contraction_2D,8.6,0.099739101,0.035681082,-5.0704831e-07,-5.3583818e-15,3.5674004e-05,0.0020641499,2.5440891e-09
contraction_2D,8.6,0.099729232,0.037430186,-5.726301e-07,-5.8341688e-15,4.0303266e-05,0.0022115633,2.9448556e-09
contraction_2D,8.6,0.099718875,0.039265609,-6.4144838e-07,-6.333436e-15,4.5160984e-05,0.0023662516,3.3654e-09
contraction_2D,8.6,0.099708008,0.04119161,-7.1366287e-07,-6.8573422e-15,5.0258431e-05,0.0025285738,3.8066983e-09
contraction_2D,8.6,0.099696605,0.04321266,-7.8944116e-07,-7.4071034e-15,5.5607439e-05,0.0026989066,4.269775e-09
contraction_2D,8.6,0.099684638,0.04533345,-8.6895914e-07,-7.9839955e-15,6.1220422e-05,0.0028776455,4.7557045e-09
contraction_2D,8.6,0.099672081,0.047558901,-9.5240136e-07,-8.5893573e-15,6.7110408e-05,0.0030652051,5.2656149e-09
contraction_2D,8.6,0.099658905,0.049894179,-1.0399615e-06,-9.224594e-15,7.3291067e-05,0.0032620209,5.8006895e-09
contraction_2D,8.6,0.099645078,0.052344704,-1.1318427e-06,-9.8911798e-15,7.9776743e-05,0.0034685496,6.3621703e-09
contraction_2D,8.6,0.099630569,0.054916163,-1.2282583e-06,-1.0590662e-14,8.658249e-05,0.0036852706,6.9513602e-09
contraction_2D,8.6,0.099615343,0.057614525,-1.3294321e-06,-1.1324664e-14,9.3724102e-05,0.0039126868,7.5696269e-09
contraction_2D,8.6,0.099599367,0.060446051,-1.4355988e-06,-1.2094889e-14,0.00010121815,0.004151326,8.2184053e-09
contraction_2D,8.6,0.099582602,0.063417314,-1.5470048e-06,-1.2903124e-14,0.00010908204,0.0044017422,8.8992011e-09
contraction_2D,8.6,0.099565009,0.06653521,-1.6639088e-06,-1.3751247e-14,0.00011733401,0.0046645166,9.6135944e-09
contraction_2D,8.6,0.099546548,0.069798877,-1.786348e-06,-1.4777025e-14,0.00012597038,0.0049395275,1.0361268e-08
contraction_2D,8.6,0.099527177,0.073125861,-1.9120046e-06,-1.7492587e-14,0.00013475723,0.0052192825,1.1121997e-08
contraction_2D,8.6,0.099506849,0.076617032,-2.0438623e-06,-2.0342162e-14,0.0001439777,0.0055128434,1.1920269e-08
contraction_2D,8.6,0.099485518,0.080438583,-2.3087935e-06,-1.9032917e-14,0.00016782507,0.0059707658,1.6656085e-08
contraction_2D,8.6,0.099463135,0.084513471,-2.6386306e-06,-1.5898348e-14,0.00019865298,0.0065126633,2.3221987e-08
contraction_2D,8.6,0.099439646,0.088711473,-2.9773643e-06,-1.524277e-14,0.00023045167,0.0070717299,2.999681e-08
contraction_2D,8.6,0.099414999,0.093061217,-3.3275682e-06,-1.6426877e-14,0.0002634283,0.0076515815,3.7024153e-08
contraction_2D,8.6,0.099389135,0.097625622,-3.6950548e-06,-1.7669419e-14,0.00029803233,0.0082600489,4.4398298e-08
contraction_2D,8.6,0.099361995,0.10241528,-4.080677e-06,-1.8973282e-14,0.00033434408,0.0088985444,5.213636e-08
contraction_2D,8.6,0.099333516,0.10744131,-4.4853297e-06,-2.0341491e-14,0.00037244783,0.0095685499,6.0256297e-08
contraction_2D,8.6,0.099303631,0.11271538,-4.9099522e-06,-2.1777221e-14,0.00041243201,0.01027162,6.8776956e-08
contraction_2D,8.6,0.099272271,0.11824973,-5.35553e-06,-2.3283805e-14,0.00045438942,0.011009388,7.7718112e-08
contraction_2D,8.6,0.099239364,0.12405719,-5.8230971e-06,-2.4864739e-14,0.00049841745,0.011783564,8.7100518e-08
contraction_2D,8.6,0.099204832,0.12997903,-6.3032379e-06,-3.2123739e-14,0.00054322647,0.012571245,9.6644651e-08
contraction_2D,8.6,0.099168597,0.13628478,-6.9660727e-06,-3.237966e-14,0.0006145346,0.013681331,1.2785646e-07
contraction_2D,8.6,0.099130573,0.14299422,-7.8359355e-06,-2.5251909e-14,0.00071621473,0.015159518,1.8408508e-07
contraction_2D,8.6,0.099090673,0.14984813,-8.7207791e-06,-2.7110418e-14,0.00082026418,0.016672668,2.4169688e-07
contraction_2D,8.6,0.099048804,0.15704028,-9.6492899e-06,-2.9060644e-14,0.00092944851,0.018260493,3.0215186e-07
contraction_2D,8.6,0.099004868,0.16458737,-1.0623623e-05,-3.1107115e-14,0.0010440211,0.019926677,3.655903e-07
contraction_2D,8.6,0.098958764,0.17250691,-1.164604e-05,-3.3254579e-14,0.0011642479,0.021675089,4.3215945e-07
contraction_2D,8.6,0.098910385,0.18081729,-1.2718913e-05,-3.5508022e-14,0.001290408,0.023509784,5.0201381e-07
contraction_2D,8.6,0.098859619,0.18930138,-1.382218e-05,-4.9251805e-14,0.0014189793,0.025378896,5.7311182e-07
contraction_2D,8.6,0.098806347,0.19785274,-1.5264197e-05,-3.8546543e-14,0.0016100951,0.027939685,8.2723861e-07
contraction_2D,8.6,0.098750446,0.20652962,-1.6791068e-05,-3.7742457e-14,0.0018172449,0.030685241,1.1242971e-06
contraction_2D,8.6,0.098691786,0.21558728,-1.8383772e-05,-4.0194383e-14,0.0020335422,0.033552251,1.4345569e-06
contraction_2D,8.6,0.098630232,0.22509194,-2.0055076e-05,-4.2767313e-14,0.002260514,0.036560749,1.760128e-06
contraction_2D,8.6,0.09856564,0.23506565,-2.180886e-05,-4.5467217e-14,0.0024986868,0.039717716,2.1017663e-06
contraction_2D,8.6,0.09849786,0.24528454,-2.3618415e-05,-6.5398106e-14,0.0027424208,0.042947306,2.450951e-06
contraction_2D,8.6,0.098426735,0.254377,-2.56089e-05,-4.6412584e-14,0.0029951051,0.045818006,3.202286e-06
contraction_2D,8.6,0.0983521,0.2635552,-2.7642027e-05,-4.8852439e-14,0.0032532356,0.048717046,3.9975825e-06
contraction_2D,8.6,0.098273782,0.27318636,-2.977549e-05,-5.1412702e-14,0.0035241049,0.051759154,4.8321271e-06
contraction_2D,8.6,0.098191599,0.28329281,-3.201424e-05,-5.4099314e-14,0.0038083416,0.054951391,5.7078569e-06
contraction_2D,8.6,0.09810536,0.2934604,-3.4309555e-05,-7.6379225e-14,0.0040933502,0.058047115,6.6464911e-06
contraction_2D,8.6,0.098014865,0.30179981,-3.6481323e-05,-5.5581784e-14,0.004318508,0.059261325,8.1035098e-06
contraction_2D,8.6,0.097919904,0.31038474,-3.8713937e-05,-5.787001e-14,0.0045503838,0.060508339,9.6059157e-06
contraction_2D,8.6,0.097820257,0.31939334,-4.1056731e-05,-6.0271162e-14,0.0047937027,0.061816894,1.1182466e-05
contraction_2D,8.6,0.097715692,0.3286973,-4.3491992e-05,-8.5271022e-14,0.0050449145,0.063171146,1.280834e-05
contraction_2D,8.6,0.097605967,0.33610676,-4.5624547e-05,-6.2065036e-14,0.0052288072,0.062669004,1.5218804e-05
contraction_2D,8.6,0.097490827,0.34351846,-4.7778639e-05,-6.4054735e-14,0.0054109395,0.061973826,1.776778e-05
contraction_2D,8.6,0.097370005,0.35129594,-5.0039035e-05,-6.6142627e-14,0.0056020601,0.061244342,2.0442549e-05
contraction_2D,8.6,0.09724322,0.35878747,-5.226017e-05,-8.3119217e-14,0.0057837966,0.060253862,2.3449322e-05
contraction_2D,8.6,0.097110179,0.36489547,-5.4143368e-05,-6.7771643e-14,0.0059244914,0.058451021,2.7380997e-05
contraction_2D,8.6,0.096970571,0.37124495,-5.6102243e-05,-6.9489083e-14,0.0060708002,0.056574671,3.1471949e-05
contraction_2D,8.6,0.096824074,0.37782482,-5.8148222e-05,-9.7620728e-14,0.0062223409,0.05463357,3.5705616e-05
contraction_2D,8.6,0.096670348,0.38303936,-5.9758493e-05,-7.1133685e-14,0.0063420579,0.05250676,4.1211141e-05
contraction_2D,8.6,0.096509035,0.38829859,-6.1384822e-05,-7.2567124e-14,0.0064628751,0.050299338,4.6989124e-05
contraction_2D,8.6,0.096339761,0.39376,-6.3088e-05,-9.9192967e-14,0.0065882641,0.04800914,5.2983e-05
contraction_2D,8.6,0.096162133,0.39823487,-6.4404256e-05,-7.4033845e-14,0.0066958631,0.045929284,6.0187601e-05
contraction_2D,8.6,0.095975739,0.40272659,-6.5718836e-05,-7.5184869e-14,0.0068046789,0.043810365,6.7755498e-05
contraction_2D,8.6,0.095780147,0.4072875,-6.7058617e-05,-1.0215855e-13,0.0069158584,0.041659156,7.5672154e-05
contraction_2D,8.6,0.095574902,0.4111167,-6.8052811e-05,-7.638314e-14,0.0070171319,0.039836439,8.4713219e-05
contraction_2D,8.6,0.095359528,0.41509381,-6.9092112e-05,-7.7338331e-14,0.0071223905,0.037942423,9.4110312e-05
contraction_2D,8.6,0.095133526,0.41884964,-7.0011764e-05,-7.7527184e-14,0.0072263336,0.036188757,0.00010416465
contraction_2D,8.6,0.09489637,0.42232063,-7.0768983e-05,-7.8283569e-14,0.007328321,0.0346068,0.00011493297
contraction_2D,8.6,0.09464751,0.42592304,-7.1571974e-05,-1.1389187e-13,0.0074340826,0.032965693,0.0001261008
contraction_2D,8.6,0.09438637,0.42907787,-7.2084598e-05,-7.9158998e-14,0.0075373075,0.031627544,0.0001383503
contraction_2D,8.6,0.094112341,0.43234773,-7.2626636e-05,-8.0593013e-14,0.0076444144,0.030240352,0.00015106206
contraction_2D,8.6,0.09382479,0.43540537,-7.3023477e-05,-7.995353e-14,0.0077514688,0.029011918,0.00016450589
contraction_2D,8.6,0.093523047,0.43841116,-7.3340975e-05,-8.0528647e-14,0.0078610271,0.027843328,0.00017866307
contraction_2D,8.6,0.093206414,0.44136632,-7.3581555e-05,-8.0712185e-14,0.007973094,0.026736559,0.00019354588
contraction_2D,8.6,0.092874155,0.44418102,-7.3692418e-05,-8.1224056e-14,0.0080867517,0.025743758,0.0002092034
contraction_2D,8.6,0.092525498,0.4470197,-7.3759554e-05,-8.8164062e-14,0.0082041544,0.02476796,0.00022560045
contraction_2D,8.6,0.092159635,0.44970115,-7.367123e-05,-8.1860899e-14,0.0083234762,0.023916635,0.00024286298
contraction_2D,8.6,0.091775717,0.45242866,-7.3552675e-05,-9.5715896e-14,0.0084469235,0.02306825,0.00026086376
contraction_2D,8.6,0.091372852,0.45501575,-7.3268656e-05,-8.2423337e-14,0.0085731472,0.022334443,0.00027981588
contraction_2D,8.6,0.090950106,0.45764833,-7.2951178e-05,-9.5255026e-14,0.0087037309,0.021604196,0.00029953813
contraction_2D,8.6,0.090506497,0.46016636,-7.2474787e-05,-8.28974e-14,0.0088378259,0.020971389,0.00032022378
contraction_2D,8.6,0.090040996,0.46272149,-7.1945406e-05,-8.6884924e-14,0.0089767863,0.020349563,0.00034177161
contraction_2D,8.6,0.089552522,0.46519104,-7.1278088e-05,-8.3264678e-14,0.0091197666,0.019805286,0.00036422345
contraction_2D,8.6,0.089039942,0.46767933,-7.0530637e-05,-8.3357165e-14,0.0092681261,0.019284468,0.00038761145
contraction_2D,8.6,0.088502066,0.47012483,-6.9665655e-05,-8.3500143e-14,0.0094215134,0.01881812,0.00041191364
contraction_2D,8.6,0.087937645,0.47255825,-6.8694677e-05,-8.3539877e-14,0.0095805522,0.018391729,0.00043712405
contraction_2D,8.6,0.08734537,0.47499816,-6.7626378e-05,-8.793652e-14,0.0097458482,0.017996467,0.00046331671
contraction_2D,8.6,0.086723867,0.47739339,-6.642305e-05,-8.3572848e-14,0.0099174373,0.01765877,0.00049033305
contraction_2D,8.6,0.086071691,0.47982956,-6.5160892e-05,-1.2034705e-13,0.010095277,0.017332441,0.00051826739
contraction_2D,8.6,0.085387331,0.48221629,-6.3704158e-05,-8.345224e-14,0.010282655,0.017077865,0.00054717145
contraction_2D,8.6,0.084669197,0.48464667,-6.2178361e-05,-8.3393409e-14,0.010477381,0.016837277,0.00057697038
contraction_2D,8.6,0.083915623,0.48705812,-6.0528918e-05,-8.3221798e-14,0.010680883,0.016645567,0.00060749128
contraction_2D,8.6,0.083124861,0.48948102,-5.8763893e-05,-8.3124973e-14,0.010894104,0.016492071,0.00063875386
contraction_2D,8.6,0.082295073,0.49193684,-5.6910915e-05,-1.1182946e-13,0.011116503,0.016363509,0.00067087085
contraction_2D,8.6,0.081424336,0.49438345,-5.489427e-05,-8.2790595e-14,0.011353275,0.016298692,0.00070353287
contraction_2D,8.6,0.080510627,0.49687869,-5.2791279e-05,-8.2671127e-14,0.011601104,0.016258128,0.00073699441
contraction_2D,8.6,0.079551826,0.49938834,-5.057934e-05,-8.2424484e-14,0.01186293,0.016266293,0.00077091708
contraction_2D,8.6,0.078545708,0.50192018,-4.82649e-05,-8.23047e-14,0.012140466,0.016325862,0.00080512236
contraction_2D,8.6,0.077489938,0.50450853,-4.5859975e-05,-1.0183737e-13,0.012432679,0.016418325,0.00084004845
contraction_2D,8.6,0.076382066,0.50712363,-4.3350697e-05,-8.1684042e-14,0.012747379,0.016582413,0.00087499107
contraction_2D,8.6,0.075219519,0.50960628,-4.094972e-05,-8.1401545e-14,0.013057429,0.016778776,0.00090774986
contraction_2D,8.6,0.073999601,0.51249658,-3.8137476e-05,-8.0954434e-14,0.013435047,0.017068148,0.00094521128
contraction_2D,8.6,0.072719479,0.5152911,-3.5440818e-05,-8.0582352e-14,0.013812765,0.017399938,0.00098050307
contraction_2D,8.6,0.071376182,0.51816232,-3.2717768e-05,-7.9998657e-14,0.01421473,0.017798091,0.0010155918
contraction_2D,8.6,0.069966594,0.52111929,-2.9991195e-05,-7.9449173e-14,0.01464342,0.018268884,0.0010503899
contraction_2D,8.6,0.068487442,0.52417265,-2.7287683e-05,-7.8768453e-14,0.015101849,0.018819039,0.0010848933
contraction_2D,8.6,0.066935293,0.52733066,-2.4647405e-05,-8.3593276e-14,0.015593862,0.019459884,0.0011189845
contraction_2D,8.6,0.065306545,0.53060285,-2.211675e-05,-9.2179626e-14,0.016123914,0.020204484,0.0011525773
contraction_2D,8.6,0.063597418,0.53399932,-1.9747161e-05,-8.0202558e-14,0.016697043,0.021067937,0.0011856132
contraction_2D,8.6,0.061803945,0.53753189,-1.760591e-05,-7.5968369e-14,0.017319427,0.022068725,0.0012180798
contraction_2D,8.6,0.059921964,0.54121232,-1.5764883e-05,-7.5039532e-14,0.017998026,0.023228465,0.001249991
contraction_2D,8.6,0.057947106,0.54505304,-1.4307453e-05,-9.051666e-14,0.018740921,0.024572871,0.0012813961
contraction_2D,8.6,0.055874788,0.5490648,-1.3365499e-05,-7.2839154e-14,0.019560157,0.026143625,0.0013122507
contraction_2D,8.6,0.053700201,0.55326299,-1.3040941e-05,-9.8808563e-14,0.020466528,0.027975762,0.0013427892
contraction_2D,8.6,0.051418297,0.55765839,-1.3528012e-05,-6.9256796e-14,0.021478465,0.03013628,0.0013730626
contraction_2D,8.6,0.04902378,0.56186121,-1.4971904e-05,-6.7391149e-14,0.02240305,0.032109577,0.0014021796
contraction_2D,8.6,0.046511093,0.56390667,-1.6876289e-05,-8.0376308e-14,0.022265503,0.031241809,0.0014236203
contraction_2D,8.6,0.043874404,0.56519781,-1.8612465e-05,-6.7365648e-14,0.021813568,0.029607074,0.0014419818
contraction_2D,8.6,0.041107594,0.56618599,-1.9988944e-05,-6.7982163e-14,0.02127739,0.02783135,0.0014596194
contraction_2D,8.6,0.038204241,0.5670044,-2.0911479e-05,-6.8804489e-14,0.020724399,0.026088749,0.0014773467
contraction_2D,8.6,0.035157607,0.56770902,-2.1327518e-05,-7.3002755e-14,0.020183663,0.024447011,0.0014954462
contraction_2D,8.6,0.03196062,0.5683253,-2.1187894e-05,-7.0942575e-14,0.019671619,0.022940687,0.0015139302
contraction_2D,8.6,0.02860586,0.56886786,-2.0470924e-05,-7.1701462e-14,0.019198043,0.021584997,0.0015326088
contraction_2D,8.6,0.025085542,0.56934441,-1.9172478e-05,-7.2723975e-14,0.01876883,0.020385296,0.0015511477
contraction_2D,8.6,0.021391496,0.56975798,-1.7286544e-05,-7.3849922e-14,0.018389496,0.019347116,0.0015690545
contraction_2D,8.6,0.017515147,0.57010763,-1.4816977e-05,-7.5472446e-14,0.018065985,0.018477955,0.0015856496
contraction_2D,8.6,0.013447498,0.57039189,-1.1792901e-05,-7.6665332e-14,0.017803257,0.017782887,0.0016001284
contraction_2D,8.6,0.0091791104,0.57060921,-8.269592e-06,-7.7254479e-14,0.01760573,0.01726651,0.0016116453
contraction_2D,8.6,0.0047000761,0.57075924,-4.3989087e-06,-1.065617e-13,0.01747731,0.01693367,0.0016194461
contraction_2D,8.6,9.9939083e-08,0.57080856,-8.3328542e-11,-1.0994953e-16,0.017444421,0.016848933,0.0016214814
