station,x,r,Ux,Ur,Uz,k,epsilon,nut
expansion_4D,2.6,0.049969042,0.0069760296,2.9947054e-09,2.8462944e-16,4.4962397e-06,0.0042742592,1.4210365e-11
expansion_4D,2.6,0.049969017,0.007008367,3.0085584e-09,2.9836574e-16,4.5170802e-06,0.0042940763,1.4276243e-11
expansion_4D,2.6,0.049968991,0.0070423002,3.023095e-09,3.1277993e-16,4.5389492e-06,0.0043148715,1.4345373e-11
expansion_4D,2.6,0.049968964,0.0070779081,3.038349e-09,3.2790551e-16,4.5618975e-06,0.0043366929,1.4417914e-11
expansion_4D,2.6,0.049968935,0.0071152732,3.0543558e-09,3.437775e-16,4.5859782e-06,0.0043595911,1.4494035e-11
expansion_4D,2.6,0.049968906,0.0071544823,3.0711525e-09,3.6043278e-16,4.6112474e-06,0.0043836194,1.4573913e-11
expansion_4D,2.6,0.049968874,0.0071956265,3.0887783e-09,3.7791006e-16,4.6377636e-06,0.0044088336,1.4657733e-11
expansion_4D,2.6,0.049968841,0.0072388011,3.1072737e-09,3.9624978e-16,4.6655884e-06,0.0044352921,1.4745689e-11
expansion_4D,2.6,0.049968807,0.0072841063,3.126682e-09,4.1549461e-16,4.6947863e-06,0.0044630563,1.4837986e-11
expansion_4D,2.6,0.04996877,0.0073316474,3.1470481e-09,4.3568918e-16,4.7254252e-06,0.0044921906,1.4934837e-11
expansion_4D,2.6,0.049968732,0.0073815346,3.1684192e-09,4.5688031e-16,4.7575761e-06,0.0045227627,1.5036469e-11
expansion_4D,2.6,0.049968693,0.0074338838,3.190845e-09,4.7911726e-16,4.7913137e-06,0.0045548436,1.5143116e-11
expansion_4D,2.6,0.049968651,0.0074888165,3.2143775e-09,5.0245161e-16,4.8267162e-06,0.0045885077,1.5255026e-11
expansion_4D,2.6,0.049968607,0.0075464601,3.2390714e-09,5.2693755e-16,4.8638659e-06,0.0046238332,1.5372459e-11
expansion_4D,2.6,0.049968561,0.0076069484,3.2649839e-09,5.5263184e-16,4.9028488e-06,0.0046609019,1.5495687e-11
expansion_4D,2.6,0.049968512,0.0076704218,3.2921751e-09,5.7959415e-16,4.9437556e-06,0.0046998,1.5624996e-11
expansion_4D,2.6,0.049968461,0.0077370277,3.3207084e-09,6.0788707e-16,4.9866812e-06,0.0047406178,1.5760687e-11
expansion_4D,2.6,0.049968408,0.0078069207,3.3506497e-09,6.375763e-16,5.0317253e-06,0.0047834499,1.5903075e-11
expansion_4D,2.6,0.049968352,0.0078802628,3.3820686e-09,6.6873061e-16,5.0789921e-06,0.0048283958,1.6052489e-11
expansion_4D,2.6,0.049968293,0.0079572244,3.4150381e-09,7.0142248e-16,5.1285917e-06,0.0048755598,1.6209277e-11
expansion_4D,2.6,0.049968232,0.0080379841,3.4496346e-09,7.3572766e-16,5.180639e-06,0.0049250513,1.6373802e-11
expansion_4D,2.6,0.049968167,0.0081227293,3.4859385e-09,7.7172581e-16,5.2352549e-06,0.0049769853,1.6546447e-11
expansion_4D,2.6,0.049968099,0.0082116568,3.524034e-09,8.0950053e-16,5.2925661e-06,0.0050314823,1.6727612e-11
expansion_4D,2.6,0.049968028,0.0083049727,3.5640095e-09,8.491394e-16,5.3527056e-06,0.0050886686,1.6917718e-11
expansion_4D,2.6,0.049967954,0.0084028939,3.6059578e-09,8.9073448e-16,5.415813e-06,0.0051486772,1.7117205e-11
expansion_4D,2.6,0.049967875,0.0085056475,3.6499763e-09,9.3438225e-16,5.4820347e-06,0.0052116471,1.7326537e-11
expansion_4D,2.6,0.049967793,0.0086134721,3.6961671e-09,9.801841e-16,5.5515246e-06,0.0052777247,1.75462e-11
expansion_4D,2.6,0.049967707,0.0087266178,3.7446374e-09,1.0282462e-15,5.6244438e-06,0.0053470632,1.7776702e-11
expansion_4D,2.6,0.049967616,0.0088453473,3.7954998e-09,1.0786803e-15,5.7009616e-06,0.0054198236,1.8018581e-11
expansion_4D,2.6,0.049967521,0.0089699361,3.8488722e-09,1.1316033e-15,5.7812555e-06,0.0054961747,1.8272396e-11
expansion_4D,2.6,0.049967421,0.0091006734,3.9048786e-09,1.187138e-15,5.865512e-06,0.0055762938,1.8538737e-11
expansion_4D,2.6,0.049967317,0.0092378627,3.9636489e-09,1.2454135e-15,5.9539265e-06,0.0056603668,1.8818222e-11
expansion_4D,2.6,0.049967207,0.0093818223,4.0253196e-09,1.3065648e-15,6.0467043e-06,0.0057485888,1.91115e-11
expansion_4D,2.6,0.049967092,0.0095328864,4.0900337e-09,1.370734e-15,6.1440609e-06,0.0058411647,1.9419251e-11
expansion_4D,2.6,0.049966971,0.0096914054,4.1579415e-09,1.4380698e-15,6.2462219e-06,0.0059383091,1.974219e-11
expansion_4D,2.6,0.049966844,0.0098577475,4.2292005e-09,1.5087288e-15,6.3534246e-06,0.0060402477,2.0081066e-11
expansion_4D,2.6,0.049966711,0.010032299,4.3039762e-09,1.5828749e-15,6.4659178e-06,0.0061472169,2.0436665e-11
expansion_4D,2.6,0.049966571,0.010215464,4.3824422e-09,1.66068e-15,6.5839626e-06,0.0062594652,2.0809814e-11
expansion_4D,2.6,0.049966425,0.010407669,4.4647804e-09,1.7423249e-15,6.707833e-06,0.0063772529,2.1201377e-11
expansion_4D,2.6,0.049966271,0.010609358,4.551182e-09,1.827999e-15,6.8378163e-06,0.0065008535,2.1612264e-11
expansion_4D,2.6,0.04996611,0.010821002,4.6418476e-09,1.917901e-15,6.9742144e-06,0.0066305538,2.2043429e-11
expansion_4D,2.6,0.04996594,0.01104309,4.7369876e-09,2.0122398e-15,7.1173438e-06,0.0067666549,2.2495872e-11
expansion_4D,2.6,0.049965762,0.011276138,4.8368228e-09,2.1112343e-15,7.2675367e-06,0.0069094726,2.2970643e-11
expansion_4D,2.6,0.049965576,0.011520687,4.9415848e-09,2.2151142e-15,7.4251416e-06,0.0070593384,2.3468844e-11
expansion_4D,2.6,0.04996538,0.011777305,5.051517e-09,2.3241206e-15,7.5905245e-06,0.0072166002,2.3991631e-11
expansion_4D,2.6,0.049965175,0.012046587,5.1668743e-09,2.4385064e-15,7.764069e-06,0.0073816228,2.4540218e-11
expansion_4D,2.6,0.049964959,0.012329158,5.2879244e-09,2.5585373e-15,7.9461779e-06,0.0075547893,2.5115878e-11
expansion_4D,2.6,0.049964733,0.012625674,5.4149485e-09,2.6844917e-15,8.137274e-06,0.0077365018,2.5719948e-11
expansion_4D,2.6,0.049964496,0.012936823,5.5482413e-09,2.816662e-15,8.3378008e-06,0.0079271817,2.6353828e-11
expansion_4D,2.6,0.049964247,0.013263327,5.6881121e-09,2.9553549e-15,8.5482236e-06,0.0081272718,2.701899e-11
expansion_4D,2.6,0.049963986,0.013605945,5.8348856e-09,3.1008924e-15,8.7690308e-06,0.0083372364,2.7716978e-11
expansion_4D,2.6,0.049963712,0.013965471,5.9889024e-09,3.2536123e-15,9.000735e-06,0.0085575629,2.8449413e-11
expansion_4D,2.6,0.049963424,0.01434274,6.1505199e-09,3.4138688e-15,9.2438738e-06,0.0087887624,2.9217993e-11
expansion_4D,2.6,0.049963122,0.014738627,6.3201134e-09,3.5820341e-15,9.4990117e-06,0.0090313718,3.0024502e-11
expansion_4D,2.6,0.049962805,0.015154051,6.4980763e-09,3.7584985e-15,9.7667407e-06,0.009285954,3.0870814e-11
expansion_4D,2.6,0.049962473,0.015589976,6.6848218e-09,3.9436714e-15,1.0047682e-05,0.0095531,3.1758891e-11
expansion_4D,2.6,0.049962124,0.016047415,6.8807832e-09,4.1379826e-15,1.0342488e-05,0.0098334297,3.2690795e-11
expansion_4D,2.6,0.049961758,0.016527428,7.0864154e-09,4.3418832e-15,1.0651843e-05,0.010127594,3.3668689e-11
expansion_4D,2.6,0.049961374,0.01703113,7.3021956e-09,4.5558463e-15,1.0976465e-05,0.010436275,3.4694842e-11
expansion_4D,2.6,0.049960971,0.01755969,7.5286246e-09,4.7803686e-15,1.1317106e-05,0.01076019,3.5771636e-11
expansion_4D,2.6,0.049960548,0.018114334,7.766228e-09,5.015971e-15,1.1674559e-05,0.011100089,3.690157e-11
expansion_4D,2.6,0.049960104,0.018696351,8.0155572e-09,5.2632006e-15,1.2049652e-05,0.011456764,3.8087267e-11
expansion_4D,2.6,0.049959638,0.01930709,8.2771908e-09,5.522631e-15,1.2443256e-05,0.01183104,3.9331478e-11
expansion_4D,2.6,0.049959149,0.019947969,8.5517362e-09,5.7948645e-15,1.2856284e-05,0.012223786,4.0637092e-11
expansion_4D,2.6,0.049958637,0.020620476,8.8398304e-09,6.0805326e-15,1.3289695e-05,0.012635915,4.2007138e-11
expansion_4D,2.6,0.049958098,0.021326171,9.1421422e-09,6.3802987e-15,1.3744496e-05,0.013068383,4.3444797e-11
expansion_4D,2.6,0.049957534,0.022066692,9.4593732e-09,6.6948583e-15,1.4221741e-05,0.013522193,4.4953404e-11
expansion_4D,2.6,0.049956941,0.022843759,9.7922596e-09,7.0249415e-15,1.4722538e-05,0.013998399,4.6536461e-11
expansion_4D,2.6,0.049956319,0.023659174,1.0141574e-08,7.3713144e-15,1.524805e-05,0.014498105,4.8197643e-11
expansion_4D,2.6,0.049955667,0.02451483,1.0508127e-08,7.7347809e-15,1.5799496e-05,0.015022473,4.9940805e-11
expansion_4D,2.6,0.049954982,0.025412713,1.089277e-08,8.1161847e-15,1.6378156e-05,0.015572718,5.1769992e-11
expansion_4D,2.6,0.049954264,0.026354907,1.1296395e-08,8.5164108e-15,1.6985373e-05,0.016150118,5.3689451e-11
expansion_4D,2.6,0.04995351,0.027343598,1.1719939e-08,8.9363882e-15,1.7622556e-05,0.016756012,5.5703635e-11
expansion_4D,2.6,0.049952718,0.028381082,1.2164385e-08,9.3770917e-15,1.8291184e-05,0.017391808,5.781722e-11
expansion_4D,2.6,0.049951888,0.029469765,1.2630765e-08,9.839544e-15,1.899281e-05,0.01805898,6.0035111e-11
expansion_4D,2.6,0.049951017,0.030612176,1.3120161e-08,1.0324818e-14,1.9729061e-05,0.018759078,6.2362456e-11
expansion_4D,2.6,0.049950103,0.031810965,1.3633708e-08,1.0834041e-14,2.0501646e-05,0.019493726,6.4804656e-11
expansion_4D,2.6,0.049949144,0.033068915,1.41726e-08,1.1368395e-14,2.1312359e-05,0.020264629,6.7367379e-11
expansion_4D,2.6,0.049948137,0.034388944,1.4738085e-08,1.1929118e-14,2.216308e-05,0.021073576,7.0056573e-11
expansion_4D,2.6,0.049947081,0.035774118,1.5331478e-08,1.2517514e-14,2.3055785e-05,0.021922445,7.2878481e-11
expansion_4D,2.6,0.049945972,0.03722765,1.5954155e-08,1.3134947e-14,2.3992545e-05,0.022813205,7.583965e-11
expansion_4D,2.6,0.049944809,0.038752915,1.6607561e-08,1.3782851e-14,2.4975535e-05,0.023747926,7.8946954e-11
expansion_4D,2.6,0.049943588,0.040353452,1.7293212e-08,1.4462729e-14,2.6007035e-05,0.024728775,8.2207604e-11
expansion_4D,2.6,0.049942308,0.042032977,1.8012701e-08,1.5176159e-14,2.7089441e-05,0.025758029,8.5629168e-11
expansion_4D,2.6,0.049940964,0.043795386,1.8767697e-08,1.5924797e-14,2.8225263e-05,0.026838077,8.9219588e-11
expansion_4D,2.6,0.049939553,0.04564477,1.9559953e-08,1.6710381e-14,2.9417139e-05,0.027971426,9.2987196e-11
expansion_4D,2.6,0.049938073,0.047585423,2.0391306e-08,1.7534733e-14,3.0667834e-05,0.029160706,9.6940737e-11
expansion_4D,2.6,0.04993652,0.049621847,2.1263687e-08,1.8399768e-14,3.1980251e-05,0.030408678,1.0108939e-10
expansion_4D,2.6,0.049934891,0.051758769,2.217912e-08,1.9307492e-14,3.3357436e-05,0.031718237,1.0544277e-10
expansion_4D,2.6,0.049933181,0.05400115,2.313973e-08,2.0260013e-14,3.4802586e-05,0.033092423,1.10011e-10
expansion_4D,2.6,0.049931386,0.056354192,2.4147747e-08,2.1259541e-14,3.6319055e-05,0.034534426,1.1480467e-10
expansion_4D,2.6,0.049929503,0.058823358,2.5205509e-08,2.2308396e-14,3.7910362e-05,0.036047592,1.1983491e-10
expansion_4D,2.6,0.049927528,0.061414378,2.6315473e-08,2.3409013e-14,3.95802e-05,0.037635434,1.251134e-10
expansion_4D,2.6,0.049925454,0.064133266,2.7480213e-08,2.4563945e-14,4.1332446e-05,0.039301636,1.3065238e-10
expansion_4D,2.6,0.049923278,0.066986331,2.8702434e-08,2.5775873e-14,4.3171165e-05,0.041050066,1.3646471e-10
expansion_4D,2.6,0.049920995,0.069980197,2.9984972e-08,2.7047611e-14,4.5100626e-05,0.042884781,1.4256388e-10
expansion_4D,2.6,0.0499186,0.072083918,3.0887655e-08,2.8376185e-14,4.6456316e-05,0.044173868,1.4684942e-10
expansion_4D,2.6,0.049916086,0.073668193,3.1568771e-08,2.9766767e-14,4.7477173e-05,0.045144545,1.500766e-10
expansion_4D,2.6,0.049913448,0.075330653,3.22835e-08,3.1225975e-14,4.8548411e-05,0.046163125,1.5346304e-10
expansion_4D,2.6,0.049910679,0.077195343,3.3723436e-08,3.2577777e-14,5.0774688e-05,0.047425967,1.7154447e-10
expansion_4D,2.6,0.049907774,0.081179071,4.6870632e-08,3.0970289e-14,7.1699704e-05,0.052022995,4.3553989e-10
expansion_4D,2.6,0.049904726,0.085359397,6.0666646e-08,2.9283471e-14,9.3657376e-05,0.056846887,7.1256358e-10
expansion_4D,2.6,0.049901528,0.089744453,7.5138019e-08,2.7540938e-14,0.00011669044,0.061907036,1.0031546e-09
expansion_4D,2.6,0.049898171,0.094133876,8.9584161e-08,2.9427786e-14,0.00013975032,0.066973422,1.294068e-09
expansion_4D,2.6,0.049894649,0.09873992,1.0474322e-07,3.140775e-14,0.0001639482,0.072289836,1.5993382e-09
expansion_4D,2.6,0.049890953,0.10357327,1.2065039e-07,3.3485425e-14,0.00018934026,0.077868617,1.9196735e-09
expansion_4D,2.6,0.049887075,0.10864515,1.3734258e-07,3.5665635e-14,0.00021598543,0.083722712,2.2558174e-09
expansion_4D,2.6,0.049883005,0.11396733,1.5485854e-07,3.7953439e-14,0.00024394555,0.089865709,2.6085502e-09
expansion_4D,2.6,0.049878734,0.11955216,1.7323891e-07,4.0354147e-14,0.0002732855,0.096311865,2.9786904e-09
expansion_4D,2.6,0.049874253,0.12541261,1.9252637e-07,4.287333e-14,0.00030407339,0.10307614,3.3670972e-09
expansion_4D,2.6,0.04986955,0.13156227,2.1276566e-07,4.5516836e-14,0.00033638068,0.11017424,3.774672e-09
expansion_4D,2.6,0.049864616,0.13801541,2.3400377e-07,4.82908e-14,0.00037028234,0.11762262,4.2023607e-09
expansion_4D,2.6,0.049859438,0.14478702,2.5628999e-07,5.120166e-14,0.00040585706,0.12543859,4.651156e-09
expansion_4D,2.6,0.049854004,0.15189282,2.7967604e-07,5.4256172e-14,0.0004431874,0.13364028,5.1220996e-09
expansion_4D,2.6,0.049848302,0.15934928,3.042162e-07,5.7461425e-14,0.00048236,0.14224673,5.6162843e-09
expansion_4D,2.6,0.049842319,0.16717373,3.2996742e-07,6.0824858e-14,0.00052346579,0.1512779,6.1348572e-09
expansion_4D,2.6,0.049836041,0.17538431,3.5698948e-07,6.4354278e-14,0.00056660016,0.16075477,6.6790218e-09
expansion_4D,2.6,0.049829452,0.18400009,3.8534508e-07,6.8057876e-14,0.00061186323,0.17069932,7.2500412e-09
expansion_4D,2.6,0.049822539,0.19304106,4.1510004e-07,7.1944247e-14,0.00065936004,0.18113465,7.8492405e-09
expansion_4D,2.6,0.049815284,0.20252821,4.4632342e-07,7.6022413e-14,0.00070920084,0.19208495,8.4780105e-09
expansion_4D,2.6,0.049807672,0.21248355,4.7908768e-07,8.0301837e-14,0.00076150129,0.20357566,9.1378106e-09
expansion_4D,2.6,0.049799683,0.22293018,5.1346887e-07,8.4792452e-14,0.0008163828,0.21563344,9.8301719e-09
expansion_4D,2.6,0.049791301,0.23351284,5.4840851e-07,9.605815e-14,0.00087197167,0.22784599,1.0531487e-08
expansion_4D,2.6,0.049782505,0.24507699,6.1292263e-07,9.3834245e-14,0.0010063192,0.24665307,1.418968e-08
expansion_4D,2.6,0.049773274,0.25738532,7.0003538e-07,8.8127545e-14,0.0012012036,0.27052317,2.012187e-08
expansion_4D,2.6,0.049763588,0.26996334,7.8894188e-07,9.3473457e-14,0.0014003786,0.29491996,2.6184632e-08
expansion_4D,2.6,0.049753425,0.28316209,8.8223595e-07,9.9083192e-14,0.0016093828,0.32052073,3.2546594e-08
expansion_4D,2.6,0.049742759,0.2970122,9.8013411e-07,1.0496977e-13,0.0018287015,0.34738491,3.922252e-08
expansion_4D,2.6,0.049731567,0.31154581,1.0828636e-06,1.1114685e-13,0.0020588437,0.37557484,4.6227906e-08
expansion_4D,2.6,0.049719823,0.32679667,1.1906628e-06,1.1762877e-13,0.0023003434,0.40515596,5.357901e-08
expansion_4D,2.6,0.0497075,0.34280016,1.3037819e-06,1.2443058e-13,0.0025537613,0.43619692,6.1292893e-08
expansion_4D,2.6,0.049694568,0.35959342,1.4224835e-06,1.3156806e-13,0.0028196854,0.46876975,6.9387459e-08
expansion_4D,2.6,0.049680998,0.37721544,1.547043e-06,1.3905778e-13,0.0030987329,0.50295007,7.7881494e-08
expansion_4D,2.6,0.049666758,0.39570712,1.6777496e-06,1.4691711e-13,0.0033915515,0.5388172,8.6794713e-08
expansion_4D,2.6,0.049651815,0.41447307,1.8134509e-06,1.7549212e-13,0.0036986916,0.57606666,9.7063011e-08
expansion_4D,2.6,0.049636136,0.43488825,2.0517762e-06,1.5140164e-13,0.0043845772,0.64670513,1.5120682e-07
expansion_4D,2.6,0.049619682,0.45561813,2.2934644e-06,1.6032431e-13,0.0050811236,0.71844645,2.0619501e-07
expansion_4D,2.6,0.049602416,0.47737103,2.5470801e-06,1.6968733e-13,0.0058120447,0.79372823,2.6389688e-07
expansion_4D,2.6,0.049584298,0.50019745,2.8132117e-06,1.7951241e-13,0.0065790371,0.87272519,3.2444636e-07
expansion_4D,2.6,0.049565287,0.52415036,3.092477e-06,1.8982236e-13,0.0073838808,0.95562068,3.8798398e-07
expansion_4D,2.6,0.049545336,0.54928535,3.3855242e-06,2.0064112e-13,0.0082284437,1.0426071,4.546572e-07
expansion_4D,2.6,0.049524402,0.57566076,3.6930333e-06,2.1199378e-13,0.0091146862,1.1338863,5.2462077e-07
expansion_4D,2.6,0.049502434,0.60255516,4.0146869e-06,2.5354008e-13,0.010045159,1.22917,6.0714184e-07
expansion_4D,2.6,0.049479382,0.6290011,4.4707e-06,2.22368e-13,0.011485101,1.3662877,9.0679863e-07
expansion_4D,2.6,0.049455193,0.65611136,4.9378935e-06,2.3407892e-13,0.012961311,1.5068665,1.2140149e-06
expansion_4D,2.6,0.049429809,0.68455951,5.4281431e-06,2.4636777e-13,0.014510373,1.6543829,1.5363923e-06
expansion_4D,2.6,0.049403173,0.71441159,5.9425867e-06,2.5926308e-13,0.016135882,1.8091793,1.8746792e-06
expansion_4D,2.6,0.049375223,0.74573688,6.4824182e-06,2.7279478e-13,0.01784161,1.971615,2.2296607e-06
expansion_4D,2.6,0.049345893,0.77822041,7.0429995e-06,3.1377675e-13,0.019610347,2.1400463,2.5977476e-06
expansion_4D,2.6,0.049315116,0.80697572,7.7108353e-06,2.8764625e-13,0.021302014,2.2804706,3.2791003e-06
expansion_4D,2.6,0.04928282,0.83539597,8.4162154e-06,3.0004594e-13,0.023007793,2.4169461,4.0478381e-06
expansion_4D,2.6,0.04924893,0.86521876,9.1564061e-06,3.1305756e-13,0.024797753,2.5601568,4.8545134e-06
expansion_4D,2.6,0.049213367,0.89651332,9.9331255e-06,3.267113e-13,0.026676048,2.7104349,5.7009984e-06
expansion_4D,2.6,0.04917605,0.92935227,1.0748176e-05,3.4103887e-13,0.028647038,2.8681293,6.5892577e-06
expansion_4D,2.6,0.049136891,0.95825316,1.1631708e-05,3.4379409e-13,0.030200313,2.9559733,7.6864362e-06
expansion_4D,2.6,0.049095799,0.98501036,1.2571578e-05,3.5556607e-13,0.031502542,2.9991339,8.9386745e-06
expansion_4D,2.6,0.04905268,1.013088,1.3557831e-05,3.67919e-13,0.032869036,3.0444245,1.0252711e-05
expansion_4D,2.6,0.049007433,1.0425514,1.4592755e-05,3.8088156e-13,0.034302968,3.0919502,1.1631596e-05
expansion_4D,2.6,0.048959952,1.0724779,1.5671347e-05,4.4554171e-13,0.035732449,3.1342709,1.3079928e-05
expansion_4D,2.6,0.048910129,1.0968498,1.6863935e-05,3.9672055e-13,0.03655792,3.0939771,1.485902e-05
expansion_4D,2.6,0.048857846,1.1221121,1.8100652e-05,4.0791273e-13,0.03741353,3.0522033,1.6703143e-05
expansion_4D,2.6,0.048802984,1.1486211,1.9398401e-05,4.1965724e-13,0.038311364,3.0083678,1.8638274e-05
expansion_4D,2.6,0.048745414,1.1758998,2.0747076e-05,5.0097074e-13,0.03922771,2.9620448,2.064924e-05
expansion_4D,2.6,0.048685003,1.1982908,2.2234787e-05,4.3498994e-13,0.039703631,2.8793615,2.3017626e-05
expansion_4D,2.6,0.04862161,1.2214832,2.3776856e-05,4.4532453e-13,0.040196565,2.7937113,2.5470809e-05
expansion_4D,2.6,0.048555089,1.2458201,2.5395026e-05,4.5616914e-13,0.040713826,2.7038343,2.8045058e-05
expansion_4D,2.6,0.048485286,1.2693603,2.7111632e-05,4.6098602e-13,0.041147201,2.6103002,3.0802557e-05
expansion_4D,2.6,0.048412037,1.2901521,2.8937716e-05,4.7038239e-13,0.041390696,2.5139249,3.3794471e-05
expansion_4D,2.6,0.048335174,1.3119699,3.0853918e-05,4.8024249e-13,0.041646207,2.4127934,3.6934037e-05
expansion_4D,2.6,0.048254517,1.3346796,3.285118e-05,5.5141105e-13,0.041912172,2.3075329,4.0201893e-05
expansion_4D,2.6,0.04816988,1.3543208,3.5023451e-05,4.9444903e-13,0.042018943,2.2121539,4.3771169e-05
expansion_4D,2.6,0.048081066,1.3743576,3.7288152e-05,5.0355495e-13,0.042114784,2.1143858,4.7491162e-05
expansion_4D,2.6,0.04798787,1.3953833,3.9664616e-05,5.1311024e-13,0.042215355,2.0117928,5.1394738e-05
expansion_4D,2.6,0.047890073,1.4144362,4.2201245e-05,5.1743039e-13,0.042241179,1.9206333,5.5507775e-05
expansion_4D,2.6,0.047787451,1.4332454,4.4873627e-05,5.2612279e-13,0.042237589,1.8314306,5.9824493e-05
expansion_4D,2.6,0.047679764,1.4529828,4.7677891e-05,5.3524416e-13,0.042233823,1.7378257,6.4354243e-05
expansion_4D,2.6,0.047566763,1.4712031,5.0665453e-05,5.3966611e-13,0.042186928,1.6552904,6.9077309e-05
expansion_4D,2.6,0.047448185,1.4891998,5.3813762e-05,5.4806275e-13,0.042118855,1.5756959,7.4013685e-05
expansion_4D,2.6,0.047323755,1.5080608,5.7114058e-05,5.6971875e-13,0.042047514,1.4922795,7.9187115e-05
expansion_4D,2.6,0.047193185,1.5253492,6.0639066e-05,5.6125744e-13,0.041946082,1.421163,8.454345e-05
expansion_4D,2.6,0.047056171,1.5428496,6.4341466e-05,5.695325e-13,0.04183368,1.3506081,9.0131274e-05
expansion_4D,2.6,0.046912395,1.5609613,6.8205542e-05,6.6440657e-13,0.041716058,1.2778541,9.5943185e-05
expansion_4D,2.6,0.046761524,1.5775343,7.2375563e-05,5.8252937e-13,0.041576465,1.2177286,0.00010197617
expansion_4D,2.6,0.046603207,1.5947848,7.6721144e-05,5.9083421e-13,0.041431164,1.1551434,0.00010825587
expansion_4D,2.6,0.046437077,1.6119375,8.1310226e-05,5.9574428e-13,0.041277098,1.0952656,0.00011476717
expansion_4D,2.6,0.046262749,1.6283272,8.616061e-05,6.0382029e-13,0.041113135,1.0421475,0.00012145638
expansion_4D,2.6,0.046079818,1.6455258,9.1250362e-05,6.1229486e-13,0.040941081,0.98640806,0.0001284757
expansion_4D,2.6,0.045887859,1.6617143,9.6644957e-05,6.1711455e-13,0.040762443,0.93847344,0.00013562839
expansion_4D,2.6,0.045686426,1.6782112,0.00010231288,6.2548052e-13,0.040575661,0.89090776,0.00014307302
expansion_4D,2.6,0.045475053,1.6949074,0.00010828108,6.3070114e-13,0.040381331,0.84423672,0.00015079621
expansion_4D,2.6,0.045253249,1.7108591,0.00011457679,6.3889106e-13,0.040182105,0.8034065,0.0001586615
expansion_4D,2.6,0.045020498,1.7275762,0.00012117645,6.6593432e-13,0.039973317,0.76061721,0.00016690417
expansion_4D,2.6,0.044776261,1.743446,0.00012815536,6.5260876e-13,0.03976062,0.72382234,0.00017525628
expansion_4D,2.6,0.044519971,1.7597426,0.00013547267,6.612596e-13,0.039539208,0.68682749,0.00018394332
expansion_4D,2.6,0.044251033,1.7759824,0.00014316547,6.6675298e-13,0.039310926,0.65177076,0.00019286289
expansion_4D,2.6,0.043968823,1.7919416,0.00015124417,6.7556207e-13,0.039076762,0.6196465,0.00020197001
expansion_4D,2.6,0.043672685,1.8084413,0.00015970061,7.3785604e-13,0.038832797,0.58681317,0.00021144144
expansion_4D,2.6,0.043361933,1.8242058,0.00016861185,6.904521e-13,0.038583814,0.55866901,0.00022098032
expansion_4D,2.6,0.043035846,1.8406893,0.00017793693,6.9995208e-13,0.03832348,0.52924058,0.00023095465
expansion_4D,2.6,0.042693666,1.856561,0.00018768442,7.0598283e-13,0.038057732,0.50344451,0.00024094122
expansion_4D,2.6,0.042334599,1.8728575,0.00019789823,7.157855e-13,0.037780937,0.47762365,0.0002512983
expansion_4D,2.6,0.041957812,1.889042,0.00020855923,7.2232476e-13,0.037495055,0.45348384,0.00026179657
expansion_4D,2.6,0.04156243,1.9052169,0.00021969041,7.3283653e-13,0.037199433,0.43071966,0.00027248606
expansion_4D,2.6,0.041147537,1.9216891,0.00023131401,7.3988918e-13,0.036891447,0.40829569,0.0002834611
expansion_4D,2.6,0.040712168,1.9377996,0.00024337252,7.5087013e-13,0.036574152,0.38813385,0.0002944137
expansion_4D,2.6,0.040255313,1.9544947,0.00025596657,8.2053068e-13,0.036242764,0.36746357,0.00030577889
expansion_4D,2.6,0.039775913,1.9706429,0.0002689645,7.6996505e-13,0.035899354,0.34946914,0.00031693682
expansion_4D,2.6,0.039272854,1.9874715,0.00028253531,8.587382e-13,0.035541474,0.33071662,0.0003285647
expansion_4D,2.6,0.038744969,2.0037874,0.00029642954,7.9065793e-13,0.035168271,0.31434053,0.00033986257
expansion_4D,2.6,0.038191033,2.0207125,0.00031093558,8.0410344e-13,0.034778773,0.29751811,0.00035158846
expansion_4D,2.6,0.03760976,2.037276,0.00032565071,8.1319675e-13,0.03437298,0.28238244,0.00036294038
expansion_4D,2.6,0.0369998,2.0542787,0.00034094083,8.2749378e-13,0.033948492,0.26727725,0.00037456069
expansion_4D,2.6,0.036359739,2.0711522,0.00035640012,8.3755032e-13,0.033504246,0.25325156,0.00038585197
expansion_4D,2.6,0.035688091,2.088272,0.00037228577,8.5344348e-13,0.033039358,0.23962041,0.00039716912
expansion_4D,2.6,0.034983297,2.1054587,0.00038829825,8.6456031e-13,0.032551332,0.22662712,0.00040820116
expansion_4D,2.6,0.034243721,2.1227305,0.00040448936,8.8205637e-13,0.03203981,0.21425876,0.0004189746
expansion_4D,2.6,0.033467647,2.1402348,0.00042076074,8.9457115e-13,0.031501804,0.20220978,0.00042950424
expansion_4D,2.6,0.032653273,2.1576877,0.0004368314,9.1494318e-13,0.030936494,0.19091861,0.00043944689
expansion_4D,2.6,0.031798709,2.1755123,0.00045292849,9.2937019e-13,0.030341338,0.17971999,0.00044918214
expansion_4D,2.6,0.030901973,2.1931667,0.00046827218,9.5273146e-13,0.029714122,0.16934138,0.00045795916
expansion_4D,2.6,0.029960982,2.2113086,0.0004835761,9.6923615e-13,0.029053646,0.15889669,0.0004665573
expansion_4D,2.6,0.028973553,2.2291708,0.00049734695,9.9622611e-13,0.028355522,0.14928406,0.00047378942
expansion_4D,2.6,0.027937394,2.2476157,0.00051099145,1.0152325e-12,0.027620651,0.13949745,0.00048085968
expansion_4D,2.6,0.0268501,2.2656685,0.00052202721,1.0465104e-12,0.026842115,0.13052178,0.00048613553
expansion_4D,2.6,0.025709148,2.2843668,0.00053282339,1.1006694e-12,0.026023907,0.12130787,0.00049125057
expansion_4D,2.6,0.02451189,2.3025659,0.00053953735,1.1060933e-12,0.025155369,0.11285511,0.00049415718
expansion_4D,2.6,0.023255547,2.3214387,0.00054586858,1.2200058e-12,0.024245102,0.10413431,0.00049688959
expansion_4D,2.6,0.021937202,2.339659,0.00054611866,1.1774857e-12,0.023280372,0.096127356,0.00049707099
expansion_4D,2.6,0.020553797,2.3585693,0.00054577796,1.3461113e-12,0.022271708,0.087839111,0.00049705218
expansion_4D,2.6,0.019102121,2.3765476,0.00053667381,1.2638902e-12,0.021213912,0.080261135,0.00049435006
expansion_4D,2.6,0.017578803,2.3952283,0.00052664539,1.4824475e-12,0.020109259,0.072396864,0.00049140495
expansion_4D,2.6,0.01598031,2.4124796,0.00050477546,1.3681798e-12,0.01898187,0.065330857,0.00048611695
expansion_4D,2.6,0.01430293,2.4304228,0.00048130666,1.6268642e-12,0.017805014,0.057986026,0.00048053639
expansion_4D,2.6,0.012542771,2.4460807,0.00044072533,1.4931161e-12,0.016673813,0.051690905,0.00047380921
expansion_4D,2.6,0.010695748,2.4623335,0.00039762329,1.7731462e-12,0.015495954,0.045159515,0.00046679673
expansion_4D,2.6,0.0087575733,2.4749493,0.00034016884,1.6213194e-12,0.014500544,0.040153546,0.0004608119
expansion_4D,2.6,0.0067237492,2.4877271,0.00027829258,1.8439354e-12,0.013489533,0.035085245,0.00045476198
expansion_4D,2.6,0.0045895552,2.4951949,0.00018852846,1.4762851e-12,0.0128602,0.032148886,0.00045147415
expansion_4D,2.6,0.002350038,2.895214,0.0001525299,1.5946297e-12,0.014433705,0.035083634,0.00052049378
expansion_4D,2.6,4.9969541e-08,2.5008644,1.9687968e-09,2.5150124e-15,0.01238199,0.029918475,0.00044896799
expansion_3D,2.7,0.049969042,0.0040360629,1.5753432e-09,2.9820323e-16,2.6112339e-06,0.0024851106,8.2407329e-12
expansion_3D,2.7,0.049969017,0.0040684896,1.5880503e-09,3.127538e-16,2.6322029e-06,0.0025050742,8.3069373e-12
expansion_3D,2.7,0.049968991,0.0041025165,1.6013844e-09,3.2802246e-16,2.6542068e-06,0.0025260229,8.376409e-12
expansion_3D,2.7,0.049968964,0.0041382228,1.6153767e-09,3.4404466e-16,2.6772966e-06,0.0025480056,8.4493092e-12
expansion_3D,2.7,0.049968935,0.0041756911,1.6300594e-09,3.6085752e-16,2.7015258e-06,0.002571073,8.525807e-12
expansion_3D,2.7,0.049968906,0.0042150085,1.6454667e-09,3.7850011e-16,2.7269507e-06,0.0025952788,8.6060799e-12
expansion_3D,2.7,0.049968874,0.0042562664,1.6616345e-09,3.9701342e-16,2.7536305e-06,0.0026206793,8.6903146e-12
expansion_3D,2.7,0.049968841,0.0042995602,1.6786001e-09,4.1644031e-16,2.7816268e-06,0.0026473332,8.778706e-12
expansion_3D,2.7,0.049968807,0.0043449906,1.6964029e-09,4.3682595e-16,2.8110048e-06,0.0026753025,8.8714597e-12
expansion_3D,2.7,0.04996877,0.004392663,1.7150843e-09,4.5821762e-16,2.8418326e-06,0.0027046521,8.9687908e-12
expansion_3D,2.7,0.049968732,0.004442688,1.7346877e-09,4.8066495e-16,2.8741816e-06,0.0027354501,9.070925e-12
expansion_3D,2.7,0.049968693,0.0044951818,1.7552584e-09,5.0422008e-16,2.9081272e-06,0.002767768,9.1780997e-12
expansion_3D,2.7,0.049968651,0.0045502662,1.7768444e-09,5.2893766e-16,2.943748e-06,0.0028016808,9.2905635e-12
expansion_3D,2.7,0.049968607,0.0046080691,1.7994956e-09,5.548751e-16,2.9811268e-06,0.0028372672,9.4085777e-12
expansion_3D,2.7,0.049968561,0.0046687245,1.8232647e-09,5.8209252e-16,3.0203501e-06,0.0028746098,9.5324156e-12
expansion_3D,2.7,0.049968512,0.0047323732,1.8482068e-09,6.1065313e-16,3.0615091e-06,0.0029137953,9.662365e-12
expansion_3D,2.7,0.049968461,0.0047991631,1.8743798e-09,6.4062323e-16,3.1046994e-06,0.0029549146,9.7987275e-12
expansion_3D,2.7,0.049968408,0.0048692492,1.9018445e-09,6.720724e-16,3.1500212e-06,0.0029980632,9.9418198e-12
expansion_3D,2.7,0.049968352,0.0049427938,1.9306644e-09,7.050735e-16,3.1975794e-06,0.0030433411,1.0091973e-11
expansion_3D,2.7,0.049968293,0.0050199681,1.9609068e-09,7.3970331e-16,3.2474849e-06,0.0030908536,1.0249537e-11
expansion_3D,2.7,0.049968232,0.0051009508,1.9926415e-09,7.7604207e-16,3.2998531e-06,0.0031407107,1.0414877e-11
expansion_3D,2.7,0.049968167,0.0051859301,2.0259424e-09,8.1417415e-16,3.3548056e-06,0.0031930284,1.0588376e-11
expansion_3D,2.7,0.049968099,0.0052751033,2.0608867e-09,8.5418812e-16,3.4124702e-06,0.003247928,1.0770438e-11
expansion_3D,2.7,0.049968028,0.005368677,2.0975556e-09,8.9617673e-16,3.4729805e-06,0.0033055368,1.0961484e-11
expansion_3D,2.7,0.049967954,0.0054668687,2.136034e-09,9.4023752e-16,3.536477e-06,0.0033659887,1.1161958e-11
expansion_3D,2.7,0.049967875,0.0055699061,2.1764113e-09,9.8647269e-16,3.6031071e-06,0.0034294239,1.1372326e-11
expansion_3D,2.7,0.049967793,0.0056780285,2.2187813e-09,1.0349896e-15,3.6730254e-06,0.0034959896,1.1593076e-11
expansion_3D,2.7,0.049967707,0.0057914868,2.2632423e-09,1.0859008e-15,3.7463941e-06,0.0035658404,1.1824719e-11
expansion_3D,2.7,0.049967616,0.0059105443,2.3098974e-09,1.1393246e-15,3.8233837e-06,0.0036391383,1.2067795e-11
expansion_3D,2.7,0.049967521,0.0060354772,2.358855e-09,1.1953848e-15,3.9041727e-06,0.0037160535,1.2322866e-11
expansion_3D,2.7,0.049967421,0.0061665757,2.4102286e-09,1.2542116e-15,3.9889487e-06,0.0037967645,1.2590525e-11
expansion_3D,2.7,0.049967317,0.006304144,2.4641376e-09,1.3159415e-15,4.0779084e-06,0.0038814587,1.2871393e-11
expansion_3D,2.7,0.049967207,0.0064485012,2.5207069e-09,1.3807178e-15,4.1712583e-06,0.0039703324,1.3166122e-11
expansion_3D,2.7,0.049967092,0.0065999826,2.5800681e-09,1.4486909e-15,4.2692151e-06,0.0040635922,1.3475397e-11
expansion_3D,2.7,0.049966971,0.0067589395,2.6423586e-09,1.5200183e-15,4.3720059e-06,0.0041614543,1.3799933e-11
expansion_3D,2.7,0.049966844,0.0069257411,2.7077233e-09,1.5948659e-15,4.4798696e-06,0.004264146,1.4140486e-11
expansion_3D,2.7,0.049966711,0.0071007744,2.7763137e-09,1.6734072e-15,4.5930564e-06,0.0043719056,1.4497845e-11
expansion_3D,2.7,0.049966571,0.0072844457,2.8482891e-09,1.7558246e-15,4.7118291e-06,0.0044849831,1.4872841e-11
expansion_3D,2.7,0.049966425,0.0074771812,2.9238164e-09,1.8423093e-15,4.8364632e-06,0.0046036411,1.5266342e-11
expansion_3D,2.7,0.049966271,0.0076794282,3.0030711e-09,1.933062e-15,4.967248e-06,0.0047281548,1.5679262e-11
expansion_3D,2.7,0.04996611,0.0078916562,3.086237e-09,2.0282934e-15,5.1044871e-06,0.0048588133,1.6112561e-11
expansion_3D,2.7,0.04996594,0.0081143577,3.1735072e-09,2.1282245e-15,5.2484989e-06,0.0049959199,1.6567242e-11
expansion_3D,2.7,0.049965762,0.0083480496,3.2650842e-09,2.2330873e-15,5.3996179e-06,0.0051397927,1.7044363e-11
expansion_3D,2.7,0.049965576,0.0085932743,3.3611806e-09,2.343125e-15,5.5581946e-06,0.0052907657,1.7545029e-11
expansion_3D,2.7,0.04996538,0.008850601,3.4620193e-09,2.4585932e-15,5.7245971e-06,0.0054491893,1.8070404e-11
expansion_3D,2.7,0.049965175,0.0091206267,3.5678345e-09,2.5797597e-15,5.8992116e-06,0.0056154311,1.8621706e-11
expansion_3D,2.7,0.049964959,0.0094039782,3.6788716e-09,2.7069058e-15,6.0824433e-06,0.005789877,1.9200215e-11
expansion_3D,2.7,0.049964733,0.0097013134,3.7953886e-09,2.8403267e-15,6.2747177e-06,0.0059729319,1.9807273e-11
expansion_3D,2.7,0.049964496,0.010013322,3.9176556e-09,2.9803319e-15,6.4764808e-06,0.0061650206,2.044429e-11
expansion_3D,2.7,0.049964247,0.010340728,4.0459565e-09,3.1272464e-15,6.6882011e-06,0.0063665889,2.1112744e-11
expansion_3D,2.7,0.049963986,0.010684293,4.1805892e-09,3.2814112e-15,6.9103697e-06,0.0065781047,2.1814187e-11
expansion_3D,2.7,0.049963712,0.011044812,4.321866e-09,3.4431842e-15,7.1435026e-06,0.0068000589,2.2550246e-11
expansion_3D,2.7,0.049963424,0.011423122,4.4701149e-09,3.6129406e-15,7.3881405e-06,0.0070329665,2.3322629e-11
expansion_3D,2.7,0.049963122,0.011820103,4.6256799e-09,3.7910745e-15,7.6448514e-06,0.0072773683,2.413313e-11
expansion_3D,2.7,0.049962805,0.012236675,4.7889221e-09,3.9779995e-15,7.9142311e-06,0.0075338313,2.498363e-11
expansion_3D,2.7,0.049962473,0.012673804,4.9602204e-09,4.1741492e-15,8.1969048e-06,0.007802951,2.5876102e-11
expansion_3D,2.7,0.049962124,0.013132506,5.1399723e-09,4.379979e-15,8.4935286e-06,0.0080853517,2.6812618e-11
expansion_3D,2.7,0.049961758,0.013613845,5.328595e-09,4.5959666e-15,8.8047907e-06,0.008381689,2.7795351e-11
expansion_3D,2.7,0.049961374,0.014118939,5.5265262e-09,4.8226132e-15,9.1314138e-06,0.0086926506,2.8826582e-11
expansion_3D,2.7,0.049960971,0.014648959,5.7342255e-09,5.0604449e-15,9.4741559e-06,0.0090189584,2.9908705e-11
expansion_3D,2.7,0.049960548,0.015205135,5.9521748e-09,5.3100136e-15,9.8338123e-06,0.0093613694,3.1044231e-11
expansion_3D,2.7,0.049960104,0.015788759,6.1808799e-09,5.5718987e-15,1.0211218e-05,0.0097206786,3.2235795e-11
expansion_3D,2.7,0.049959638,0.016401186,6.4208717e-09,5.8467079e-15,1.0607249e-05,0.01009772,3.3486164e-11
expansion_3D,2.7,0.049959149,0.017043835,6.6727073e-09,6.1350791e-15,1.1022824e-05,0.010493368,3.4798239e-11
expansion_3D,2.7,0.049958637,0.0177182,6.9369709e-09,6.4376813e-15,1.1458907e-05,0.010908542,3.6175065e-11
expansion_3D,2.7,0.049958098,0.018425844,7.2142761e-09,6.7552172e-15,1.1916512e-05,0.011344204,3.7619838e-11
expansion_3D,2.7,0.049957534,0.019168411,7.5052663e-09,7.0884235e-15,1.2396699e-05,0.011801367,3.9135911e-11
expansion_3D,2.7,0.049956941,0.019947625,7.8106171e-09,7.4380737e-15,1.2900584e-05,0.012281091,4.0726802e-11
expansion_3D,2.7,0.049956319,0.020765292,8.131037e-09,7.8049793e-15,1.3429336e-05,0.01278449,4.2396205e-11
expansion_3D,2.7,0.049955667,0.021623312,8.4672697e-09,8.1899917e-15,1.3984182e-05,0.013312731,4.4147993e-11
expansion_3D,2.7,0.049954982,0.022523675,8.8200956e-09,8.5940046e-15,1.456641e-05,0.013867041,4.5986233e-11
expansion_3D,2.7,0.049954264,0.023468471,9.1903336e-09,9.0179557e-15,1.5177371e-05,0.014448707,4.791519e-11
expansion_3D,2.7,0.04995351,0.024459894,9.5788429e-09,9.4628289e-15,1.5818483e-05,0.015059077,4.9939342e-11
expansion_3D,2.7,0.049952718,0.025500243,9.9865253e-09,9.9296568e-15,1.6491234e-05,0.01569957,5.2063386e-11
expansion_3D,2.7,0.049951888,0.026591934,1.0414327e-08,1.0419523e-14,1.7197185e-05,0.016371672,5.4292253e-11
expansion_3D,2.7,0.049951017,0.027737501,1.0863241e-08,1.0933564e-14,1.7937976e-05,0.017076942,5.6631115e-11
expansion_3D,2.7,0.049950103,0.028939601,1.1334309e-08,1.1472973e-14,1.8715325e-05,0.017817017,5.9085401e-11
expansion_3D,2.7,0.049949144,0.030201026,1.1828624e-08,1.2039002e-14,1.9531036e-05,0.018593615,6.1660806e-11
expansion_3D,2.7,0.049948137,0.031524702,1.2347334e-08,1.2632965e-14,2.0387003e-05,0.019408539,6.4363309e-11
expansion_3D,2.7,0.049947081,0.032913702,1.2891642e-08,1.325624e-14,2.1285212e-05,0.020263679,6.7199181e-11
expansion_3D,2.7,0.049945972,0.034371249,1.3462812e-08,1.3910274e-14,2.2227747e-05,0.021161021,7.0175004e-11
expansion_3D,2.7,0.049944809,0.035900728,1.406217e-08,1.4596585e-14,2.3216798e-05,0.022102647,7.3297685e-11
expansion_3D,2.7,0.049943588,0.037505686,1.4691106e-08,1.5316765e-14,2.4254658e-05,0.023090742,7.6574472e-11
expansion_3D,2.7,0.049942308,0.03918985,1.535108e-08,1.6072487e-14,2.5343737e-05,0.0241276,8.0012968e-11
expansion_3D,2.7,0.049940964,0.040957127,1.6043624e-08,1.6865503e-14,2.6486563e-05,0.025215628,8.3621156e-11
expansion_3D,2.7,0.049939553,0.04281162,1.6770346e-08,1.7697656e-14,2.7685787e-05,0.02635735,8.7407409e-11
expansion_3D,2.7,0.049938073,0.044757634,1.7532931e-08,1.8570875e-14,2.8944194e-05,0.027555416,9.1380515e-11
expansion_3D,2.7,0.04993652,0.046799683,1.833315e-08,1.9487188e-14,3.0264703e-05,0.028812607,9.5549695e-11
expansion_3D,2.7,0.049934891,0.048942509,1.9172861e-08,2.0448721e-14,3.165038e-05,0.030131842,9.9924625e-11
expansion_3D,2.7,0.049933181,0.051191083,2.0054011e-08,2.1457706e-14,3.310444e-05,0.03151618,1.0451546e-10
expansion_3D,2.7,0.049931386,0.053550625,2.0978646e-08,2.2516485e-14,3.4630259e-05,0.032968837,1.0933285e-10
expansion_3D,2.7,0.049929503,0.056026612,2.1948913e-08,2.3627515e-14,3.6231377e-05,0.034493182,1.1438799e-10
expansion_3D,2.7,0.049927528,0.058624789,2.2967062e-08,2.4793375e-14,3.7911511e-05,0.036092754,1.1969259e-10
expansion_3D,2.7,0.049925454,0.061351188,2.4035458e-08,2.601677e-14,3.967456e-05,0.037771266,1.2525898e-10
expansion_3D,2.7,0.049923278,0.064212134,2.5156579e-08,2.730054e-14,4.1524617e-05,0.039532613,1.3110008e-10
expansion_3D,2.7,0.049920995,0.06721427,2.6333028e-08,2.8647665e-14,4.3465974e-05,0.041380883,1.3722943e-10
expansion_3D,2.7,0.0499186,0.070364562,2.7567534e-08,3.0061271e-14,4.5503137e-05,0.043320366,1.4366127e-10
expansion_3D,2.7,0.049916086,0.073670322,2.8862965e-08,3.1544639e-14,4.7640836e-05,0.045355562,1.5041052e-10
expansion_3D,2.7,0.049913448,0.075574291,2.9607194e-08,3.3102255e-14,4.8872149e-05,0.046527869,1.5429797e-10
expansion_3D,2.7,0.049910679,0.077410711,3.0902093e-08,3.4545395e-14,5.1091613e-05,0.0477801,1.7240959e-10
expansion_3D,2.7,0.049907774,0.081406245,4.2812655e-08,3.2829388e-14,7.2160374e-05,0.052416486,4.3786304e-10
expansion_3D,2.7,0.049904726,0.085518394,5.5092683e-08,3.2514486e-14,9.3843083e-05,0.057187879,7.1105641e-10
expansion_3D,2.7,0.049901528,0.089712911,6.7652004e-08,3.4407564e-14,0.00011595862,0.062054368,9.8971015e-10
expansion_3D,2.7,0.049898171,0.094114429,8.0831131e-08,3.6394065e-14,0.00013916557,0.06716102,1.2821155e-09
expansion_3D,2.7,0.049894649,0.098733164,9.4660653e-08,3.8478601e-14,0.00016351778,0.072519686,1.5889512e-09
expansion_3D,2.7,0.049890953,0.10357983,1.0917267e-07,4.066601e-14,0.00018907179,0.078142805,1.9109294e-09
expansion_3D,2.7,0.049887075,0.10866569,1.2440085e-07,4.2961367e-14,0.00021588689,0.084043426,2.2487972e-09
expansion_3D,2.7,0.049883005,0.11400253,1.4038055e-07,4.5370002e-14,0.00024402533,0.090235245,2.603339e-09
expansion_3D,2.7,0.049878734,0.11960275,1.5714886e-07,4.7897503e-14,0.00027355241,0.096732632,2.9753774e-09
expansion_3D,2.7,0.049874253,0.12547934,1.7474469e-07,5.0549738e-14,0.00030453667,0.10355067,3.3657762e-09
expansion_3D,2.7,0.04986955,0.13164595,1.9320887e-07,5.333286e-14,0.00033705,0.11070518,3.7754412e-09
expansion_3D,2.7,0.049864616,0.13811687,2.1258427e-07,5.6253332e-14,0.00037116788,0.11821276,4.2053233e-09
expansion_3D,2.7,0.049859438,0.14490714,2.3291585e-07,5.9317929e-14,0.00040696948,0.12609085,4.6564203e-09
expansion_3D,2.7,0.049854004,0.15203251,2.5425081e-07,6.2533765e-14,0.00044453791,0.13435772,5.129779e-09
expansion_3D,2.7,0.049848302,0.15950953,2.7663865e-07,6.5908303e-14,0.00048396035,0.14303257,5.6264981e-09
expansion_3D,2.7,0.049842319,0.16735553,3.0013133e-07,6.9449377e-14,0.00052532831,0.15213552,6.1477305e-09
expansion_3D,2.7,0.049836041,0.17558874,3.2478339e-07,7.3165203e-14,0.00056873778,0.1616877,6.6946859e-09
expansion_3D,2.7,0.049829452,0.18422825,3.5065204e-07,7.7064406e-14,0.00061428953,0.17171129,7.2686337e-09
expansion_3D,2.7,0.049822539,0.19329413,3.7779731e-07,8.1156037e-14,0.00066208926,0.18222955,7.870906e-09
expansion_3D,2.7,0.049815284,0.20280742,4.0628221e-07,8.5449591e-14,0.00071224794,0.19326689,8.5029007e-09
expansion_3D,2.7,0.049807672,0.21279019,4.3617285e-07,8.9955033e-14,0.00076488196,0.20484892,9.1660845e-09
expansion_3D,2.7,0.049799683,0.22326561,4.675386e-07,9.468282e-14,0.00082011348,0.21700253,9.8619966e-09
expansion_3D,2.7,0.049791301,0.23416221,5.0014654e-07,1.014156e-13,0.00087756687,0.22964518,1.0585898e-08
expansion_3D,2.7,0.049782505,0.24576042,5.5850453e-07,9.9051114e-14,0.0010128682,0.24862215,1.4268885e-08
expansion_3D,2.7,0.049773274,0.25779407,6.3574408e-07,1.039898e-13,0.0012041677,0.27209896,2.0090542e-08
expansion_3D,2.7,0.049763588,0.27040632,7.1670807e-07,1.0971431e-13,0.0014046646,0.29670444,2.6192094e-08
expansion_3D,2.7,0.049753425,0.28364098,8.0166767e-07,1.1572133e-13,0.001615056,0.32252421,3.259476e-08
expansion_3D,2.7,0.049742759,0.29752878,8.9082005e-07,1.2202479e-13,0.0018358302,0.3496182,3.9313399e-08
expansion_3D,2.7,0.049731567,0.31210195,9.8437212e-07,1.2863933e-13,0.0020674998,0.37804928,4.6363605e-08
expansion_3D,2.7,0.049719823,0.3273943,1.082541e-06,1.3558031e-13,0.0023106023,0.40788345,5.3761741e-08
expansion_3D,2.7,0.0497075,0.34344134,1.1855546e-06,1.4286382e-13,0.0025657021,0.43918994,6.1524977e-08
expansion_3D,2.7,0.049694568,0.36028031,1.2936519e-06,1.5050678e-13,0.0028333911,0.47204141,6.9671332e-08
expansion_3D,2.7,0.049680998,0.37795028,1.4070839e-06,1.5852692e-13,0.0031142906,0.50651412,7.8219712e-08
expansion_3D,2.7,0.049666758,0.39649228,1.5261137e-06,1.6694285e-13,0.0034090526,0.54268807,8.7189957e-08
expansion_3D,2.7,0.049651815,0.41562072,1.651104e-06,1.8647458e-13,0.0037232416,0.58087509,9.7679428e-08
expansion_3D,2.7,0.049636136,0.43576019,1.8639252e-06,1.7796934e-13,0.0044026245,0.65100447,1.5139515e-07
expansion_3D,2.7,0.049619682,0.45654198,2.0839677e-06,1.8746317e-13,0.0051036445,0.72336547,2.0682073e-07
expansion_3D,2.7,0.049602416,0.47834935,2.3148695e-06,1.9742553e-13,0.0058392601,0.79929752,2.6498158e-07
expansion_3D,2.7,0.049584298,0.50123293,2.5571663e-06,2.0787953e-13,0.0066111785,0.87897684,3.2601268e-07
expansion_3D,2.7,0.049565287,0.52524582,2.8114206e-06,2.1884944e-13,0.0074211914,0.96258836,3.9005569e-07
expansion_3D,2.7,0.049545336,0.55044375,3.0782224e-06,2.3036072e-13,0.0082711787,1.0503261,4.5725925e-07
expansion_3D,2.7,0.049524402,0.57688521,3.3581909e-06,2.4244008e-13,0.0091631131,1.1423938,5.2777932e-07
expansion_3D,2.7,0.049502434,0.60417755,3.6534665e-06,2.6957e-13,0.010110765,1.2396669,6.1183651e-07
expansion_3D,2.7,0.049479382,0.63035167,4.0638351e-06,2.5991606e-13,0.01154014,1.3761083,9.0977902e-07
expansion_3D,2.7,0.049455193,0.6575108,4.4902541e-06,2.7241188e-13,0.013023275,1.5176787,1.2189238e-06
expansion_3D,2.7,0.049429809,0.68601024,4.937717e-06,2.8552437e-13,0.014579603,1.6662356,1.543325e-06
expansion_3D,2.7,0.049403173,0.71591614,5.4072623e-06,2.9928397e-13,0.016212737,1.8221239,1.8837355e-06
expansion_3D,2.7,0.049375223,0.74729791,5.8999798e-06,3.1372261e-13,0.017926466,1.9857053,2.2409453e-06
expansion_3D,2.7,0.049345893,0.78016164,6.4159282e-06,3.3381319e-13,0.019721131,2.1570129,2.6150263e-06
expansion_3D,2.7,0.049315116,0.80867715,7.019847e-06,3.3551574e-13,0.021400555,2.2966388,3.2915195e-06
expansion_3D,2.7,0.04928282,0.83712718,7.6665992e-06,3.4869722e-13,0.023109567,2.4334646,4.0628802e-06
expansion_3D,2.7,0.04924893,0.86698123,8.3452688e-06,3.625292e-13,0.02490292,2.5770427,4.8723078e-06
expansion_3D,2.7,0.049213367,0.89830858,9.057431e-06,3.770438e-13,0.026784775,2.7277064,5.7216809e-06
expansion_3D,2.7,0.04917605,0.93118195,9.8047386e-06,3.922747e-13,0.0287595,2.8858055,6.6129709e-06
expansion_3D,2.7,0.049136891,0.96016124,1.0614452e-05,4.002424e-13,0.030320046,2.9745233,7.7102708e-06
expansion_3D,2.7,0.049095799,0.98693779,1.1481758e-05,4.127299e-13,0.031622307,3.0172556,8.9655288e-06
expansion_3D,2.7,0.04905268,1.0150358,1.2391866e-05,4.2583365e-13,0.032988835,3.0620968,1.0282734e-05
expansion_3D,2.7,0.049007433,1.0445204,1.3346888e-05,4.3958408e-13,0.034422801,3.109151,1.1664944e-05
expansion_3D,2.7,0.048959952,1.0746931,1.4347442e-05,4.7387327e-13,0.035863139,3.1513154,1.3127321e-05
expansion_3D,2.7,0.048910129,1.0988983,1.5446218e-05,4.6057114e-13,0.036681435,3.1106481,1.4896766e-05
expansion_3D,2.7,0.048857846,1.1241766,1.6594581e-05,4.7250516e-13,0.037536016,3.0681801,1.6744653e-05
expansion_3D,2.7,0.048802984,1.1507024,1.7799616e-05,4.8502812e-13,0.038432771,3.0236162,1.8683733e-05
expansion_3D,2.7,0.048745414,1.1781812,1.9057876e-05,5.3299228e-13,0.039354144,2.9762204,2.0712213e-05
expansion_3D,2.7,0.048685003,1.2004352,2.0437251e-05,5.0481114e-13,0.03982565,2.8934342,2.3068878e-05
expansion_3D,2.7,0.04862161,1.2236423,2.1877204e-05,5.158262e-13,0.040317357,2.8071053,2.5526461e-05
expansion_3D,2.7,0.048555089,1.2479946,2.338822e-05,5.2738486e-13,0.04083333,2.716516,2.8105327e-05
expansion_3D,2.7,0.048485286,1.2715731,2.4989887e-05,5.3542022e-13,0.041267114,2.6223184,3.0865281e-05
expansion_3D,2.7,0.048412037,1.2923786,2.6704076e-05,5.4535436e-13,0.041509471,2.5253669,3.3862133e-05
expansion_3D,2.7,0.048335174,1.3142109,2.8502861e-05,5.5577874e-13,0.041763788,2.4236308,3.700688e-05
expansion_3D,2.7,0.048254517,1.3370645,3.0386073e-05,5.8644075e-13,0.04203,2.3171344,4.0298745e-05
expansion_3D,2.7,0.04816988,1.356607,3.2421912e-05,5.7332618e-13,0.042135168,2.2217924,4.3853074e-05
expansion_3D,2.7,0.048081066,1.3766576,3.4558589e-05,5.8296671e-13,0.042229944,2.1235175,4.757908e-05
expansion_3D,2.7,0.04798787,1.3976976,3.6800712e-05,5.93083e-13,0.042329396,2.0203927,5.1488965e-05
expansion_3D,2.7,0.047890073,1.4167761,3.9197724e-05,5.9986075e-13,0.042354768,1.9286953,5.5607001e-05
expansion_3D,2.7,0.047787451,1.4355981,4.1731246e-05,6.0898777e-13,0.04235023,1.8390637,5.9931028e-05
expansion_3D,2.7,0.047679764,1.455349,4.4389799e-05,6.1856521e-13,0.042345468,1.7450087,6.4468446e-05
expansion_3D,2.7,0.047566763,1.4735907,4.7226511e-05,6.2524719e-13,0.042297999,1.6620012,6.9198447e-05
expansion_3D,2.7,0.047448185,1.4915989,5.0225122e-05,6.3407408e-13,0.042229087,1.5820386,7.4144097e-05
expansion_3D,2.7,0.047323755,1.5104958,5.3371715e-05,6.4333657e-13,0.042156774,1.4981298,7.9333817e-05
expansion_3D,2.7,0.047193185,1.5277776,5.6733136e-05,6.4983022e-13,0.042054873,1.4267216,8.4693422e-05
expansion_3D,2.7,0.047056171,1.5452876,6.0275344e-05,6.585272e-13,0.041941747,1.3558464,9.0293384e-05
expansion_3D,2.7,0.046912395,1.5634929,6.3984643e-05,7.0567989e-13,0.041822829,1.2824189,9.6144965e-05
expansion_3D,2.7,0.046761524,1.579995,6.7974712e-05,6.7394145e-13,0.04168332,1.2223042,0.0001021652
expansion_3D,2.7,0.046603207,1.5972528,7.2150446e-05,6.8263855e-13,0.041537425,1.1594373,0.00010846109
expansion_3D,2.7,0.046437077,1.6144162,7.6562202e-05,6.8946984e-13,0.041382895,1.0992391,0.00011498929
expansion_3D,2.7,0.046262749,1.6308098,8.1242977e-05,6.9785555e-13,0.041218521,1.0458828,0.00012169924
expansion_3D,2.7,0.046079818,1.6480125,8.615475e-05,7.066551e-13,0.041046035,0.98989331,0.00012874033
expansion_3D,2.7,0.045887859,1.6642056,9.1373101e-05,7.1326122e-13,0.040867197,0.94170184,0.000135918
expansion_3D,2.7,0.045686426,1.6807027,9.6865983e-05,7.2186798e-13,0.040680202,0.89392326,0.00014339063
expansion_3D,2.7,0.045475053,1.6974006,0.00010265188,7.288653e-13,0.040485776,0.84700864,0.00015114394
expansion_3D,2.7,0.045253249,1.7133478,0.00010877894,7.3739587e-13,0.040286593,0.80599628,0.00015904524
expansion_3D,2.7,0.045020498,1.7300821,0.00011520838,7.4634741e-13,0.040077581,0.76295996,0.00016733648
expansion_3D,2.7,0.044776261,1.7459233,0.00012201319,7.5327253e-13,0.039865513,0.72602914,0.00017572258
expansion_3D,2.7,0.044519971,1.7622098,0.0001291648,7.6225113e-13,0.039644472,0.68887045,0.00018445809
expansion_3D,2.7,0.044251033,1.7784381,0.00013669363,7.695575e-13,0.039416794,0.65363513,0.00019343225
expansion_3D,2.7,0.043968823,1.7943807,0.0001446236,7.7865223e-13,0.039183391,0.62137049,0.0002026013
expansion_3D,2.7,0.043672685,1.8109197,0.00015294854,7.8632362e-13,0.038939449,0.58827352,0.00021217297
expansion_3D,2.7,0.043361933,1.826604,0.00016171039,7.9563893e-13,0.038692594,0.56010932,0.000221757
expansion_3D,2.7,0.043035846,1.8430623,0.00017090465,8.0541397e-13,0.038433557,0.5305552,0.000231814
expansion_3D,2.7,0.042693666,1.8589033,0.00018054815,8.1332126e-13,0.038169629,0.50463495,0.000241899
expansion_3D,2.7,0.042334599,1.8751657,0.0001906655,8.2343307e-13,0.037894738,0.4787078,0.00025236074
expansion_3D,2.7,0.041957812,1.8913112,0.00020125176,8.3183511e-13,0.037611254,0.45445688,0.00026297943
expansion_3D,2.7,0.04156243,1.9074416,0.00021233203,8.4240905e-13,0.037318278,0.43160421,0.00027380074
expansion_3D,2.7,0.041147537,1.9238649,0.00022392047,8.5134653e-13,0.037013399,0.4090828,0.00028492302
expansion_3D,2.7,0.040712168,1.939919,0.00023598713,8.62482e-13,0.036699657,0.38884923,0.00029604074
expansion_3D,2.7,0.040255313,1.9566048,0.00024862744,8.7200645e-13,0.036371135,0.36803885,0.00030762038
expansion_3D,2.7,0.039775913,1.9726314,0.00026167963,8.8395262e-13,0.036033493,0.35004563,0.00031894947
expansion_3D,2.7,0.039272854,1.9894426,0.00027537213,9.0473062e-13,0.035679322,0.33117151,0.00033083325
expansion_3D,2.7,0.038744969,2.0056156,0.00028940736,9.072883e-13,0.035313456,0.31480878,0.00034234961
expansion_3D,2.7,0.038191033,2.0224501,0.00030410013,9.2103566e-13,0.034930271,0.29794486,0.00035434296
expansion_3D,2.7,0.03760976,2.0389096,0.00031909446,9.3246789e-13,0.034532156,0.28277393,0.00036600883
expansion_3D,2.7,0.0369998,2.0558021,0.00033469408,9.4688577e-13,0.034115718,0.26764435,0.00037795865
expansion_3D,2.7,0.036359739,2.0725514,0.00035056089,9.5934494e-13,0.033681008,0.25359922,0.00038963021
expansion_3D,2.7,0.035688091,2.0895382,0.00036690575,9.7517071e-13,0.033226293,0.23996149,0.00040135105
expansion_3D,2.7,0.034983297,2.1065772,0.00038348177,9.8905704e-13,0.032750068,0.22696597,0.00041284235
expansion_3D,2.7,0.034243721,2.1236897,0.00040031155,1.0069119e-12,0.032251311,0.21460999,0.00042410763
expansion_3D,2.7,0.033467647,2.1410187,0.00041733291,1.0225748e-12,0.031727862,0.20257768,0.00043519015
expansion_3D,2.7,0.032653273,2.1582817,0.00043425258,1.0428314e-12,0.031178487,0.19131947,0.0004457288
expansion_3D,2.7,0.031798709,2.1758991,0.00045131754,1.0605753e-12,0.030601247,0.18015844,0.00045612743
expansion_3D,2.7,0.030901973,2.1933276,0.00046774917,1.0836507e-12,0.029993833,0.16983545,0.00046562295
expansion_3D,2.7,0.029960982,2.2112253,0.00048426756,1.1038393e-12,0.02935536,0.15945166,0.00047501437
expansion_3D,2.7,0.028973553,2.2288198,0.00049938463,1.1302991e-12,0.028681756,0.14991982,0.00048310871
expansion_3D,2.7,0.027937394,2.2469769,0.00051450886,1.1534289e-12,0.027973855,0.14022016,0.00049112455
expansion_3D,2.7,0.0268501,2.2647131,0.00052714664,1.1841698e-12,0.027225589,0.13135328,0.00049743104
expansion_3D,2.7,0.025709148,2.2830858,0.00053967654,1.2110184e-12,0.026439747,0.12224949,0.00050367046
expansion_3D,2.7,0.02451189,2.3008981,0.00054820743,1.2477844e-12,0.025609088,0.11394229,0.00050780469
expansion_3D,2.7,0.023255547,2.3194006,0.00055645894,1.2797819e-12,0.024737593,0.10535761,0.00051186532
expansion_3D,2.7,0.021937202,2.3371533,0.00055863738,1.3241942e-12,0.023820015,0.097535476,0.00051350958
expansion_3D,2.7,0.020553797,2.3556234,0.00056027151,1.3880159e-12,0.022858725,0.089418972,0.00051505304
expansion_3D,2.7,0.019102121,2.3730612,0.00055290994,1.416895e-12,0.021858034,0.082058239,0.00051408371
expansion_3D,2.7,0.017578803,2.3912152,0.00054461879,1.5235025e-12,0.020811337,0.074404731,0.00051296877
expansion_3D,2.7,0.01598031,2.407861,0.00052398818,1.5300502e-12,0.019751203,0.067580262,0.00050968085
expansion_3D,2.7,0.01430293,2.4251851,0.00050169159,1.6690017e-12,0.018644133,0.060481826,0.00050620266
expansion_3D,2.7,0.012542771,2.4402051,0.00046078576,1.6648353e-12,0.017587489,0.054432187,0.00050161697
expansion_3D,2.7,0.010695748,2.4557679,0.00041729425,1.8113871e-12,0.016489462,0.048166015,0.00049685265
expansion_3D,2.7,0.0087575733,2.4678137,0.00035786377,1.7973346e-12,0.015564627,0.04336411,0.00049275164
expansion_3D,2.7,0.0067237492,2.4799279,0.0002940832,1.8700537e-12,0.01463215,0.038535828,0.00048864639
expansion_3D,2.7,0.0045895552,2.4871005,0.00019820072,1.6247307e-12,0.014044259,0.035691228,0.00048641917
expansion_3D,2.7,0.002350038,2.4923891,0.00012781838,1.6054744e-12,0.01360963,0.033594027,0.00048469108
expansion_3D,2.7,4.9969541e-08,2.492365,2.0877538e-09,2.5067306e-15,0.01361255,0.03360254,0.00048478013
expansion_2D,2.8,0.049969042,0.02418129,8.3472188e-09,3.3692807e-16,1.5680486e-05,0.01494416,4.9449203e-11
expansion_2D,2.8,0.049969017,0.024213799,8.3584101e-09,3.5240095e-16,1.5701566e-05,0.014964252,4.9515684e-11
expansion_2D,2.8,0.049968991,0.024247912,8.3701537e-09,3.6863743e-16,1.5723687e-05,0.014985336,4.9585446e-11
expansion_2D,2.8,0.049968964,0.024283709,8.3824769e-09,3.8567522e-16,1.57469e-05,0.015007461,4.965865e-11
expansion_2D,2.8,0.049968935,0.024321273,8.3954082e-09,4.0355379e-16,1.5771258e-05,0.015030677,4.9735468e-11
expansion_2D,2.8,0.049968906,0.02436069,8.4089777e-09,4.2231467e-16,1.5796818e-05,0.015055039,4.9816076e-11
expansion_2D,2.8,0.049968874,0.024402052,8.4232169e-09,4.4200148e-16,1.5823639e-05,0.015080604,4.9900662e-11
expansion_2D,2.8,0.049968841,0.024445456,8.4381587e-09,4.6265976e-16,1.5851784e-05,0.01510743,4.9989423e-11
expansion_2D,2.8,0.049968807,0.024491001,8.4538379e-09,4.8433758e-16,1.5881318e-05,0.015135579,5.0082564e-11
expansion_2D,2.8,0.04996877,0.024538795,8.4702909e-09,5.0708519e-16,1.591231e-05,0.015165118,5.0180301e-11
expansion_2D,2.8,0.049968732,0.024588947,8.4875559e-09,5.3095537e-16,1.5944831e-05,0.015196115,5.0282862e-11
expansion_2D,2.8,0.049968693,0.024641574,8.5056729e-09,5.5600357e-16,1.5978957e-05,0.015228642,5.0390484e-11
expansion_2D,2.8,0.049968651,0.024696798,8.5246839e-09,5.8228791e-16,1.6014767e-05,0.015262774,5.0503418e-11
expansion_2D,2.8,0.049968607,0.024754747,8.5446332e-09,6.0986943e-16,1.6052344e-05,0.01529859,5.0621925e-11
expansion_2D,2.8,0.049968561,0.024815556,8.565567e-09,6.3881206e-16,1.6091776e-05,0.015336173,5.074628e-11
expansion_2D,2.8,0.049968512,0.024879367,8.5875339e-09,6.6918302e-16,1.6133154e-05,0.015375612,5.0876772e-11
expansion_2D,2.8,0.049968461,0.024946326,8.6105848e-09,7.0105281e-16,1.6176573e-05,0.015416996,5.1013704e-11
expansion_2D,2.8,0.049968408,0.02501659,8.6347734e-09,7.3449543e-16,1.6222136e-05,0.015460424,5.1157394e-11
expansion_2D,2.8,0.049968352,0.025090321,8.6601556e-09,7.6958836e-16,1.6269947e-05,0.015505994,5.1308174e-11
expansion_2D,2.8,0.049968293,0.025167691,8.6867904e-09,8.0641322e-16,1.6320118e-05,0.015553813,5.1466396e-11
expansion_2D,2.8,0.049968232,0.025248879,8.7147397e-09,8.4505535e-16,1.6372764e-05,0.015603992,5.1632426e-11
expansion_2D,2.8,0.049968167,0.025334074,8.7440683e-09,8.8560448e-16,1.6428009e-05,0.015656647,5.180665e-11
expansion_2D,2.8,0.049968099,0.025423473,8.7748443e-09,9.2815479e-16,1.648598e-05,0.015711901,5.1989472e-11
expansion_2D,2.8,0.049968028,0.025517284,8.8071391e-09,9.7280491e-16,1.6546811e-05,0.015769882,5.2181316e-11
expansion_2D,2.8,0.049967954,0.025615725,8.8410276e-09,1.0196586e-15,1.6610645e-05,0.015830724,5.2382628e-11
expansion_2D,2.8,0.049967875,0.025719023,8.8765885e-09,1.0688244e-15,1.6677629e-05,0.015894569,5.2593874e-11
expansion_2D,2.8,0.049967793,0.02582742,8.9139044e-09,1.1204166e-15,1.6747919e-05,0.015961564,5.2815546e-11
expansion_2D,2.8,0.049967707,0.025941166,8.9530618e-09,1.1745549e-15,1.6821678e-05,0.016031866,5.3048157e-11
expansion_2D,2.8,0.049967616,0.026060525,8.9941517e-09,1.231365e-15,1.6899076e-05,0.016105637,5.3292247e-11
expansion_2D,2.8,0.049967521,0.026185775,9.0372694e-09,1.2909787e-15,1.6980295e-05,0.016183049,5.3548384e-11
expansion_2D,2.8,0.049967421,0.026317206,9.0825149e-09,1.3535343e-15,1.7065521e-05,0.016264281,5.381716e-11
expansion_2D,2.8,0.049967317,0.026455123,9.1299933e-09,1.419177e-15,1.7154953e-05,0.016349522,5.4099202e-11
expansion_2D,2.8,0.049967207,0.026599847,9.1798148e-09,1.4880592e-15,1.7248799e-05,0.016438969,5.4395161e-11
expansion_2D,2.8,0.049967092,0.026751712,9.232095e-09,1.5603409e-15,1.7347277e-05,0.016532831,5.4705727e-11
expansion_2D,2.8,0.049966971,0.026911072,9.2869553e-09,1.6361895e-15,1.7450614e-05,0.016631325,5.5031619e-11
expansion_2D,2.8,0.049966844,0.027078297,9.3445229e-09,1.7157814e-15,1.7559051e-05,0.016734679,5.5373594e-11
expansion_2D,2.8,0.049966711,0.027253774,9.4049315e-09,1.7993012e-15,1.7672839e-05,0.016843135,5.5732446e-11
expansion_2D,2.8,0.049966571,0.027437911,9.4683213e-09,1.8869427e-15,1.7792242e-05,0.016956942,5.6109007e-11
expansion_2D,2.8,0.049966425,0.027631135,9.5348394e-09,1.9789093e-15,1.7917539e-05,0.017076366,5.6504151e-11
expansion_2D,2.8,0.049966271,0.027833895,9.6046401e-09,2.0754145e-15,1.8049019e-05,0.017201683,5.6918796e-11
expansion_2D,2.8,0.04996611,0.028046662,9.6778856e-09,2.1766823e-15,1.8186987e-05,0.017333185,5.7353904e-11
expansion_2D,2.8,0.04996594,0.028269928,9.7547458e-09,2.2829477e-15,1.8331764e-05,0.017471177,5.7810485e-11
expansion_2D,2.8,0.049965762,0.028504212,9.835399e-09,2.3944573e-15,1.8483686e-05,0.017615979,5.8289598e-11
expansion_2D,2.8,0.049965576,0.028750059,9.9200325e-09,2.5114699e-15,1.8643105e-05,0.017767926,5.8792355e-11
expansion_2D,2.8,0.04996538,0.029008038,1.0008843e-08,2.6342572e-15,1.8810392e-05,0.017927372,5.9319924e-11
expansion_2D,2.8,0.049965175,0.029278749,1.0102036e-08,2.763104e-15,1.8985934e-05,0.018094687,5.9873528e-11
expansion_2D,2.8,0.049964959,0.029562819,1.0199828e-08,2.8983095e-15,1.9170139e-05,0.018270259,6.0454453e-11
expansion_2D,2.8,0.049964733,0.029860908,1.0302446e-08,3.0401874e-15,1.9363435e-05,0.018454496,6.1064046e-11
expansion_2D,2.8,0.049964496,0.030173708,1.0410128e-08,3.189067e-15,1.9566271e-05,0.018647825,6.1703724e-11
expansion_2D,2.8,0.049964247,0.030501945,1.0523125e-08,3.3452939e-15,1.9779116e-05,0.018850694,6.2374969e-11
expansion_2D,2.8,0.049963986,0.03084638,1.0641698e-08,3.5092307e-15,2.0002465e-05,0.019063575,6.3079341e-11
expansion_2D,2.8,0.049963712,0.031207814,1.0766123e-08,3.6812578e-15,2.0236836e-05,0.019286962,6.3818474e-11
expansion_2D,2.8,0.049963424,0.031587084,1.0896688e-08,3.8617744e-15,2.0482774e-05,0.019521373,6.4594083e-11
expansion_2D,2.8,0.049963122,0.031985071,1.1033696e-08,4.0511996e-15,2.0740849e-05,0.019767353,6.5407968e-11
expansion_2D,2.8,0.049962805,0.032402699,1.1177466e-08,4.249973e-15,2.101166e-05,0.020025471,6.626202e-11
expansion_2D,2.8,0.049962473,0.032840937,1.1328331e-08,4.458556e-15,2.1295836e-05,0.020296328,6.7158219e-11
expansion_2D,2.8,0.049962124,0.033300803,1.1486641e-08,4.6774326e-15,2.1594036e-05,0.020580552,6.8098646e-11
expansion_2D,2.8,0.049961758,0.033783363,1.1652764e-08,4.9071108e-15,2.1906952e-05,0.020878802,6.9085483e-11
expansion_2D,2.8,0.049961374,0.034289737,1.1827085e-08,5.1481237e-15,2.223531e-05,0.021191771,7.012102e-11
expansion_2D,2.8,0.049960971,0.034821101,1.2010009e-08,5.4010307e-15,2.2579874e-05,0.021520185,7.1207662e-11
expansion_2D,2.8,0.049960548,0.035378688,1.220196e-08,5.6664187e-15,2.2941441e-05,0.021864807,7.234793e-11
expansion_2D,2.8,0.049960104,0.035963792,1.2403384e-08,5.9449037e-15,2.3320852e-05,0.022226435,7.3544471e-11
expansion_2D,2.8,0.049959638,0.036577771,1.2614748e-08,6.237132e-15,2.3718987e-05,0.02260591,7.4800061e-11
expansion_2D,2.8,0.049959149,0.037222051,1.2836544e-08,6.543782e-15,2.413677e-05,0.023004113,7.6117615e-11
expansion_2D,2.8,0.049958637,0.037898126,1.3069285e-08,6.8655651e-15,2.4575171e-05,0.023421967,7.7500191e-11
expansion_2D,2.8,0.049958098,0.038607565,1.3313511e-08,7.2032284e-15,2.5035207e-05,0.023860442,7.8950998e-11
expansion_2D,2.8,0.049957534,0.039352015,1.3569791e-08,7.5575554e-15,2.5517946e-05,0.024320555,8.0473402e-11
expansion_2D,2.8,0.049956941,0.040133204,1.3838718e-08,7.9293686e-15,2.6024508e-05,0.024803376,8.2070937e-11
expansion_2D,2.8,0.049956319,0.040952946,1.4120916e-08,8.319531e-15,2.6556069e-05,0.025310024,8.3747311e-11
expansion_2D,2.8,0.049955667,0.041813141,1.4417041e-08,8.7289479e-15,2.7113863e-05,0.025841675,8.5506415e-11
expansion_2D,2.8,0.049954982,0.042715788,1.4727781e-08,9.1585697e-15,2.7699185e-05,0.026399564,8.7352331e-11
expansion_2D,2.8,0.049954264,0.04366298,1.5053855e-08,9.6093936e-15,2.8313392e-05,0.026984984,8.9289344e-11
expansion_2D,2.8,0.04995351,0.044656917,1.5396021e-08,1.0082466e-14,2.895791e-05,0.027599295,9.1321949e-11
expansion_2D,2.8,0.049952718,0.045699905,1.5755073e-08,1.0578884e-14,2.9634236e-05,0.028243923,9.3454864e-11
expansion_2D,2.8,0.049951888,0.046794364,1.6131844e-08,1.1099801e-14,3.0343939e-05,0.028920363,9.5693038e-11
expansion_2D,2.8,0.049951017,0.047942836,1.6527209e-08,1.1646425e-14,3.1088665e-05,0.029630185,9.8041668e-11
expansion_2D,2.8,0.049950103,0.049147985,1.6942086e-08,1.2220025e-14,3.1870145e-05,0.030375038,1.005062e-10
expansion_2D,2.8,0.049949144,0.050412609,1.7377436e-08,1.2821933e-14,3.269019e-05,0.031156649,1.0309236e-10
expansion_2D,2.8,0.049948137,0.051739642,1.7834272e-08,1.3453545e-14,3.3550705e-05,0.031976833,1.0580615e-10
expansion_2D,2.8,0.049947081,0.053132164,1.8313652e-08,1.4116327e-14,3.4453686e-05,0.032837494,1.0865387e-10
expansion_2D,2.8,0.049945972,0.054593408,1.881669e-08,1.4811818e-14,3.540123e-05,0.033740628,1.1164212e-10
expansion_2D,2.8,0.049944809,0.056126765,1.9344554e-08,1.5541631e-14,3.6395536e-05,0.034688332,1.1477784e-10
expansion_2D,2.8,0.049943588,0.057735794,1.9898467e-08,1.6307461e-14,3.7438911e-05,0.035682806,1.1806831e-10
expansion_2D,2.8,0.049942308,0.05853651,2.0175173e-08,1.7109119e-14,3.7958106e-05,0.036177655,1.1970573e-10
expansion_2D,2.8,0.049940964,0.059341371,2.0453399e-08,1.7950261e-14,3.8479986e-05,0.036675062,1.2135161e-10
expansion_2D,2.8,0.049939553,0.060185951,2.0745356e-08,1.8832913e-14,3.9027621e-05,0.037197016,1.2307873e-10
expansion_2D,2.8,0.049938073,0.061072212,2.1051721e-08,1.9759125e-14,3.9602282e-05,0.037744728,1.2489107e-10
expansion_2D,2.8,0.04993652,0.062002211,2.1373206e-08,2.0731045e-14,4.0205302e-05,0.03831947,1.2679286e-10
expansion_2D,2.8,0.049934891,0.062978105,2.1710555e-08,2.175093e-14,4.0838082e-05,0.038922576,1.287885e-10
expansion_2D,2.8,0.049933181,0.06400216,2.2064553e-08,2.2821146e-14,4.150209e-05,0.039555446,1.3088262e-10
expansion_2D,2.8,0.049931386,0.065076752,2.2436021e-08,2.3944178e-14,4.2198867e-05,0.040219548,1.3308009e-10
expansion_2D,2.8,0.049929503,0.066204375,2.2825822e-08,2.5122632e-14,4.2930029e-05,0.040916423,1.3538601e-10
expansion_2D,2.8,0.049927528,0.067387648,2.3234858e-08,2.6359244e-14,4.3697275e-05,0.041647689,1.3780572e-10
expansion_2D,2.8,0.049925454,0.068629315,2.3664081e-08,2.7656882e-14,4.4502385e-05,0.042415044,1.4034485e-10
expansion_2D,2.8,0.049923278,0.069932259,2.4114487e-08,2.9018559e-14,4.5347227e-05,0.043220268,1.4300929e-10
expansion_2D,2.8,0.049920995,0.071299503,2.4587119e-08,3.0447436e-14,4.6233763e-05,0.04406523,1.4580521e-10
expansion_2D,2.8,0.0499186,0.072734221,2.5083077e-08,3.1946828e-14,4.7164049e-05,0.044951891,1.4873912e-10
expansion_2D,2.8,0.049916086,0.074239744,2.560351e-08,3.3520215e-14,4.8140246e-05,0.045882309,1.5181781e-10
expansion_2D,2.8,0.049913448,0.075819564,2.6149627e-08,3.517125e-14,4.9164617e-05,0.046858644,1.5504844e-10
expansion_2D,2.8,0.049910679,0.077603801,2.7277355e-08,3.6700767e-14,5.1358704e-05,0.048083645,1.7311746e-10
expansion_2D,2.8,0.049907774,0.081608782,3.7815449e-08,3.4882107e-14,7.2536449e-05,0.052750399,4.3964812e-10
expansion_2D,2.8,0.049904726,0.08581141,4.88736e-08,3.2973695e-14,9.4759322e-05,0.057647459,7.1933217e-10
expansion_2D,2.8,0.049901528,0.090221439,6.0477476e-08,3.0971102e-14,0.0001180789,0.06278619,1.0128187e-09
expansion_2D,2.8,0.049898171,0.094849104,7.2654006e-08,2.8869681e-14,0.00014254931,0.06817852,1.3207889e-09
expansion_2D,2.8,0.049894649,0.099705147,8.5431452e-08,2.6664554e-14,0.00016822734,0.073836962,1.6439575e-09
expansion_2D,2.8,0.049890953,0.10480084,9.8839469e-08,2.4350603e-14,0.00019517259,0.079774651,1.9830746e-09
expansion_2D,2.8,0.049887075,0.110148,1.1290918e-07,2.1922458e-14,0.0002234476,0.086005366,2.3389273e-09
expansion_2D,2.8,0.049883005,0.11575905,1.2767323e-07,1.9374483e-14,0.00025311798,0.092543569,2.7123414e-09
expansion_2D,2.8,0.049878734,0.121647,1.4316589e-07,1.6700765e-14,0.00028425262,0.099404435,3.1041836e-09
expansion_2D,2.8,0.049874253,0.12757806,1.5873359e-07,1.8744536e-14,0.00031561697,0.10631613,3.4989072e-09
expansion_2D,2.8,0.04986955,0.13376024,1.749537e-07,2.1704004e-14,0.00034830958,0.11352057,3.9103454e-09
expansion_2D,2.8,0.049864616,0.14024751,1.9197428e-07,2.4809523e-14,0.00038261559,0.12108055,4.3420883e-09
expansion_2D,2.8,0.049859438,0.14705493,2.0983483e-07,2.80683e-14,0.00041861461,0.12901362,4.7951378e-09
expansion_2D,2.8,0.049854004,0.1541983,2.285768e-07,3.1487899e-14,0.0004563902,0.13733818,5.2705454e-09
expansion_2D,2.8,0.049848302,0.16169419,2.482437e-07,3.5076256e-14,0.00049603002,0.14607357,5.7694146e-09
expansion_2D,2.8,0.049842319,0.16956001,2.6888117e-07,3.88417e-14,0.00053762608,0.15524005,6.2929031e-09
expansion_2D,2.8,0.049836041,0.17781401,2.905371e-07,4.279297e-14,0.00058127492,0.1648589,6.842226e-09
expansion_2D,2.8,0.049829452,0.18647535,3.1326175e-07,4.6939236e-14,0.00062707784,0.17495244,7.4186581e-09
expansion_2D,2.8,0.049822539,0.19550586,3.3696896e-07,5.2427401e-14,0.00067483256,0.18547605,8.0196561e-09
expansion_2D,2.8,0.049815284,0.20461865,3.6097988e-07,6.5278195e-14,0.00072301968,0.19609462,8.6261109e-09
expansion_2D,2.8,0.049807672,0.21418117,3.8617574e-07,7.8763179e-14,0.00077358485,0.20723723,9.2624945e-09
expansion_2D,2.8,0.049799683,0.2242156,4.1261503e-07,9.2913652e-14,0.00082664543,0.21892972,9.9302838e-09
expansion_2D,2.8,0.049791301,0.23474524,4.403591e-07,1.0776246e-13,0.00088232457,0.23119925,1.0631029e-08
expansion_2D,2.8,0.049782505,0.24637073,4.9191229e-07,1.0525164e-13,0.001018352,0.25030772,1.4332439e-08
expansion_2D,2.8,0.049773274,0.25900632,5.630038e-07,8.8915217e-14,0.0012198606,0.27507991,2.046278e-08
expansion_2D,2.8,0.049763588,0.27226548,6.3760369e-07,7.1772588e-14,0.0014313137,0.30107461,2.6895655e-08
expansion_2D,2.8,0.049753425,0.28617899,7.1588511e-07,5.3783965e-14,0.0016532022,0.32835215,3.3645996e-08
expansion_2D,2.8,0.049742759,0.30021342,7.9466826e-07,5.6255781e-14,0.0018770328,0.35586943,4.0455368e-08
expansion_2D,2.8,0.049731567,0.3148229,8.7664077e-07,6.3286302e-14,0.0021100375,0.38451474,4.754382e-08
expansion_2D,2.8,0.049719823,0.33015336,9.6265865e-07,7.066378e-14,0.002354541,0.41457372,5.498209e-08
expansion_2D,2.8,0.0497075,0.34624038,1.0529215e-06,7.840534e-14,0.0026111108,0.44611611,6.2787441e-08
expansion_2D,2.8,0.049694568,0.3631213,1.1476389e-06,8.6528949e-14,0.0028803425,0.47921513,7.0977988e-08
expansion_2D,2.8,0.049680998,0.38021396,1.2439248e-06,1.1842324e-13,0.0031529356,0.5127263,7.9270861e-08
expansion_2D,2.8,0.049666758,0.39797559,1.3440898e-06,1.584573e-13,0.0034361927,0.54754813,8.7888175e-08
expansion_2D,2.8,0.049651815,0.41664801,1.4514525e-06,1.9806734e-13,0.0037441171,0.5850282,9.8190668e-08
expansion_2D,2.8,0.049636136,0.43746323,1.6445399e-06,1.5402633e-13,0.0044485253,0.6578827,1.5394659e-07
expansion_2D,2.8,0.049619682,0.45930569,1.8471561e-06,1.0781189e-13,0.0051876962,0.7343326,2.1245408e-07
expansion_2D,2.8,0.049602416,0.48159022,2.0535965e-06,9.4660986e-14,0.00594186,0.81233537,2.7214913e-07
expansion_2D,2.8,0.049584298,0.50452642,2.2658734e-06,1.0576677e-13,0.006718102,0.89262329,3.3359238e-07
expansion_2D,2.8,0.049565287,0.52859452,2.4886263e-06,1.1742062e-13,0.0075326518,0.97687344,3.9806787e-07
expansion_2D,2.8,0.049545336,0.55376376,2.7216658e-06,1.3445137e-13,0.0083844631,1.0649773,4.6549266e-07
expansion_2D,2.8,0.049524402,0.57908895,2.9573501e-06,2.1252232e-13,0.0092414928,1.1536169,5.33329e-07
expansion_2D,2.8,0.049502434,0.60563054,3.2101736e-06,2.8626501e-13,0.010166733,1.2487608,6.1574071e-07
expansion_2D,2.8,0.049479382,0.63281567,3.5853885e-06,2.0038838e-13,0.01165481,1.3911022,9.2627339e-07
expansion_2D,2.8,0.049455193,0.66107209,3.975262e-06,1.3141787e-13,0.013201545,1.539056,1.2490484e-06
expansion_2D,2.8,0.049429809,0.68961982,4.368629e-06,1.4533544e-13,0.014764295,1.688548,1.5751719e-06
expansion_2D,2.8,0.049403173,0.7195764,4.7814088e-06,1.5993984e-13,0.016404168,1.8454174,1.9173898e-06
expansion_2D,2.8,0.049375223,0.750385,5.2070383e-06,2.2415449e-13,0.01809064,2.006741,2.2693287e-06
expansion_2D,2.8,0.049345893,0.78190842,5.6439994e-06,3.5441715e-13,0.019816189,2.1717978,2.6294173e-06
expansion_2D,2.8,0.049315116,0.81122581,6.194895e-06,2.6872357e-13,0.021545392,2.315571,3.3288202e-06
expansion_2D,2.8,0.04928282,0.84067357,6.7866728e-06,1.7256884e-13,0.023315499,2.4573871,4.1286385e-06
expansion_2D,2.8,0.04924893,0.87055898,7.3868947e-06,1.8724149e-13,0.025111932,2.6013143,4.9403653e-06
expansion_2D,2.8,0.049213367,0.90191925,8.0167377e-06,2.0263823e-13,0.02699702,2.7523442,5.7921511e-06
expansion_2D,2.8,0.04917605,0.9333843,8.6527173e-06,3.8275492e-13,0.028888379,2.9038739,6.6467513e-06
expansion_2D,2.8,0.049136891,0.96259985,9.3839605e-06,3.4168275e-13,0.030457133,2.9919115,7.7621555e-06
expansion_2D,2.8,0.049095799,0.99029965,1.0183274e-05,2.0683318e-13,0.031803345,3.0357148,9.0621638e-06
expansion_2D,2.8,0.04905268,1.0184196,1.0994797e-05,2.207291e-13,0.03316996,3.0801758,1.0381912e-05
expansion_2D,2.8,0.049007433,1.047536,1.1836769e-05,2.9947573e-13,0.034585005,3.1262151,1.1748414e-05
expansion_2D,2.8,0.048959952,1.0767131,1.2706009e-05,5.028098e-13,0.035975875,3.1663557,1.3165682e-05
expansion_2D,2.8,0.048910129,1.1019859,1.3735894e-05,2.5164839e-13,0.036828744,3.1233315,1.5014622e-05
expansion_2D,2.8,0.048857846,1.1273787,1.4771662e-05,2.4252568e-13,0.037685629,3.0800906,1.6872368e-05
expansion_2D,2.8,0.048802984,1.153772,1.5849323e-05,2.8994983e-13,0.038576277,3.0351465,1.8803309e-05
expansion_2D,2.8,0.048745414,1.1802752,1.6947432e-05,5.6512514e-13,0.039463069,2.9888,2.0761993e-05
expansion_2D,2.8,0.048685003,1.2034754,1.8246609e-05,2.602335e-13,0.039953088,2.901968,2.3220009e-05
expansion_2D,2.8,0.04862161,1.2267217,1.9550725e-05,2.6540705e-13,0.040444039,2.8149516,2.5682906e-05
expansion_2D,2.8,0.048555089,1.2507164,2.0900455e-05,3.8870902e-13,0.040950809,2.7251378,2.8225095e-05
expansion_2D,2.8,0.048485286,1.2739204,2.2341667e-05,4.9905999e-13,0.041373325,2.6316458,3.0953628e-05
expansion_2D,2.8,0.048412037,1.2953676,2.3947042e-05,2.7727299e-13,0.041621721,2.5312542,3.4043545e-05
expansion_2D,2.8,0.048335174,1.3172174,2.5585245e-05,2.882669e-13,0.041874756,2.4289711,3.7191466e-05
expansion_2D,2.8,0.048254517,1.3392793,2.7250928e-05,6.214082e-13,0.042130281,2.325704,4.0369964e-05
expansion_2D,2.8,0.04816988,1.3595429,2.9181555e-05,2.9005932e-13,0.042237563,2.2264521,4.4058446e-05
expansion_2D,2.8,0.048081066,1.3796104,3.1139483e-05,3.0014191e-13,0.042331086,2.1277132,4.7787788e-05
expansion_2D,2.8,0.04798787,1.4001099,3.314969e-05,5.6197262e-13,0.042426643,2.0268538,5.1597439e-05
expansion_2D,2.8,0.047890073,1.4195678,3.5404524e-05,3.6499927e-13,0.042449989,1.9330395,5.5808971e-05
expansion_2D,2.8,0.047787451,1.4385229,3.7752967e-05,3.1277965e-13,0.042444189,1.8424532,6.0163674e-05
expansion_2D,2.8,0.047679764,1.4578311,4.0157383e-05,5.6633237e-13,0.042438295,1.7501829,6.4599488e-05
expansion_2D,2.8,0.047566763,1.4763897,4.2833705e-05,3.7674564e-13,0.042387878,1.6655358,6.9424273e-05
expansion_2D,2.8,0.047448185,1.4945123,4.562678e-05,3.2581387e-13,0.042317371,1.5847881,7.4401944e-05
expansion_2D,2.8,0.047323755,1.5129228,4.8481171e-05,6.4091287e-13,0.04224576,1.5027608,7.9458715e-05
expansion_2D,2.8,0.047193185,1.5306751,5.1692913e-05,3.2992835e-13,0.042139567,1.4292266,8.4973451e-05
expansion_2D,2.8,0.047056171,1.5481989,5.4993549e-05,3.3907164e-13,0.042025245,1.3580491,9.0579878e-05
expansion_2D,2.8,0.046912395,1.5658943,5.8374249e-05,7.4712061e-13,0.041908534,1.286443,9.6270598e-05
expansion_2D,2.8,0.046761524,1.5828958,6.2209559e-05,3.4350201e-13,0.041763777,1.2242912,0.00010247771
expansion_2D,2.8,0.046603207,1.600078,6.6104831e-05,4.1867891e-13,0.041617463,1.1614759,0.00010875077
expansion_2D,2.8,0.046437077,1.6170484,7.0222374e-05,5.6575337e-13,0.04146325,1.1018486,0.00011522371
expansion_2D,2.8,0.046262749,1.633713,7.4689118e-05,3.5735844e-13,0.041295177,1.0474081,0.00012205342
expansion_2D,2.8,0.046079818,1.6505419,7.9231482e-05,6.8312946e-13,0.041125453,0.99243146,0.00012895047
expansion_2D,2.8,0.045887859,1.6671003,8.4267101e-05,3.6265063e-13,0.040941465,0.94302031,0.00013631055
expansion_2D,2.8,0.045686426,1.6836024,8.9461818e-05,3.7165948e-13,0.040753488,0.89503594,0.00014380059
expansion_2D,2.8,0.045475053,1.6999965,9.4877653e-05,6.4559007e-13,0.040561494,0.84886172,0.00015143893
expansion_2D,2.8,0.045253249,1.7162332,0.00010078861,3.7732303e-13,0.040357885,0.80692749,0.00015950714
expansion_2D,2.8,0.045020498,1.7325934,0.00010679175,7.4621218e-13,0.040152731,0.76467478,0.00016763668
expansion_2D,2.8,0.044776261,1.7487899,0.00011341513,3.8338344e-13,0.0399351,0.72677863,0.00017624792
expansion_2D,2.8,0.044519971,1.7649907,0.0001202156,4.7509606e-13,0.039714524,0.6896443,0.00018497295
expansion_2D,2.8,0.044251033,1.781134,0.00012741345,5.4681544e-13,0.03948715,0.6545027,0.00019395195
expansion_2D,2.8,0.043968823,1.7972104,0.00013507454,3.9910603e-13,0.039251267,0.62180484,0.00020324847
expansion_2D,2.8,0.043672685,1.8133511,0.00014292464,8.2496591e-13,0.039012666,0.58935525,0.00021264288
expansion_2D,2.8,0.043361933,1.8293918,0.0001515289,4.0595582e-13,0.03875991,0.56039642,0.0002225144
expansion_2D,2.8,0.043035846,1.8455239,0.00016026026,7.6712691e-13,0.03850571,0.53127206,0.00023244237
expansion_2D,2.8,0.042693666,1.8616366,0.0001697364,4.1322655e-13,0.038237036,0.50478528,0.00024279349
expansion_2D,2.8,0.042334599,1.8777557,0.00017947469,5.6206068e-13,0.037964545,0.47893516,0.00025325904
expansion_2D,2.8,0.041957812,1.8939167,0.0001897928,4.9357343e-13,0.037680618,0.45456501,0.00026400577
expansion_2D,2.8,0.04156243,1.9100658,0.00020059491,4.3178675e-13,0.037387635,0.43153959,0.00027496747
expansion_2D,2.8,0.041147537,1.9262288,0.00021178253,7.0833781e-13,0.037087775,0.40926606,0.00028605388
expansion_2D,2.8,0.040712168,1.942442,0.00022368872,4.406349e-13,0.036771696,0.38869142,0.00029744823
expansion_2D,2.8,0.040255313,1.9587284,0.00023585816,9.1152728e-13,0.036451803,0.36824602,0.00030892006
expansion_2D,2.8,0.039775913,1.9750287,0.00024887568,4.5001844e-13,0.036109703,0.34981083,0.00032065593
expansion_2D,2.8,0.039272854,1.9914298,0.00026211834,9.5217716e-13,0.035765487,0.33126162,0.00033246434
expansion_2D,2.8,0.038744969,2.007858,0.00027617614,4.6011601e-13,0.0353957,0.31451522,0.00034442645
expansion_2D,2.8,0.038191033,2.0243707,0.00029052823,8.2469278e-13,0.035021814,0.29784293,0.00035646407
expansion_2D,2.8,0.03760976,2.0409625,0.00030554068,4.7115393e-13,0.034622759,0.28244199,0.00036854331
expansion_2D,2.8,0.0369998,2.057608,0.00032092688,7.0909773e-13,0.034215183,0.26740834,0.00038066237
expansion_2D,2.8,0.036359739,2.0743741,0.00033681987,4.8322726e-13,0.033782863,0.25325165,0.00039272844
expansion_2D,2.8,0.035688091,2.0911697,0.00035309232,6.0453526e-13,0.033336991,0.23964814,0.00040474466
expansion_2D,2.8,0.034983297,2.1080762,0.00036969427,5.7715653e-13,0.032868088,0.22666104,0.00041660266
expansion_2D,2.8,0.034243721,2.1250777,0.00038663176,5.1500993e-13,0.032377428,0.21427272,0.00042831974
expansion_2D,2.8,0.033467647,2.1421263,0.00040370372,7.0744233e-13,0.031867116,0.20234495,0.00043976537
expansion_2D,2.8,0.032653273,2.1593017,0.00042089245,5.3189764e-13,0.031326693,0.1910396,0.00045088483
expansion_2D,2.8,0.031798709,2.1765624,0.00043811006,8.3180569e-13,0.030767163,0.18001571,0.00046172118
expansion_2D,2.8,0.030901973,2.1939063,0.00045496919,5.5128335e-13,0.030170391,0.16964798,0.0004719288
expansion_2D,2.8,0.029960982,2.2113792,0.00047178171,9.5263733e-13,0.029554683,0.15942548,0.00048186839
expansion_2D,2.8,0.028973553,2.2288693,0.00048747008,5.731965e-13,0.028894514,0.14986552,0.00049081208
expansion_2D,2.8,0.027937394,2.2465415,0.00050306669,1.0704777e-12,0.028214985,0.14034592,0.00049952535
expansion_2D,2.8,0.0268501,2.2641287,0.00051638861,5.9877188e-13,0.027484435,0.13147999,0.00050683077
expansion_2D,2.8,0.025709148,2.2819636,0.00052959379,1.1889012e-12,0.02673318,0.12257192,0.00051395791
expansion_2D,2.8,0.02451189,2.2995541,0.00053886326,6.2911926e-13,0.025926558,0.11430659,0.00051926273
expansion_2D,2.8,0.023255547,2.3174738,0.00054798825,1.3104253e-12,0.025096498,0.10593158,0.00052444323
expansion_2D,2.8,0.021937202,2.3348991,0.00055089969,6.6470517e-13,0.024212052,0.098204622,0.00052746254
expansion_2D,2.8,0.020553797,2.3527546,0.0005535569,1.435072e-12,0.023299414,0.090308966,0.0005303968
expansion_2D,2.8,0.019102121,2.3697202,0.00054677482,7.072176e-13,0.022344753,0.083110907,0.0005310469
expansion_2D,2.8,0.017578803,2.3872371,0.00053946372,1.5671875e-12,0.021354415,0.075688719,0.00053161828
expansion_2D,2.8,0.01598031,2.4032395,0.00051946012,7.5922226e-13,0.020356881,0.069102776,0.00053021157
expansion_2D,2.8,0.01430293,2.4199249,0.00049806851,1.7077089e-12,0.019313277,0.062239921,0.00052869286
expansion_2D,2.8,0.012542771,2.4341288,0.00045771192,8.2099928e-13,0.01833741,0.056501909,0.0005261518
expansion_2D,2.8,0.010695748,2.4491143,0.00041430624,1.842677e-12,0.017304893,0.050450101,0.00052345833
expansion_2D,2.8,0.0087575733,2.4602185,0.00035671573,8.7869404e-13,0.016474286,0.046009827,0.00052121155
expansion_2D,2.8,0.0067237492,2.47198,0.00029198345,1.8838194e-12,0.015592318,0.041307404,0.00051884444
expansion_2D,2.8,0.0045895552,2.4780849,0.00020598534,7.8734477e-13,0.015105834,0.038875862,0.00051779576
expansion_2D,2.8,0.002350038,2.4836777,9.7790073e-05,1.2337723e-12,0.014660123,0.03664824,0.00051683388
expansion_2D,2.8,4.9969541e-08,2.4836784,2.0790056e-09,2.498091e-15,0.014659998,0.036647848,0.00051683047
contraction_4D,8.2,0.099938083,0.012292496,7.9787197e-10,2.7309292e-16,6.2474512e-06,0.00050849451,2.3115289e-10
contraction_4D,8.2,0.099938034,0.012300634,7.9822291e-10,2.8597488e-16,6.2515858e-06,0.00050883114,2.3130592e-10
contraction_4D,8.2,0.099937982,0.012309173,7.9859118e-10,2.9949255e-16,6.2559246e-06,0.00050918438,2.3146649e-10
contraction_4D,8.2,0.099937928,0.012318134,7.9897762e-10,3.1367732e-16,6.2604774e-06,0.00050955505,2.3163499e-10
contraction_4D,8.2,0.099937871,0.012327537,7.9938312e-10,3.2856213e-16,6.265255e-06,0.00050994402,2.3181181e-10
contraction_4D,8.2,0.099937811,0.012337404,7.9980865e-10,3.4418152e-16,6.2702683e-06,0.00051035219,2.3199735e-10
contraction_4D,8.2,0.099937748,0.012347758,8.0025517e-10,3.605717e-16,6.275529e-06,0.0005107805,2.3219205e-10
contraction_4D,8.2,0.099937683,0.012358623,8.0072372e-10,3.7777076e-16,6.2810493e-06,0.00051122994,2.3239636e-10
contraction_4D,8.2,0.099937613,0.012370024,8.012154e-10,3.9581858e-16,6.2868421e-06,0.00051170156,2.3261075e-10
contraction_4D,8.2,0.099937541,0.012381988,8.0173135e-10,4.1475708e-16,6.2929207e-06,0.00051219646,2.3283573e-10
contraction_4D,8.2,0.099937465,0.012394542,8.0227275e-10,4.346302e-16,6.2992993e-06,0.00051271579,2.330718e-10
contraction_4D,8.2,0.099937385,0.012407716,8.0284088e-10,4.5548406e-16,6.3059927e-06,0.00051326074,2.3331952e-10
contraction_4D,8.2,0.099937301,0.01242154,8.0343704e-10,4.7736709e-16,6.3130165e-06,0.00051383258,2.3357947e-10
contraction_4D,8.2,0.099937213,0.012436046,8.0406262e-10,5.0033004e-16,6.3203868e-06,0.00051443265,2.3385225e-10
contraction_4D,8.2,0.099937121,0.012451268,8.0471908e-10,5.244262e-16,6.3281209e-06,0.00051506233,2.3413849e-10
contraction_4D,8.2,0.099937024,0.012467241,8.0540793e-10,5.4971154e-16,6.3362367e-06,0.00051572308,2.3443886e-10
contraction_4D,8.2,0.099936923,0.012484002,8.0613078e-10,5.7624469e-16,6.344753e-06,0.00051641645,2.3475404e-10
contraction_4D,8.2,0.099936816,0.012501591,8.068893e-10,6.0408728e-16,6.3536895e-06,0.00051714403,2.3508479e-10
contraction_4D,8.2,0.099936704,0.012520047,8.0768525e-10,6.3330392e-16,6.3630671e-06,0.00051790751,2.3543185e-10
contraction_4D,8.2,0.099936587,0.012539415,8.0852049e-10,6.639624e-16,6.3729075e-06,0.00051870868,2.3579605e-10
contraction_4D,8.2,0.099936464,0.012559738,8.0939694e-10,6.9613387e-16,6.3832335e-06,0.00051954938,2.3617821e-10
contraction_4D,8.2,0.099936334,0.012581064,8.1031664e-10,7.2989304e-16,6.394069e-06,0.00052043157,2.3657924e-10
contraction_4D,8.2,0.099936199,0.012603443,8.1128174e-10,7.6531821e-16,6.4054394e-06,0.0005213573,2.3700006e-10
contraction_4D,8.2,0.099936056,0.012626926,8.1229446e-10,8.0249166e-16,6.4173708e-06,0.00052232871,2.3744164e-10
contraction_4D,8.2,0.099935907,0.012651568,8.1335716e-10,8.4149959e-16,6.4298911e-06,0.00052334807,2.3790502e-10
contraction_4D,8.2,0.09993575,0.012677426,8.144723e-10,8.824326e-16,6.4430292e-06,0.00052441772,2.3839126e-10
contraction_4D,8.2,0.099935586,0.01270456,8.1564248e-10,9.2538565e-16,6.4568158e-06,0.00052554017,2.389015e-10
contraction_4D,8.2,0.099935413,0.012733033,8.168704e-10,9.7045846e-16,6.4712827e-06,0.00052671801,2.3943693e-10
contraction_4D,8.2,0.099935232,0.012762912,8.1815893e-10,1.0177556e-15,6.4864635e-06,0.00052795397,2.3999877e-10
contraction_4D,8.2,0.099935042,0.012794265,8.1951104e-10,1.0673869e-15,6.5023935e-06,0.00052925094,2.4058834e-10
contraction_4D,8.2,0.099934843,0.012827165,8.2092988e-10,1.1194675e-15,6.5191097e-06,0.0005306119,2.4120701e-10
contraction_4D,8.2,0.099934634,0.012861689,8.2241874e-10,1.1741184e-15,6.5366508e-06,0.00053204003,2.4185621e-10
contraction_4D,8.2,0.099934414,0.012897916,8.2398108e-10,1.2314662e-15,6.5550576e-06,0.00053353864,2.4253745e-10
contraction_4D,8.2,0.099934184,0.012935931,8.2562052e-10,1.2916442e-15,6.5743728e-06,0.00053511121,2.4325231e-10
contraction_4D,8.2,0.099933942,0.012975823,8.2734086e-10,1.354792e-15,6.5946411e-06,0.00053676138,2.4400244e-10
contraction_4D,8.2,0.099933688,0.013017683,8.291461e-10,1.4210561e-15,6.6159098e-06,0.00053849299,2.447896e-10
contraction_4D,8.2,0.099933422,0.013061609,8.3104044e-10,1.4905904e-15,6.638228e-06,0.00054031006,2.456156e-10
contraction_4D,8.2,0.099933143,0.013107703,8.3302826e-10,1.5635563e-15,6.6616476e-06,0.0005422168,2.4648236e-10
contraction_4D,8.2,0.099932849,0.013156071,8.3511418e-10,1.640123e-15,6.6862231e-06,0.00054421763,2.473919e-10
contraction_4D,8.2,0.099932542,0.013206827,8.3730304e-10,1.7204683e-15,6.7120113e-06,0.00054631721,2.4834633e-10
contraction_4D,8.2,0.099932219,0.013260087,8.3959992e-10,1.8047787e-15,6.7390722e-06,0.0005485204,2.4934785e-10
contraction_4D,8.2,0.09993188,0.013315975,8.4201015e-10,1.8932499e-15,6.7674685e-06,0.00055083232,2.5039881e-10
contraction_4D,8.2,0.099931525,0.013374622,8.4453933e-10,1.9860871e-15,6.7972662e-06,0.00055325834,2.5150162e-10
contraction_4D,8.2,0.099931152,0.013436163,8.4719333e-10,2.0835059e-15,6.8285344e-06,0.00055580408,2.5265887e-10
contraction_4D,8.2,0.099930761,0.013500741,8.499783e-10,2.1857323e-15,6.8613458e-06,0.00055847545,2.5387322e-10
contraction_4D,8.2,0.09993035,0.013568506,8.529007e-10,2.2930036e-15,6.8957764e-06,0.00056127866,2.551475e-10
contraction_4D,8.2,0.099929919,0.013639615,8.5596734e-10,2.4055688e-15,6.9319061e-06,0.0005642202,2.5648467e-10
contraction_4D,8.2,0.099929467,0.013714234,8.5918531e-10,2.5236892e-15,6.9698189e-06,0.00056730691,2.5788782e-10
contraction_4D,8.2,0.099928992,0.013792535,8.6256208e-10,2.6476388e-15,7.0096026e-06,0.00057054596,2.5936023e-10
contraction_4D,8.2,0.099928494,0.0138747,8.6610551e-10,2.7777053e-15,7.0513497e-06,0.00057394485,2.6090529e-10
contraction_4D,8.2,0.099927972,0.01396092,8.698238e-10,2.9141907e-15,7.0951571e-06,0.00057751147,2.6252661e-10
contraction_4D,8.2,0.099927423,0.014051395,8.7372559e-10,3.0574117e-15,7.1411263e-06,0.00058125411,2.6422794e-10
contraction_4D,8.2,0.099926848,0.014146335,8.7781994e-10,3.2077007e-15,7.1893642e-06,0.00058518145,2.6601323e-10
contraction_4D,8.2,0.099926244,0.01424596,8.8211634e-10,3.3654065e-15,7.2399826e-06,0.00058930261,2.6788662e-10
contraction_4D,8.2,0.09992561,0.014350502,8.8662477e-10,3.5308951e-15,7.293099e-06,0.00059362714,2.6985247e-10
contraction_4D,8.2,0.099924946,0.014460203,8.913557e-10,3.7045507e-15,7.3488367e-06,0.0005981651,2.7191533e-10
contraction_4D,8.2,0.099924248,0.014575318,8.9632009e-10,3.8867762e-15,7.4073252e-06,0.000602927,2.7408e-10
contraction_4D,8.2,0.099923516,0.014696113,9.0152949e-10,4.0779946e-15,7.4687e-06,0.0006079239,2.7635149e-10
contraction_4D,8.2,0.099922748,0.01482287,9.0699596e-10,4.2786497e-15,7.5331037e-06,0.00061316741,2.7873508e-10
contraction_4D,8.2,0.099921941,0.014955883,9.1273221e-10,4.4892072e-15,7.6006858e-06,0.00061866968,2.812363e-10
contraction_4D,8.2,0.099921095,0.01509546,9.1875155e-10,4.7101557e-15,7.671603e-06,0.00062444349,2.8386096e-10
contraction_4D,8.2,0.099920208,0.015241925,9.2506794e-10,4.9420082e-15,7.7460201e-06,0.00063050224,2.8661514e-10
contraction_4D,8.2,0.099919276,0.015395618,9.3169605e-10,5.1853026e-15,7.8241096e-06,0.00063685999,2.8950525e-10
contraction_4D,8.2,0.099918299,0.015556895,9.3865125e-10,5.4406037e-15,7.9060529e-06,0.0006435315,2.9253798e-10
contraction_4D,8.2,0.099917273,0.015726132,9.459497e-10,5.708504e-15,7.9920401e-06,0.00065053225,2.9572038e-10
contraction_4D,8.2,0.099916197,0.015903721,9.5360833e-10,5.9896253e-15,8.0822709e-06,0.00065787849,2.9905983e-10
contraction_4D,8.2,0.099915067,0.016090074,9.6164492e-10,6.28462e-15,8.1769545e-06,0.00066558727,3.0256409e-10
contraction_4D,8.2,0.099913882,0.016285623,9.7007811e-10,6.5941727e-15,8.2763108e-06,0.00067367648,3.0624128e-10
contraction_4D,8.2,0.099912639,0.016490823,9.7892749e-10,6.919002e-15,8.3805704e-06,0.00068216489,3.1009994e-10
contraction_4D,8.2,0.099911334,0.01670615,9.8821358e-10,7.2598618e-15,8.4899752e-06,0.00069107221,3.1414903e-10
contraction_4D,8.2,0.099909964,0.016932103,9.9795795e-10,7.6175431e-15,8.6047792e-06,0.00070041911,3.1839794e-10
contraction_4D,8.2,0.099908527,0.017169207,1.0081832e-09,7.992876e-15,8.7252487e-06,0.00071022729,3.2285654e-10
contraction_4D,8.2,0.099907019,0.017418011,1.0189131e-09,8.3867318e-15,8.8516636e-06,0.00072051949,3.2753517e-10
contraction_4D,8.2,0.099905437,0.017679095,1.0301725e-09,8.8000245e-15,8.984317e-06,0.00073131963,3.3244469e-10
contraction_4D,8.2,0.099903776,0.017953063,1.0419875e-09,9.2337133e-15,9.1235169e-06,0.00074265275,3.375965e-10
contraction_4D,8.2,0.099902034,0.018240552,1.0543856e-09,9.6888048e-15,9.2695863e-06,0.00075454516,3.4300255e-10
contraction_4D,8.2,0.099900206,0.018542228,1.0673956e-09,1.0166355e-14,9.4228644e-06,0.00076702448,3.4867539e-10
contraction_4D,8.2,0.099898287,0.018858792,1.0810476e-09,1.0667473e-14,9.5837067e-06,0.00078011964,3.5462819e-10
contraction_4D,8.2,0.099896274,0.019190979,1.0953734e-09,1.1193321e-14,9.7524867e-06,0.00079386106,3.6087476e-10
contraction_4D,8.2,0.099894161,0.019539559,1.1104061e-09,1.174512e-14,9.9295961e-06,0.00080828063,3.6742961e-10
contraction_4D,8.2,0.099891944,0.019905341,1.1261808e-09,1.232415e-14,1.0115446e-05,0.0008234118,3.7430793e-10
contraction_4D,8.2,0.099889618,0.020289175,1.1427338e-09,1.2931755e-14,1.0310467e-05,0.0008392897,3.8152571e-10
contraction_4D,8.2,0.099887177,0.020691952,1.1601038e-09,1.3569346e-14,1.0515113e-05,0.00085595118,3.8909968e-10
contraction_4D,8.2,0.099884615,0.021114605,1.178331e-09,1.4238403e-14,1.0729858e-05,0.00087343491,3.9704743e-10
contraction_4D,8.2,0.099881927,0.021558117,1.1974578e-09,1.4940477e-14,1.0955201e-05,0.00089178147,4.053874e-10
contraction_4D,8.2,0.099879107,0.022023516,1.2175284e-09,1.56772e-14,1.1191665e-05,0.00091103344,4.1413896e-10
contraction_4D,8.2,0.099876147,0.022511883,1.2385895e-09,1.6450279e-14,1.1439798e-05,0.0009312355,4.2332241e-10
contraction_4D,8.2,0.099873041,0.023024351,1.26069e-09,1.7261511e-14,1.1700177e-05,0.00095243453,4.3295906e-10
contraction_4D,8.2,0.099869782,0.023562109,1.2838812e-09,1.8112776e-14,1.1973405e-05,0.00097467975,4.4307129e-10
contraction_4D,8.2,0.099866362,0.023872226,1.3027043e-09,1.9006161e-14,1.2130972e-05,0.00098750814,4.4890285e-10
contraction_4D,8.2,0.099862773,0.024163404,1.3217136e-09,1.994365e-14,1.2278915e-05,0.00099955306,4.5437826e-10
contraction_4D,8.2,0.099859007,0.024468951,1.3416611e-09,2.0927403e-14,1.2434159e-05,0.0010121924,4.6012389e-10
contraction_4D,8.2,0.099855055,0.024789577,1.362593e-09,2.1959705e-14,1.2597064e-05,0.0010254555,4.6615307e-10
contraction_4D,8.2,0.099850908,0.025126026,1.3845578e-09,2.3042952e-14,1.2768009e-05,0.0010393731,4.7247978e-10
contraction_4D,8.2,0.099846557,0.025479078,1.4076067e-09,2.4179657e-14,1.294739e-05,0.0010539776,4.7911873e-10
contraction_4D,8.2,0.099841991,0.025849555,1.431793e-09,2.5372459e-14,1.3135624e-05,0.0010693028,4.8608531e-10
contraction_4D,8.2,0.099837199,0.026238314,1.4571729e-09,2.6624127e-14,1.3333147e-05,0.0010853843,4.9339569e-10
contraction_4D,8.2,0.099832171,0.026646259,1.4838053e-09,2.7937564e-14,1.3540418e-05,0.0011022594,5.0106684e-10
contraction_4D,8.2,0.099826895,0.027074335,1.5117521e-09,2.931582e-14,1.3757917e-05,0.0011199674,5.0911656e-10
contraction_4D,8.2,0.099821359,0.027523538,1.541078e-09,3.0762093e-14,1.3986151e-05,0.0011385492,5.1756354e-10
contraction_4D,8.2,0.099815549,0.027994909,1.5718512e-09,3.227974e-14,1.4225647e-05,0.001158048,5.2642738e-10
contraction_4D,8.2,0.099809453,0.028489542,1.604143e-09,3.3872284e-14,1.4476963e-05,0.0011785091,5.3572866e-10
contraction_4D,8.2,0.099803055,0.029008585,1.6380284e-09,3.5543421e-14,1.4740682e-05,0.00119998,5.4548895e-10
contraction_4D,8.2,0.099796342,0.029553244,1.6735861e-09,3.7297028e-14,1.5017415e-05,0.0012225105,5.5573092e-10
contraction_4D,8.2,0.099789298,0.030124781,1.7108986e-09,3.9137177e-14,1.5307805e-05,0.0012461528,5.6647833e-10
contraction_4D,8.2,0.099781906,0.030724525,1.7500525e-09,4.1068137e-14,1.5612526e-05,0.001270962,5.7775614e-10
contraction_4D,8.2,0.099774149,0.031353865,1.7911386e-09,4.3094391e-14,1.5932285e-05,0.0012969954,5.895905e-10
contraction_4D,8.2,0.09976601,0.032014264,1.8342523e-09,4.5220641e-14,1.6267824e-05,0.0013243136,6.020089e-10
contraction_4D,8.2,0.099757469,0.032707254,1.8794938e-09,4.7451823e-14,1.6619922e-05,0.00135298,6.1504015e-10
contraction_4D,8.2,0.099748506,0.033434443,1.9269679e-09,4.9793114e-14,1.6989396e-05,0.0013830611,6.2871449e-10
contraction_4D,8.2,0.099739101,0.034197518,1.9767848e-09,5.2249948e-14,1.7377104e-05,0.0014146267,6.4306367e-10
contraction_4D,8.2,0.099729232,0.034998252,2.0290603e-09,5.4828028e-14,1.7783946e-05,0.00144775,6.5812098e-10
contraction_4D,8.2,0.099718875,0.036378058,2.3452895e-09,5.4448415e-14,2.2250476e-05,0.0015471076,1.3658516e-09
contraction_4D,8.2,0.099708008,0.038252243,2.8836284e-09,5.1612762e-14,3.0129006e-05,0.0017024068,2.6551824e-09
contraction_4D,8.2,0.099696605,0.040218919,3.4485346e-09,4.8637168e-14,3.8396345e-05,0.00186537,4.0081421e-09
contraction_4D,8.2,0.099684638,0.042282652,4.0413191e-09,4.5514728e-14,4.7071679e-05,0.0020363755,5.4278708e-09
contraction_4D,8.2,0.099672081,0.044448231,4.6633578e-09,4.2238195e-14,5.6175145e-05,0.0022158202,6.9176636e-09
contraction_4D,8.2,0.099658905,0.046720681,5.3160942e-09,3.8799963e-14,6.5727869e-05,0.0024041205,8.4809782e-09
contraction_4D,8.2,0.099645078,0.049105278,6.0010433e-09,3.5192054e-14,7.5752023e-05,0.0026017135,1.0121443e-08
contraction_4D,8.2,0.099630569,0.051607555,6.719795e-09,3.1406093e-14,8.6270872e-05,0.0028090578,1.1842865e-08
contraction_4D,8.2,0.099615343,0.054233321,7.4740173e-09,2.7433294e-14,9.7308831e-05,0.0030266346,1.364924e-08
contraction_4D,8.2,0.099599367,0.056988669,8.2654606e-09,2.3264436e-14,0.00010889152,0.0032549489,1.554476e-08
contraction_4D,8.2,0.099582602,0.059879995,9.095962e-09,1.8889843e-14,0.00012104581,0.0034945306,1.7533824e-08
contraction_4D,8.2,0.099565009,0.062791385,9.5060089e-09,2.21247e-14,0.00013328447,0.0037357762,1.9536686e-08
contraction_4D,8.2,0.099546548,0.065823788,9.8510044e-09,2.6965546e-14,0.00014603185,0.0039870496,2.1622797e-08
contraction_4D,8.2,0.099527177,0.069005842,1.0213025e-08,3.204529e-14,0.00015940831,0.0042507235,2.3811857e-08
contraction_4D,8.2,0.099506849,0.072344931,1.0592912e-08,3.737572e-14,0.00017344491,0.0045274098,2.6108949e-08
contraction_4D,8.2,0.099485518,0.075848806,1.0991547e-08,4.2969209e-14,0.00018817422,0.0048177506,2.8519403e-08
contraction_4D,8.2,0.099463135,0.079525597,1.1409854e-08,4.8838738e-14,0.00020363042,0.0051224198,3.1048814e-08
contraction_4D,8.2,0.099439646,0.08338384,1.1848805e-08,5.4997931e-14,0.00021984939,0.0054421245,3.3703052e-08
contraction_4D,8.2,0.099414999,0.08729523,1.279612e-08,7.0227339e-14,0.00023629175,0.0057662316,3.6393859e-08
contraction_4D,8.2,0.099389135,0.091350962,1.396282e-08,8.9317754e-14,0.00025334087,0.0061022986,3.9183968e-08
contraction_4D,8.2,0.099361995,0.095606846,1.5187097e-08,1.0935029e-13,0.00027123137,0.0064549506,4.211177e-08
contraction_4D,8.2,0.099333516,0.10007276,1.6471793e-08,1.3037143e-13,0.00029000478,0.0068250062,4.518406e-08
contraction_4D,8.2,0.099303631,0.10475907,1.7819889e-08,1.5242998e-13,0.00030970466,0.0072133241,4.8407968e-08
contraction_4D,8.2,0.099272271,0.10969562,1.9312304e-08,1.7281062e-13,0.0003330897,0.0076480023,5.3926398e-08
contraction_4D,8.2,0.099239364,0.11518877,2.2161617e-08,1.4855966e-13,0.00040238304,0.0085527799,9.494394e-08
contraction_4D,8.2,0.099204832,0.12095301,2.5151546e-08,1.2311191e-13,0.00047509604,0.0095022087,1.3798571e-07
contraction_4D,8.2,0.099168597,0.12700172,2.8289028e-08,9.6408313e-14,0.00055139744,0.010498492,1.8315161e-07
contraction_4D,8.2,0.099130573,0.13334894,3.1581346e-08,6.8386879e-14,0.00063146434,0.011543942,2.3054646e-07
contraction_4D,8.2,0.099090673,0.13981972,3.3585112e-08,6.2751756e-14,0.00071309007,0.012609747,2.7886389e-07
contraction_4D,8.2,0.099048804,0.14647724,3.4673477e-08,7.3453523e-14,0.00079707168,0.013706314,3.2857575e-07
contraction_4D,8.2,0.099004868,0.15346331,3.5815552e-08,8.4683427e-14,0.0008851978,0.014856996,3.8074091e-07
contraction_4D,8.2,0.098958764,0.16079415,3.701399e-08,9.6467529e-14,0.00097767297,0.016064465,4.3548043e-07
contraction_4D,8.2,0.098910385,0.16817843,4.0538955e-08,1.4748634e-13,0.001070822,0.017280732,4.9061909e-07
contraction_4D,8.2,0.098859619,0.1758851,4.4546973e-08,2.0629223e-13,0.0011680377,0.018550098,5.4816501e-07
contraction_4D,8.2,0.098806347,0.18397209,4.8752788e-08,2.680002e-13,0.001270051,0.019882107,6.0855084e-07
contraction_4D,8.2,0.098750446,0.19215561,5.3811126e-08,2.694853e-13,0.0014120953,0.021615897,8.1489534e-07
contraction_4D,8.2,0.098691786,0.20041113,5.9826447e-08,2.0165565e-13,0.0015995311,0.023803802,1.1882317e-06
contraction_4D,8.2,0.098630232,0.20907407,6.6138625e-08,1.3047858e-13,0.001796217,0.026099681,1.5799924e-06
contraction_4D,8.2,0.09856564,0.2179219,6.9889809e-08,1.0578219e-13,0.0019971007,0.028444557,1.9801141e-06
contraction_4D,8.2,0.09849786,0.22700927,7.149282e-08,1.2047591e-13,0.0022034233,0.03085292,2.3910691e-06
contraction_4D,8.2,0.098426735,0.23654511,7.317494e-08,1.3589477e-13,0.0024199281,0.033380136,2.8223048e-06
contraction_4D,8.2,0.0983521,0.24611425,7.9991616e-08,2.4217148e-13,0.0026371887,0.03591618,3.2550464e-06
contraction_4D,8.2,0.098273782,0.25613983,8.7327332e-08,3.5695037e-13,0.0028648122,0.038573188,3.7084288e-06
contraction_4D,8.2,0.098191599,0.26553935,9.4922955e-08,3.618962e-13,0.0030810006,0.040757002,4.4257604e-06
contraction_4D,8.2,0.09810536,0.27412826,1.0277731e-07,2.3575463e-13,0.0032820818,0.042361421,5.4531855e-06
contraction_4D,8.2,0.098014865,0.28303473,1.0901334e-07,1.3990661e-13,0.0034905976,0.04402516,6.5185974e-06
contraction_4D,8.2,0.097919904,0.29204547,1.0923061e-07,1.5450414e-13,0.0037015543,0.045708375,7.5964798e-06
contraction_4D,8.2,0.097820257,0.30140947,1.1119148e-07,2.0122051e-13,0.0039207811,0.047457577,8.716619e-06
contraction_4D,8.2,0.097715692,0.31088387,1.1991448e-07,3.7101285e-13,0.0041425933,0.049227408,9.8499693e-06
contraction_4D,8.2,0.097605967,0.32026206,1.2882421e-07,4.7504252e-13,0.0043548697,0.050634413,1.1179787e-05
contraction_4D,8.2,0.097490827,0.32785434,1.3720138e-07,2.8848066e-13,0.0044959249,0.0503153,1.3135778e-05
contraction_4D,8.2,0.097370005,0.33567971,1.419486e-07,1.7115278e-13,0.0046413107,0.049986395,1.5151817e-05
contraction_4D,8.2,0.09724322,0.34364585,1.3992196e-07,1.8399145e-13,0.0047893118,0.04965158,1.7204118e-05
contraction_4D,8.2,0.097110179,0.35175151,1.452276e-07,3.3787455e-13,0.0049399051,0.049310893,1.9292369e-05
contraction_4D,8.2,0.096970571,0.36012849,1.5456669e-07,5.7060528e-13,0.0050955391,0.048958798,2.1450521e-05
contraction_4D,8.2,0.096824074,0.36656244,1.6343088e-07,3.4388918e-13,0.0051929688,0.047540971,2.4828948e-05
contraction_4D,8.2,0.096670348,0.37310242,1.6750461e-07,1.9232662e-13,0.005290888,0.046041776,2.8350072e-05
contraction_4D,8.2,0.096509035,0.37976528,1.633187e-07,2.0289066e-13,0.0053906494,0.044514416,3.1937406e-05
contraction_4D,8.2,0.096339761,0.3864729,1.7142553e-07,4.5487187e-13,0.0054910775,0.042976792,3.5548763e-05
contraction_4D,8.2,0.096162133,0.39271517,1.8147301e-07,5.0791679e-13,0.005582112,0.041340344,3.9932845e-05
contraction_4D,8.2,0.095975739,0.39810678,1.9224208e-07,2.0395631e-13,0.0056566185,0.039577692,4.5458382e-05
contraction_4D,8.2,0.095780147,0.40349979,1.8876189e-07,2.1223085e-13,0.0057311568,0.03781457,5.0985813e-05
contraction_4D,8.2,0.095574902,0.4089869,1.9505789e-07,4.3355361e-13,0.005806987,0.036020693,5.6609373e-05
contraction_4D,8.2,0.095359528,0.41421234,2.074577e-07,5.5032156e-13,0.0058807034,0.034273392,6.2960973e-05
contraction_4D,8.2,0.095133526,0.41872141,2.2163783e-07,2.1533276e-13,0.005947828,0.0326747,7.0766717e-05
contraction_4D,8.2,0.09489637,0.42324275,2.2278366e-07,2.2192213e-13,0.00601514,0.031071647,7.8594098e-05
contraction_4D,8.2,0.09464751,0.42780935,2.357047e-07,5.3178398e-13,0.0060831218,0.029452553,8.6499501e-05
contraction_4D,8.2,0.09438637,0.43197026,2.5439178e-07,4.5376651e-13,0.006151296,0.028004628,9.5749141e-05
contraction_4D,8.2,0.094112341,0.43584495,2.7036419e-07,2.2522552e-13,0.0062196217,0.026677522,0.00010595226
contraction_4D,8.2,0.09382479,0.43974713,2.8292055e-07,3.4898649e-13,0.0062884323,0.025341,0.00011622785
contraction_4D,8.2,0.093523047,0.4436111,3.0578438e-07,6.4275726e-13,0.0063584645,0.02403155,0.00012691728
contraction_4D,8.2,0.093206414,0.44703253,3.3507042e-07,2.2915753e-13,0.0064323525,0.022959632,0.00013960684
contraction_4D,8.2,0.092874155,0.45046398,3.5460433e-07,2.3297065e-13,0.006506457,0.021884572,0.00015233385
contraction_4D,8.2,0.092525498,0.45390675,3.8482492e-07,6.7311164e-13,0.0065808056,0.020805972,0.0001651025
contraction_4D,8.2,0.092159635,0.45703008,4.2425162e-07,2.9519622e-13,0.0066619074,0.019924315,0.0001801414
contraction_4D,8.2,0.091775717,0.46012595,4.5752888e-07,2.3556301e-13,0.0067438997,0.019061887,0.0001954557
contraction_4D,8.2,0.091372852,0.46323036,4.9747227e-07,6.4835797e-13,0.0068261269,0.018197062,0.00021081293
contraction_4D,8.2,0.090950106,0.46612329,5.4884305e-07,3.092431e-13,0.0069163677,0.017475738,0.00022844659
contraction_4D,8.2,0.090506497,0.46897554,5.974227e-07,2.3798016e-13,0.0070081817,0.016782167,0.00024652208
contraction_4D,8.2,0.090040996,0.47183042,6.5086026e-07,6.9066935e-13,0.0071000648,0.016087909,0.00026461387
contraction_4D,8.2,0.089552522,0.47451624,7.1741121e-07,2.5192999e-13,0.0072023134,0.015518984,0.00028536144
contraction_4D,8.2,0.089039942,0.47717675,7.8244448e-07,2.7115297e-13,0.0073051192,0.014963402,0.00030627036
contraction_4D,8.2,0.088502066,0.47982212,8.5230818e-07,6.7438317e-13,0.0074093982,0.014420452,0.00032751977
contraction_4D,8.2,0.087937645,0.48234402,9.3487584e-07,2.3962478e-13,0.0075251767,0.013977261,0.00035141866
contraction_4D,8.2,0.08734537,0.48485865,1.0177061e-06,4.1434013e-13,0.0076406305,0.013535346,0.0003752497
contraction_4D,8.2,0.086723867,0.4873349,1.10663e-06,5.089833e-13,0.0077623592,0.013131718,0.00040034375
contraction_4D,8.2,0.086071691,0.48974889,1.2051377e-06,2.4010747e-13,0.007893014,0.01278517,0.0004272301
contraction_4D,8.2,0.085387331,0.49215575,1.3036511e-06,6.1739705e-13,0.0080232783,0.012439642,0.00045403659
contraction_4D,8.2,0.084669197,0.49451092,1.4112561e-06,2.7976682e-13,0.0081679119,0.012160224,0.00048327133
contraction_4D,8.2,0.083915623,0.49683433,1.5254147e-06,2.9717252e-13,0.00831536,0.011900792,0.00051294357
contraction_4D,8.2,0.083124861,0.49913926,1.6382868e-06,5.936072e-13,0.0084673852,0.011660881,0.00054319729
contraction_4D,8.2,0.082295073,0.50140901,1.7617093e-06,2.38355e-13,0.0086357212,0.011480985,0.00057563405
contraction_4D,8.2,0.081424336,0.5036699,1.8858667e-06,5.8426986e-13,0.0088033999,0.011301791,0.00060794412
contraction_4D,8.2,0.080510627,0.50591617,2.0115001e-06,2.7654059e-13,0.0089908798,0.011180763,0.00064225958
contraction_4D,8.2,0.079551826,0.50813693,2.1471915e-06,3.197033e-13,0.0091832007,0.011080042,0.00067692423
contraction_4D,8.2,0.078545708,0.51034964,2.2746132e-06,5.2961258e-13,0.0093850332,0.01100534,0.00071218062
contraction_4D,8.2,0.077489938,0.51255869,2.4096999e-06,2.3311355e-13,0.0096085985,0.010985993,0.00074893407
contraction_4D,8.2,0.076382066,0.51476017,2.5421436e-06,6.7318588e-13,0.0098313771,0.010966694,0.00078555941
contraction_4D,8.2,0.075219519,0.51644659,2.6364272e-06,2.3124263e-13,0.010028547,0.01101443,0.00081448722
contraction_4D,8.2,0.073999601,0.51909573,2.7859193e-06,3.3118362e-13,0.010346409,0.011108933,0.00086016058
contraction_4D,8.2,0.072719479,0.52130795,2.8989334e-06,2.9406806e-13,0.010628591,0.011228853,0.0008985959
contraction_4D,8.2,0.071376182,0.5235351,3.0000611e-06,2.2522117e-13,0.010929247,0.011390318,0.00093721733
contraction_4D,8.2,0.069966594,0.52578261,3.0878446e-06,2.2246317e-13,0.011250513,0.011596639,0.00097595304
contraction_4D,8.2,0.068487442,0.52805547,3.1558507e-06,2.3902236e-13,0.011594656,0.011851637,0.0010147316
contraction_4D,8.2,0.066935293,0.53036014,3.1946826e-06,5.6126054e-13,0.011964379,0.01215994,0.0010535149
contraction_4D,8.2,0.065306545,0.53268857,3.1951817e-06,3.6520372e-13,0.012363593,0.012532576,0.0010919469
contraction_4D,8.2,0.063597418,0.53505443,3.1592654e-06,2.1124056e-13,0.012795733,0.01297407,0.0011301913
contraction_4D,8.2,0.061803945,0.53746797,3.0729064e-06,6.045098e-13,0.013264474,0.013490818,0.001168346
contraction_4D,8.2,0.059921964,0.53991486,2.9182663e-06,2.0477189e-13,0.013777206,0.014103983,0.0012059547
contraction_4D,8.2,0.057947106,0.54241827,2.6932486e-06,4.7677906e-13,0.014337821,0.014817583,0.0012435035
contraction_4D,8.2,0.055874788,0.54496809,2.3737684e-06,3.3180543e-13,0.014955888,0.015657669,0.0012807264
contraction_4D,8.2,0.053700201,0.54757244,1.9396944e-06,1.9322153e-13,0.015639713,0.016643571,0.0013178503
contraction_4D,8.2,0.051418297,0.55023546,1.3623945e-06,1.8945284e-13,0.016399953,0.017801624,0.0013550836
contraction_4D,8.2,0.04902378,0.55279632,6.2922949e-07,2.3594199e-13,0.017101005,0.018870331,0.0013901569
contraction_4D,8.2,0.046511093,0.55443471,-1.6695125e-07,5.3637634e-13,0.017024749,0.018428599,0.001410945
contraction_4D,8.2,0.043874404,0.55574485,-8.9532853e-07,2.905706e-13,0.016710989,0.017558505,0.0014268965
contraction_4D,8.2,0.041107594,0.55690899,-1.5139504e-06,3.6462486e-13,0.016330618,0.016601018,0.001441373
contraction_4D,8.2,0.038204241,0.55798059,-2.0065278e-06,4.3462265e-13,0.015932161,0.015648699,0.0014554662
contraction_4D,8.2,0.035157607,0.55897839,-2.3647994e-06,4.3008334e-13,0.015537761,0.014741141,0.0014696241
contraction_4D,8.2,0.03196062,0.55990617,-2.5863131e-06,5.0366084e-13,0.015160204,0.013898873,0.0014839203
contraction_4D,8.2,0.02860586,0.56076398,-2.6667667e-06,3.2672754e-13,0.014806947,0.013132516,0.0014983273
contraction_4D,8.2,0.025085542,0.56154466,-2.6143082e-06,2.042989e-13,0.014485218,0.012450869,0.0015125408
contraction_4D,8.2,0.021391496,0.5622415,-2.4369991e-06,2.7715096e-13,0.014199018,0.011857283,0.0015261759
contraction_4D,8.2,0.017515147,0.56284903,-2.1453239e-06,5.3910163e-13,0.013951489,0.011352777,0.0015388692
contraction_4D,8.2,0.013447498,0.56334192,-1.733423e-06,2.8638312e-13,0.013752972,0.010954855,0.0015498146
contraction_4D,8.2,0.0091791104,0.56371741,-1.2421433e-06,1.8775476e-13,0.013603986,0.010659532,0.0015584557
contraction_4D,8.2,0.0047000761,0.56395584,-6.6903929e-07,1.5540072e-13,0.013512359,0.010479316,0.0015639646
contraction_4D,8.2,9.9939083e-08,0.56402943,-1.2487482e-11,5.7442462e-16,0.013485139,0.010426075,0.0015656178
contraction_3D,8.4,0.099938083,0.0061584749,-6.1358837e-09,2.6920756e-16,3.1156779e-06,0.00025357772,1.1521767e-10
contraction_3D,8.4,0.099938034,0.006166604,-6.1447211e-09,2.8219887e-16,3.1197849e-06,0.00025391218,1.1536963e-10
contraction_3D,8.4,0.099937982,0.0061751343,-6.1539946e-09,2.9583128e-16,3.1240946e-06,0.00025426314,1.1552909e-10
contraction_3D,8.4,0.099937928,0.0061840855,-6.1637258e-09,3.1013645e-16,3.1286169e-06,0.00025463142,1.1569642e-10
contraction_3D,8.4,0.099937871,0.0061934785,-6.1739372e-09,3.2514761e-16,3.1333624e-06,0.00025501787,1.1587201e-10
contraction_3D,8.4,0.099937811,0.0062033351,-6.1846525e-09,3.4089958e-16,3.1383422e-06,0.0002554234,1.1605626e-10
contraction_3D,8.4,0.099937748,0.006213678,-6.1958967e-09,3.5742888e-16,3.1435676e-06,0.00025584894,1.1624961e-10
contraction_3D,8.4,0.099937683,0.0062245314,-6.2076957e-09,3.7477393e-16,3.149051e-06,0.00025629548,1.1645249e-10
contraction_3D,8.4,0.099937613,0.0062359205,-6.220077e-09,3.9297495e-16,3.154805e-06,0.00025676405,1.1666539e-10
contraction_3D,8.4,0.099937541,0.0062478715,-6.2330694e-09,4.1207421e-16,3.1608429e-06,0.00025725575,1.168888e-10
contraction_3D,8.4,0.099937465,0.0062604124,-6.2467029e-09,4.3211601e-16,3.1671788e-06,0.00025777172,1.1712323e-10
contraction_3D,8.4,0.099937385,0.0062735721,-6.2610093e-09,4.5314689e-16,3.1738273e-06,0.00025831315,1.1736923e-10
contraction_3D,8.4,0.099937301,0.0062873813,-6.2760217e-09,4.7521567e-16,3.180804e-06,0.0002588813,1.1762737e-10
contraction_3D,8.4,0.099937213,0.006301872,-6.2917749e-09,4.9837352e-16,3.188125e-06,0.00025947749,1.1789825e-10
contraction_3D,8.4,0.099937121,0.0063170778,-6.3083056e-09,5.2267423e-16,3.1958073e-06,0.00026010309,1.181825e-10
contraction_3D,8.4,0.099937024,0.006333034,-6.325652e-09,5.4817419e-16,3.2038687e-06,0.00026075958,1.1848078e-10
contraction_3D,8.4,0.099936923,0.0063497777,-6.3438545e-09,5.7493256e-16,3.2123279e-06,0.00026144846,1.1879377e-10
contraction_3D,8.4,0.099936816,0.0063673476,-6.3629553e-09,6.0301149e-16,3.2212046e-06,0.00026217134,1.1912222e-10
contraction_3D,8.4,0.099936704,0.0063857847,-6.3829988e-09,6.3247612e-16,3.2305193e-06,0.00026292989,1.1946687e-10
contraction_3D,8.4,0.099936587,0.0064051316,-6.4040314e-09,6.6339484e-16,3.2402938e-06,0.00026372588,1.1982853e-10
contraction_3D,8.4,0.099936464,0.0064254333,-6.4261019e-09,6.958394e-16,3.2505506e-06,0.00026456114,1.2020804e-10
contraction_3D,8.4,0.099936334,0.0064467369,-6.4492617e-09,7.2988512e-16,3.2613136e-06,0.00026543763,1.2060627e-10
contraction_3D,8.4,0.099936199,0.0064690918,-6.4735644e-09,7.6561099e-16,3.2726077e-06,0.00026635738,1.2102416e-10
contraction_3D,8.4,0.099936056,0.00649255,-6.4990664e-09,8.0309997e-16,3.2844593e-06,0.00026732251,1.2146268e-10
contraction_3D,8.4,0.099935907,0.0065171658,-6.525827e-09,8.4243901e-16,3.2968957e-06,0.00026833528,1.2192283e-10
contraction_3D,8.4,0.09993575,0.0065429964,-6.5539082e-09,8.8371947e-16,3.3099458e-06,0.00026939802,1.2240569e-10
contraction_3D,8.4,0.099935586,0.0065701018,-6.5833752e-09,9.2703712e-16,3.32364e-06,0.00027051321,1.2291238e-10
contraction_3D,8.4,0.099935413,0.0065985448,-6.6142965e-09,9.7249252e-16,3.33801e-06,0.00027168344,1.2344408e-10
contraction_3D,8.4,0.099935232,0.0066283915,-6.6467437e-09,1.0201911e-15,3.3530891e-06,0.00027291141,1.2400202e-10
contraction_3D,8.4,0.099935042,0.0066597112,-6.6807922e-09,1.0702437e-15,3.3689124e-06,0.00027419999,1.2458749e-10
contraction_3D,8.4,0.099934843,0.0066925764,-6.716521e-09,1.1227664e-15,3.3855166e-06,0.00027555216,1.2520185e-10
contraction_3D,8.4,0.099934634,0.0067270636,-6.754013e-09,1.1778811e-15,3.4029402e-06,0.00027697106,1.2584654e-10
contraction_3D,8.4,0.099934414,0.0067632528,-6.7933553e-09,1.2357158e-15,3.4212237e-06,0.00027845999,1.2652304e-10
contraction_3D,8.4,0.099934184,0.0068012279,-6.8346391e-09,1.2964045e-15,3.4404095e-06,0.00028002239,1.2723292e-10
contraction_3D,8.4,0.099933942,0.0068410771,-6.8779603e-09,1.3600884e-15,3.4605421e-06,0.00028166189,1.2797784e-10
contraction_3D,8.4,0.099933688,0.0068828928,-6.9234194e-09,1.426915e-15,3.4816682e-06,0.00028338231,1.2875952e-10
contraction_3D,8.4,0.099933422,0.0069267722,-6.9711219e-09,1.4970395e-15,3.5038369e-06,0.00028518763,1.2957977e-10
contraction_3D,8.4,0.099933143,0.006972817,-7.0211786e-09,1.5706247e-15,3.5270997e-06,0.00028708205,1.3044051e-10
contraction_3D,8.4,0.099932849,0.0070211342,-7.0737056e-09,1.6478414e-15,3.5515105e-06,0.00028906995,1.3134372e-10
contraction_3D,8.4,0.099932542,0.0070718358,-7.1288248e-09,1.7288687e-15,3.5771259e-06,0.00029115596,1.3229151e-10
contraction_3D,8.4,0.099932219,0.0071250395,-7.1866641e-09,1.8138947e-15,3.6040055e-06,0.00029334491,1.3328607e-10
contraction_3D,8.4,0.09993188,0.0071808689,-7.2473579e-09,1.9031168e-15,3.6322116e-06,0.00029564189,1.3432971e-10
contraction_3D,8.4,0.099931525,0.0072394535,-7.3110469e-09,1.9967421e-15,3.6618097e-06,0.00029805222,1.3542485e-10
contraction_3D,8.4,0.099931152,0.0073009293,-7.377879e-09,2.0949878e-15,3.6928685e-06,0.00030058151,1.3657405e-10
contraction_3D,8.4,0.099930761,0.0073654389,-7.4480092e-09,2.1980819e-15,3.72546e-06,0.00030323561,1.3777995e-10
contraction_3D,8.4,0.09993035,0.007433132,-7.5216004e-09,2.3062638e-15,3.75966e-06,0.0003060207,1.3904537e-10
contraction_3D,8.4,0.099929919,0.0075041659,-7.5988234e-09,2.4197845e-15,3.7955477e-06,0.00030894323,1.4037323e-10
contraction_3D,8.4,0.099929467,0.0075787053,-7.6798573e-09,2.5389074e-15,3.8332065e-06,0.00031200999,1.4176663e-10
contraction_3D,8.4,0.099928992,0.0076569232,-7.7648903e-09,2.6639091e-15,3.8727237e-06,0.0003152281,1.4322879e-10
contraction_3D,8.4,0.099928494,0.0077390012,-7.8541197e-09,2.7950798e-15,3.9141912e-06,0.00031860502,1.4476311e-10
contraction_3D,8.4,0.099927972,0.0078251298,-7.9477526e-09,2.9327237e-15,3.957705e-06,0.00032214859,1.4637314e-10
contraction_3D,8.4,0.099927423,0.0079155089,-8.0460063e-09,3.0771604e-15,4.0033663e-06,0.00032586704,1.4806264e-10
contraction_3D,8.4,0.099926848,0.0080103482,-8.1491089e-09,3.228725e-15,4.051281e-06,0.00032976899,1.4983551e-10
contraction_3D,8.4,0.099926244,0.0081098679,-8.2572996e-09,3.3877695e-15,4.1015603e-06,0.00033386351,1.5169587e-10
contraction_3D,8.4,0.09992561,0.0082142989,-8.3708295e-09,3.5546628e-15,4.1543209e-06,0.0003381601,1.5364804e-10
contraction_3D,8.4,0.099924946,0.0083238836,-8.4899622e-09,3.7297924e-15,4.2096853e-06,0.00034266872,1.5569655e-10
contraction_3D,8.4,0.099924248,0.0084388763,-8.6149742e-09,3.9135647e-15,4.2677819e-06,0.00034739984,1.5784616e-10
contraction_3D,8.4,0.099923516,0.0085595439,-8.7461555e-09,4.1064062e-15,4.3287456e-06,0.00035236445,1.6010185e-10
contraction_3D,8.4,0.099922748,0.0086861666,-8.8838106e-09,4.3087645e-15,4.3927179e-06,0.00035757406,1.6246886e-10
contraction_3D,8.4,0.099921941,0.0088190381,-9.0282591e-09,4.5211093e-15,4.4598472e-06,0.00036304077,1.6495268e-10
contraction_3D,8.4,0.099921095,0.0089584669,-9.1798361e-09,4.7439333e-15,4.5302894e-06,0.00036877726,1.6755908e-10
contraction_3D,8.4,0.099920208,0.0091047765,-9.3388936e-09,4.9777538e-15,4.6042079e-06,0.00037479685,1.7029411e-10
contraction_3D,8.4,0.099919276,0.0092583066,-9.5058005e-09,5.2231133e-15,4.6817743e-06,0.0003811135,1.7316411e-10
contraction_3D,8.4,0.099918299,0.0094194134,-9.6809444e-09,5.4805815e-15,4.7631687e-06,0.00038774189,1.7617575e-10
contraction_3D,8.4,0.099917273,0.0095884709,-9.8647317e-09,5.7507558e-15,4.8485799e-06,0.00039469739,1.7933601e-10
contraction_3D,8.4,0.099916197,0.0097658714,-1.0057589e-08,6.0342633e-15,4.9382061e-06,0.00040199615,1.8265223e-10
contraction_3D,8.4,0.099915067,0.0099520267,-1.0259964e-08,6.331762e-15,5.0322555e-06,0.0004096551,1.8613211e-10
contraction_3D,8.4,0.099913882,0.010147369,-1.0472326e-08,6.6439423e-15,5.1309462e-06,0.00041769202,1.8978372e-10
contraction_3D,8.4,0.099912639,0.010352351,-1.0695168e-08,6.9715288e-15,5.2345073e-06,0.00042612557,1.9361554e-10
contraction_3D,8.4,0.099911334,0.010567449,-1.0929008e-08,7.3152819e-15,5.3431792e-06,0.00043497532,1.9763646e-10
contraction_3D,8.4,0.099909964,0.010793163,-1.1174387e-08,7.6759993e-15,5.4572141e-06,0.0004442618,2.0185582e-10
contraction_3D,8.4,0.099908527,0.011030015,-1.1431876e-08,8.0545181e-15,5.5768767e-06,0.00045400658,2.062834e-10
contraction_3D,8.4,0.099907019,0.011278557,-1.1702073e-08,8.4517171e-15,5.7024446e-06,0.00046423226,2.1092948e-10
contraction_3D,8.4,0.099905437,0.011539363,-1.1985603e-08,8.8685179e-15,5.8342094e-06,0.00047496259,2.1580485e-10
contraction_3D,8.4,0.099903776,0.011813041,-1.2283126e-08,9.3058879e-15,5.9724768e-06,0.00048622245,2.2092083e-10
contraction_3D,8.4,0.099902034,0.012100225,-1.2595332e-08,9.7648423e-15,6.1175677e-06,0.000498038,2.2628927e-10
contraction_3D,8.4,0.099900206,0.012401581,-1.2922946e-08,1.0246446e-14,6.269819e-06,0.00051043665,2.3192265e-10
contraction_3D,8.4,0.099898287,0.01271781,-1.3266727e-08,1.0751818e-14,6.4295838e-06,0.00052344718,2.3783404e-10
contraction_3D,8.4,0.099896274,0.013049644,-1.3627473e-08,1.1282129e-14,6.5972332e-06,0.00053709978,2.4403716e-10
contraction_3D,8.4,0.099894161,0.013397855,-1.4006023e-08,1.1838612e-14,6.773156e-06,0.00055142614,2.505464e-10
contraction_3D,8.4,0.099891944,0.01376325,-1.4403255e-08,1.2422557e-14,6.9577608e-06,0.00056645951,2.5737688e-10
contraction_3D,8.4,0.099889618,0.014146677,-1.4820089e-08,1.303532e-14,7.1514758e-06,0.00058223478,2.6454445e-10
contraction_3D,8.4,0.099887177,0.014549026,-1.5257495e-08,1.3678323e-14,7.3547507e-06,0.00059878857,2.7206573e-10
contraction_3D,8.4,0.099884615,0.014971232,-1.5716487e-08,1.4353059e-14,7.5680573e-06,0.00061615929,2.799582e-10
contraction_3D,8.4,0.099881927,0.015414273,-1.619813e-08,1.5061092e-14,7.7918907e-06,0.00063438726,2.8824016e-10
contraction_3D,8.4,0.099879107,0.015879179,-1.6703543e-08,1.5804068e-14,8.0267703e-06,0.00065351479,2.9693083e-10
contraction_3D,8.4,0.099876147,0.016367028,-1.7233898e-08,1.658371e-14,8.2732413e-06,0.00067358627,3.060504e-10
contraction_3D,8.4,0.099873041,0.016878953,-1.7790426e-08,1.7401827e-14,8.5318758e-06,0.00069464829,3.1562002e-10
contraction_3D,8.4,0.099869782,0.017416141,-1.8374419e-08,1.8260319e-14,8.8032739e-06,0.00071674972,3.256619e-10
contraction_3D,8.4,0.099866362,0.01797984,-1.8987232e-08,1.9161177e-14,9.0880656e-06,0.00073994186,3.3619935e-10
contraction_3D,8.4,0.099862773,0.018571357,-1.9630287e-08,2.0106494e-14,9.3869118e-06,0.00076427854,3.4725683e-10
contraction_3D,8.4,0.099859007,0.019192066,-2.0305078e-08,2.1098461e-14,9.7005063e-06,0.00078981625,3.5886e-10
contraction_3D,8.4,0.099855055,0.019843407,-2.101317e-08,2.2139383e-14,1.0029577e-05,0.00081661425,3.7103579e-10
contraction_3D,8.4,0.099850908,0.020526892,-2.1756206e-08,2.3231675e-14,1.0374887e-05,0.00084473474,3.8381246e-10
contraction_3D,8.4,0.099846557,0.021244107,-2.2535911e-08,2.4377871e-14,1.0737238e-05,0.00087424299,3.9721966e-10
contraction_3D,8.4,0.099841991,0.021996717,-2.3354096e-08,2.5580633e-14,1.1117472e-05,0.00090520747,4.1128851e-10
contraction_3D,8.4,0.099837199,0.022786468,-2.4212657e-08,2.6842751e-14,1.151647e-05,0.00093770007,4.2605166e-10
contraction_3D,8.4,0.099832171,0.023615194,-2.5113589e-08,2.8167156e-14,1.1935159e-05,0.00097179618,4.4154338e-10
contraction_3D,8.4,0.099826895,0.024484818,-2.6058983e-08,2.955692e-14,1.237451e-05,0.001007575,4.5779962e-10
contraction_3D,8.4,0.099821359,0.025397359,-2.7051032e-08,3.1015269e-14,1.2835543e-05,0.0010451194,4.7485811e-10
contraction_3D,8.4,0.099815549,0.026354933,-2.8092038e-08,3.2545589e-14,1.3319329e-05,0.0010845167,4.9275845e-10
contraction_3D,8.4,0.099809453,0.027359764,-2.9184419e-08,3.415143e-14,1.3826989e-05,0.0011258583,5.1154217e-10
contraction_3D,8.4,0.099803055,0.028414183,-3.0330709e-08,3.583652e-14,1.4359703e-05,0.0011692401,5.3125287e-10
contraction_3D,8.4,0.099796342,0.029520639,-3.1533569e-08,3.760477e-14,1.4918706e-05,0.0012147628,5.5193631e-10
contraction_3D,8.4,0.099789298,0.030147542,-3.2168457e-08,3.945557e-14,1.5235642e-05,0.0012405723,5.6366328e-10
contraction_3D,8.4,0.099781906,0.030740633,-3.2758631e-08,4.1397135e-14,1.5535531e-05,0.0012649936,5.7475955e-10
contraction_3D,8.4,0.099774149,0.031362994,-3.3377931e-08,4.3434518e-14,1.5850221e-05,0.00129062,5.8640343e-10
contraction_3D,8.4,0.09976601,0.032016067,-3.4027793e-08,4.5572446e-14,1.618044e-05,0.0013175112,5.9862193e-10
contraction_3D,8.4,0.099757469,0.032701371,-3.4709726e-08,4.7815882e-14,1.6526955e-05,0.0013457295,6.1144343e-10
contraction_3D,8.4,0.099748506,0.033420494,-3.5425313e-08,5.0170032e-14,1.6890571e-05,0.0013753403,6.2489766e-10
contraction_3D,8.4,0.099739101,0.034175106,-3.6176215e-08,5.264036e-14,1.7272132e-05,0.0014064124,6.3901587e-10
contraction_3D,8.4,0.099729232,0.034966959,-3.6964173e-08,5.5232599e-14,1.7672523e-05,0.001439018,6.5383082e-10
contraction_3D,8.4,0.099718875,0.03634182,-4.6259205e-08,5.4850899e-14,2.2112515e-05,0.0015376935,1.3567348e-09
contraction_3D,8.4,0.099708008,0.038214275,-6.2703411e-08,5.1999669e-14,2.994758e-05,0.0016921672,2.6373883e-09
contraction_3D,8.4,0.099696605,0.040179135,-7.9959144e-08,4.9007729e-14,3.8169308e-05,0.0018542643,3.9812424e-09
contraction_3D,8.4,0.099684638,0.042240962,-9.8066453e-08,4.5868136e-14,4.679678e-05,0.002024361,5.3914163e-09
contraction_3D,8.4,0.099672081,0.044404541,-1.1706736e-07,4.2573604e-14,5.5850022e-05,0.0022028519,6.8711826e-09
contraction_3D,8.4,0.099658905,0.046674893,-1.3700598e-07,3.9116485e-14,6.5350043e-05,0.0023901515,8.4239759e-09
contraction_3D,8.4,0.099645078,0.048985139,-1.5850123e-07,4.0109681e-14,7.5012151e-05,0.0025806473,1.0003077e-08
contraction_3D,8.4,0.099630569,0.051365807,-1.8140327e-07,4.3943712e-14,8.4965763e-05,0.0027768907,1.1629704e-08
contraction_3D,8.4,0.099615343,0.053863961,-2.0543553e-07,4.7966954e-14,9.5410589e-05,0.0029828188,1.3336606e-08
contraction_3D,8.4,0.099599367,0.0564854,-2.3065379e-07,5.2188744e-14,0.00010637087,0.0031989095,1.5127744e-08
contraction_3D,8.4,0.099582602,0.059236208,-2.5711658e-07,5.661888e-14,0.00011787204,0.0034256643,1.7007275e-08
contraction_3D,8.4,0.099565009,0.062122769,-2.8488532e-07,6.1267645e-14,0.00012994081,0.0036636096,1.8979561e-08
contraction_3D,8.4,0.099546548,0.065151783,-3.1402446e-07,6.6145829e-14,0.00014260516,0.0039132975,2.1049181e-08
contraction_3D,8.4,0.099527177,0.06833028,-3.4460162e-07,7.1264752e-14,0.00015589451,0.0041753076,2.3220937e-08
contraction_3D,8.4,0.099506849,0.071665637,-3.7668777e-07,7.6636296e-14,0.0001698397,0.004450248,2.549987e-08
contraction_3D,8.4,0.099485518,0.075165594,-4.1035739e-07,8.2272927e-14,0.00018447308,0.0047387568,2.7891268e-08
contraction_3D,8.4,0.099463135,0.078838276,-4.4568861e-07,8.8187728e-14,0.00019982862,0.0050415036,3.0400684e-08
contraction_3D,8.4,0.099439646,0.082692205,-4.8276344e-07,9.4394426e-14,0.00021594197,0.0053591911,3.3033939e-08
contraction_3D,8.4,0.099414999,0.086736328,-5.2166793e-07,1.0090743e-13,0.00023285051,0.0056925565,3.5797147e-08
contraction_3D,8.4,0.099389135,0.090980029,-5.6249236e-07,1.0774185e-13,0.0002505935,0.0060423737,3.869672e-08
contraction_3D,8.4,0.099361995,0.095433158,-6.0533149e-07,1.1491355e-13,0.00026921211,0.0064094544,4.1739387e-08
contraction_3D,8.4,0.099333516,0.099967915,-6.4654348e-07,1.3134701e-13,0.00028818183,0.0067834564,4.4839811e-08
contraction_3D,8.4,0.099303631,0.10464998,-6.8771776e-07,1.5352372e-13,0.00030777337,0.0071697174,4.8042079e-08
contraction_3D,8.4,0.099272271,0.10958209,-7.3443621e-07,1.7401354e-13,0.00033103216,0.007602087,5.351987e-08
contraction_3D,8.4,0.099239364,0.11507089,-8.4139908e-07,1.4963267e-13,0.00039998554,0.0085019667,9.4198998e-08
contraction_3D,8.4,0.099204832,0.12083055,-9.5364059e-07,1.240486e-13,0.00047234179,0.0094462558,1.3688565e-07
contraction_3D,8.4,0.099168597,0.1266568,-1.0753173e-06,1.2456813e-13,0.00054549448,0.010400849,1.8002388e-07
contraction_3D,8.4,0.099130573,0.13269708,-1.2043144e-06,1.3435375e-13,0.00062132047,0.011390296,2.2473215e-07
contraction_3D,8.4,0.099090673,0.13903544,-1.3396775e-06,1.4462229e-13,0.0007008885,0.012428573,2.7164679e-07
contraction_3D,8.4,0.099048804,0.14568661,-1.4817209e-06,1.5539759e-13,0.00078438324,0.013518089,3.2087668e-07
contraction_3D,8.4,0.099004868,0.15266602,-1.6307741e-06,1.6670466e-13,0.00087199847,0.014661373,3.7253608e-07
contraction_3D,8.4,0.098958764,0.15998986,-1.7871832e-06,1.7856973e-13,0.00096393755,0.015861078,4.2674489e-07
contraction_3D,8.4,0.098910385,0.16767513,-1.951311e-06,1.9102034e-13,0.0010604138,0.017119989,4.8362892e-07
contraction_3D,8.4,0.098859619,0.17571042,-2.1217846e-06,2.077899e-13,0.0011612897,0.018436322,5.431096e-07
contraction_3D,8.4,0.098806347,0.18379117,-2.2796219e-06,2.6984122e-13,0.0012628047,0.019761149,6.0299851e-07
contraction_3D,8.4,0.098750446,0.19197104,-2.4762985e-06,2.7133457e-13,0.0014043469,0.021487706,8.0806686e-07
contraction_3D,8.4,0.098691786,0.20022595,-2.7167348e-06,2.0312752e-13,0.0015912788,0.023668352,1.1792364e-06
contraction_3D,8.4,0.098630232,0.20847847,-2.9812275e-06,2.1623209e-13,0.0017780691,0.025847046,1.5499293e-06
contraction_3D,8.4,0.09856564,0.21713769,-3.2587896e-06,2.3009864e-13,0.0019740648,0.02813311,1.9388904e-06
contraction_3D,8.4,0.09849786,0.22622424,-3.5500496e-06,2.446495e-13,0.002179733,0.030531992,2.3470469e-06
contraction_3D,8.4,0.098426735,0.23575923,-3.8556832e-06,2.5991845e-13,0.0023955509,0.03304926,2.775346e-06
contraction_3D,8.4,0.0983521,0.24576476,-4.1764e-06,2.7594093e-13,0.0026220195,0.035690755,3.2247818e-06
contraction_3D,8.4,0.098273782,0.25594986,-4.4841553e-06,3.5782073e-13,0.0028526229,0.038380719,3.6825807e-06
contraction_3D,8.4,0.098191599,0.26535139,-4.7963952e-06,3.6277673e-13,0.0030684576,0.040561449,4.3967724e-06
contraction_3D,8.4,0.09810536,0.27380034,-5.135681e-06,2.8626565e-13,0.0032660877,0.042142622,5.4029288e-06
contraction_3D,8.4,0.098014865,0.28239337,-5.5035984e-06,2.9990437e-13,0.0034670682,0.04375111,6.4257372e-06
contraction_3D,8.4,0.097919904,0.29141047,-5.8896725e-06,3.1421616e-13,0.0036779672,0.045438978,7.4990216e-06
contraction_3D,8.4,0.097820257,0.30087257,-6.2947996e-06,3.2923425e-13,0.003899274,0.047210142,8.6252729e-06
contraction_3D,8.4,0.097715692,0.31072712,-6.7106928e-06,3.705426e-13,0.0041297656,0.04905467,9.7983794e-06
contraction_3D,8.4,0.097605967,0.32011134,-7.0863744e-06,4.7451001e-13,0.0043420062,0.050466754,1.1123309e-05
contraction_3D,8.4,0.097490827,0.32760583,-7.4384281e-06,3.4580567e-13,0.0044811495,0.050160668,1.304467e-05
contraction_3D,8.4,0.097370005,0.33520496,-7.8232365e-06,3.5815266e-13,0.0046222221,0.049851532,1.4991615e-05
contraction_3D,8.4,0.09724322,0.34317911,-8.2270354e-06,3.7110898e-13,0.0047702567,0.04952714,1.7034643e-05
contraction_3D,8.4,0.097110179,0.35154679,-8.6507619e-06,3.847047e-13,0.0049255969,0.04918674,1.9178496e-05
contraction_3D,8.4,0.096970571,0.36001576,-9.0489331e-06,5.7060061e-13,0.0050828337,0.048840741,2.1349798e-05
contraction_3D,8.4,0.096824074,0.36640208,-9.3841557e-06,3.8949918e-13,0.0051793836,0.047442334,2.4685191e-05
contraction_3D,8.4,0.096670348,0.37275897,-9.7516971e-06,3.9964527e-13,0.0052743644,0.045994943,2.8087326e-05
contraction_3D,8.4,0.096509035,0.37942958,-1.0137377e-05,4.1029208e-13,0.0053740325,0.044476124,3.1657358e-05
contraction_3D,8.4,0.096339761,0.38638927,-1.0535234e-05,4.5531947e-13,0.005478024,0.042891261,3.5382539e-05
contraction_3D,8.4,0.096162133,0.39263739,-1.0870543e-05,5.0842354e-13,0.0055689246,0.041261045,3.9748487e-05
contraction_3D,8.4,0.095975739,0.39785576,-1.1187767e-05,4.2566976e-13,0.0056407321,0.039561894,4.5065717e-05
contraction_3D,8.4,0.095780147,0.40325515,-1.1527061e-05,4.33983e-13,0.0057150176,0.037804174,5.0565895e-05
contraction_3D,8.4,0.095574902,0.40892101,-1.18831e-05,4.427065e-13,0.005792969,0.03595971,5.633751e-05
contraction_3D,8.4,0.095359528,0.41415825,-1.2184801e-05,5.5114757e-13,0.0058665215,0.034214311,6.2669124e-05
contraction_3D,8.4,0.095133526,0.41853591,-1.2461048e-05,4.4729255e-13,0.0059312667,0.032666929,7.0203716e-05
contraction_3D,8.4,0.09489637,0.42306221,-1.2757058e-05,4.5386471e-13,0.0059981931,0.031067274,7.7992079e-05
contraction_3D,8.4,0.09464751,0.42776961,-1.3059908e-05,5.3254937e-13,0.006067808,0.029403449,8.6093354e-05
contraction_3D,8.4,0.09438637,0.43193161,-1.3306654e-05,4.5945317e-13,0.0061355229,0.027958631,9.5295031e-05
contraction_3D,8.4,0.094112341,0.4357048,-1.3555978e-05,4.644659e-13,0.0062014885,0.02666968,0.00010516948
contraction_3D,8.4,0.09382479,0.4396642,-1.3817606e-05,4.6972601e-13,0.0062707096,0.025317118,0.00011553123
contraction_3D,8.4,0.093523047,0.44358572,-1.4061508e-05,6.4339419e-13,0.0063411821,0.023991002,0.00012631095
contraction_3D,8.4,0.093206414,0.44692131,-1.4269319e-05,4.7365144e-13,0.0064125351,0.022948163,0.00013860536
contraction_3D,8.4,0.092874155,0.45035585,-1.4493602e-05,4.7765093e-13,0.0064859755,0.021874554,0.00015126065
contraction_3D,8.4,0.092525498,0.45389008,-1.4717775e-05,6.7405125e-13,0.0065615791,0.020769602,0.00016428741
contraction_3D,8.4,0.092159635,0.4569593,-1.4899426e-05,4.8115182e-13,0.0066404301,0.019904492,0.00017896193
contraction_3D,8.4,0.091775717,0.46003873,-1.5093721e-05,4.8415283e-13,0.0067211042,0.019048241,0.0001940889
contraction_3D,8.4,0.091372852,0.46322091,-1.529072e-05,6.4926385e-13,0.006804498,0.018163316,0.00020972446
contraction_3D,8.4,0.090950106,0.46606933,-1.5450116e-05,4.869534e-13,0.0068922944,0.017453596,0.00022695405
contraction_3D,8.4,0.090506497,0.46890451,-1.5618003e-05,4.8911948e-13,0.0069824266,0.016764944,0.00024478519
contraction_3D,8.4,0.090040996,0.47182723,-1.5788154e-05,6.9115527e-13,0.0070753792,0.016054942,0.00026317226
contraction_3D,8.4,0.089552522,0.47445939,-1.5921377e-05,4.9108751e-13,0.0071743142,0.015497323,0.00028334572
contraction_3D,8.4,0.089039942,0.47712601,-1.6063551e-05,4.9248338e-13,0.0072759994,0.01494064,0.00030413442
contraction_3D,8.4,0.088502066,0.47982438,-1.6201611e-05,6.7481108e-13,0.007380997,0.014386628,0.00032563688
contraction_3D,8.4,0.087937645,0.48229483,-1.6308048e-05,4.9350514e-13,0.0074928789,0.013952038,0.00034885768
contraction_3D,8.4,0.08734537,0.48484752,-1.6423058e-05,4.9414061e-13,0.0076084424,0.013503004,0.00037284541
contraction_3D,8.4,0.086723867,0.48734182,-1.651963e-05,5.0901879e-13,0.0077293685,0.013095494,0.00039791147
contraction_3D,8.4,0.086071691,0.48970864,-1.6600232e-05,4.9406198e-13,0.0078555626,0.01275467,0.00042404084
contraction_3D,8.4,0.085387331,0.49216564,-1.6684827e-05,6.1751827e-13,0.0079865937,0.012400856,0.00045116974
contraction_3D,8.4,0.084669197,0.49448375,-1.6736361e-05,4.9353722e-13,0.008126741,0.012123971,0.00047968451
contraction_3D,8.4,0.083915623,0.49681172,-1.678444e-05,4.9246653e-13,0.0082720979,0.011862207,0.000509142
contraction_3D,8.4,0.083124861,0.49915248,-1.6825225e-05,5.9430785e-13,0.0084240101,0.011616321,0.00053958657
contraction_3D,8.4,0.082295073,0.50138064,-1.6834411e-05,4.9045308e-13,0.0085864349,0.011437071,0.00057113225
contraction_3D,8.4,0.081424336,0.50368489,-1.6846587e-05,5.839171e-13,0.0087544027,0.011251697,0.00060375479
contraction_3D,8.4,0.080510627,0.50589768,-1.6828042e-05,4.8771577e-13,0.0089357457,0.011128778,0.0006372385
contraction_3D,8.4,0.079551826,0.50812643,-1.6797722e-05,4.8472462e-13,0.0091251081,0.011023791,0.00067168731
contraction_3D,8.4,0.078545708,0.51036606,-1.6759161e-05,5.2965541e-13,0.0093255368,0.010943689,0.00070703333
contraction_3D,8.4,0.077489938,0.51253692,-1.6686908e-05,4.8019116e-13,0.0095407527,0.010919366,0.00074279032
contraction_3D,8.4,0.076382066,0.5147771,-1.661805e-05,6.7354203e-13,0.0097629184,0.010894354,0.00077969527
contraction_3D,8.4,0.075219519,0.51669279,-1.6522129e-05,4.7466059e-13,0.0099823923,0.010943177,0.00081223182
contraction_3D,8.4,0.073999601,0.51911286,-1.6396531e-05,4.7117559e-13,0.010266765,0.011022139,0.00085353698
contraction_3D,8.4,0.072719479,0.52132471,-1.6261915e-05,4.6730178e-13,0.010542467,0.011133433,0.0008915698
contraction_3D,8.4,0.071376182,0.52355136,-1.6109475e-05,4.6303129e-13,0.01083595,0.011285066,0.00092977961
contraction_3D,8.4,0.069966594,0.52579783,-1.5940036e-05,4.5832999e-13,0.011149173,0.01148009,0.00096808463
contraction_3D,8.4,0.068487442,0.52806929,-1.5754534e-05,4.5316093e-13,0.011484318,0.011722107,0.0010064162
contraction_3D,8.4,0.066935293,0.53037153,-1.5557324e-05,5.6272657e-13,0.011843942,0.01201548,0.0010447299
contraction_3D,8.4,0.065306545,0.53269851,-1.5346629e-05,4.4334226e-13,0.012232055,0.012371019,0.0010827009
contraction_3D,8.4,0.063597418,0.53506291,-1.5120572e-05,4.3645166e-13,0.01265149,0.01279237,0.001120455
contraction_3D,8.4,0.061803945,0.53747324,-1.4889942e-05,6.0622607e-13,0.013105813,0.013285702,0.0011580809
contraction_3D,8.4,0.059921964,0.53991863,-1.4643928e-05,4.2288043e-13,0.013602379,0.013871473,0.0011951554
contraction_3D,8.4,0.057947106,0.54241852,-1.4394124e-05,4.7777033e-13,0.014144423,0.014552823,0.00123211
contraction_3D,8.4,0.055874788,0.54496604,-1.4127179e-05,4.0641995e-13,0.014741255,0.01535459,0.0012686981
contraction_3D,8.4,0.053700201,0.54756853,-1.3853255e-05,3.9816972e-13,0.015401261,0.016295945,0.0013051405
contraction_3D,8.4,0.051418297,0.55022938,-1.3558401e-05,3.8898112e-13,0.016134118,0.0174012,0.0013415968
contraction_3D,8.4,0.04902378,0.55278768,-1.3234771e-05,3.7942821e-13,0.016809581,0.018420131,0.0013759173
contraction_3D,8.4,0.046511093,0.55443297,-1.2845307e-05,5.3569328e-13,0.016742746,0.018001022,0.0013969149
contraction_3D,8.4,0.043874404,0.55574987,-1.2353979e-05,3.7878715e-13,0.016449024,0.017174601,0.0014133316
contraction_3D,8.4,0.041107594,0.55692305,-1.1775381e-05,3.8035806e-13,0.01609075,0.016262888,0.0014283554
contraction_3D,8.4,0.038204241,0.55800328,-1.1100847e-05,4.3346749e-13,0.015715293,0.015356318,0.0014430018
contraction_3D,8.4,0.035157607,0.55900924,-1.0352643e-05,4.2951494e-13,0.0153431,0.01449122,0.0014576735
contraction_3D,8.4,0.03196062,0.55994496,-9.5208137e-06,5.0439676e-13,0.014986626,0.013687578,0.001472453
contraction_3D,8.4,0.02860586,0.56080936,-8.6010683e-06,3.9240671e-13,0.014653228,0.012956042,0.0014873026
contraction_3D,8.4,0.025085542,0.56159548,-7.6245231e-06,3.9529146e-13,0.01434921,0.012304088,0.0015019117
contraction_3D,8.4,0.021391496,0.56229983,-6.5527709e-06,3.982014e-13,0.014077862,0.01173365,0.0015159921
contraction_3D,8.4,0.017515147,0.56291407,-5.4208506e-06,5.4627384e-13,0.013842657,0.011247539,0.0015290763
contraction_3D,8.4,0.013447498,0.56341148,-4.1959183e-06,3.9961231e-13,0.01365424,0.010864315,0.0015403205
contraction_3D,8.4,0.0091791104,0.56379201,-2.9059348e-06,3.9051126e-13,0.013512216,0.010578535,0.0015492233
contraction_3D,8.4,0.0047000761,0.56403602,-1.4947151e-06,3.1826754e-13,0.013424042,0.010402448,0.0015549468
contraction_3D,8.4,9.9939083e-08,0.56410532,-2.9312017e-11,5.7458949e-16,0.013399775,0.0103544,0.0015565135
contraction_2D,8.6,0.099938083,0.01495169,-3.7378969e-08,2.7476889e-16,7.3673458e-06,0.00059977819,2.7252844e-10
contraction_2D,8.6,0.099938034,0.014959763,-3.7398734e-08,2.8760296e-16,7.3713276e-06,0.00060010243,2.7267577e-10
contraction_2D,8.6,0.099937982,0.014968234,-3.7419476e-08,3.0107038e-16,7.375506e-06,0.00060044267,2.7283036e-10
contraction_2D,8.6,0.099937928,0.014977123,-3.744124e-08,3.1520243e-16,7.3798906e-06,0.00060079971,2.7299259e-10
contraction_2D,8.6,0.099937871,0.014986451,-3.7464079e-08,3.3003191e-16,7.3844915e-06,0.00060117436,2.7316282e-10
contraction_2D,8.6,0.099937811,0.014996239,-3.7488045e-08,3.4559323e-16,7.3893195e-06,0.0006015675,2.7334146e-10
contraction_2D,8.6,0.099937748,0.01500651,-3.7513194e-08,3.6192249e-16,7.3943857e-06,0.00060198005,2.7352891e-10
contraction_2D,8.6,0.099937683,0.015017288,-3.7539584e-08,3.7905762e-16,7.399702e-06,0.00060241295,2.7372561e-10
contraction_2D,8.6,0.099937613,0.015028598,-3.7567276e-08,3.9703835e-16,7.4052807e-06,0.00060286722,2.7393201e-10
contraction_2D,8.6,0.099937541,0.015040466,-3.7596335e-08,4.1590646e-16,7.4111346e-06,0.0006033439,2.7414861e-10
contraction_2D,8.6,0.099937465,0.01505292,-3.7626828e-08,4.3570571e-16,7.4172775e-06,0.00060384411,2.7437589e-10
contraction_2D,8.6,0.099937385,0.015065988,-3.7658825e-08,4.5648205e-16,7.4237235e-06,0.00060436901,2.7461439e-10
contraction_2D,8.6,0.099937301,0.015079702,-3.7692402e-08,4.7828374e-16,7.4304876e-06,0.00060491981,2.7486466e-10
contraction_2D,8.6,0.099937213,0.015094092,-3.7727636e-08,5.0116133e-16,7.4375855e-06,0.00060549779,2.7512728e-10
contraction_2D,8.6,0.099937121,0.015109192,-3.7764609e-08,5.2516792e-16,7.4450337e-06,0.0006061043,2.7540286e-10
contraction_2D,8.6,0.099937024,0.015125038,-3.7803406e-08,5.5035927e-16,7.4528495e-06,0.00060674073,2.7569204e-10
contraction_2D,8.6,0.099936923,0.015141665,-3.7844118e-08,5.7679379e-16,7.4610509e-06,0.00060740858,2.7599549e-10
contraction_2D,8.6,0.099936816,0.015159113,-3.7886839e-08,6.0453289e-16,7.4696572e-06,0.00060810938,2.7631392e-10
contraction_2D,8.6,0.099936704,0.015177422,-3.7931668e-08,6.3364092e-16,7.4786881e-06,0.00060884477,2.7664806e-10
contraction_2D,8.6,0.099936587,0.015196635,-3.797871e-08,6.6418544e-16,7.4881647e-06,0.00060961645,2.7699869e-10
contraction_2D,8.6,0.099936464,0.015216796,-3.8028073e-08,6.9623733e-16,7.498109e-06,0.00061042621,2.7736662e-10
contraction_2D,8.6,0.099936334,0.015237952,-3.8079873e-08,7.2987102e-16,7.5085441e-06,0.00061127594,2.7775272e-10
contraction_2D,8.6,0.099936199,0.015260152,-3.8134228e-08,7.651645e-16,7.5194941e-06,0.00061216759,2.7815786e-10
contraction_2D,8.6,0.099936056,0.015283447,-3.8191266e-08,8.0219977e-16,7.5309846e-06,0.00061310326,2.78583e-10
contraction_2D,8.6,0.099935907,0.015307892,-3.8251119e-08,8.410627e-16,7.543042e-06,0.00061408509,2.7902913e-10
contraction_2D,8.6,0.09993575,0.015333543,-3.8313926e-08,8.8184356e-16,7.5556946e-06,0.00061511538,2.7949726e-10
contraction_2D,8.6,0.099935586,0.015360461,-3.8379832e-08,9.2463695e-16,7.5689715e-06,0.00061619652,2.799885e-10
contraction_2D,8.6,0.099935413,0.015388706,-3.8448991e-08,9.6954222e-16,7.5829036e-06,0.00061733101,2.8050399e-10
contraction_2D,8.6,0.099935232,0.015418346,-3.8521563e-08,1.0166636e-15,7.5975233e-06,0.00061852149,2.8104491e-10
contraction_2D,8.6,0.099935042,0.015449448,-3.8597716e-08,1.0661104e-15,7.6128645e-06,0.00061977072,2.8161253e-10
contraction_2D,8.6,0.099934843,0.015482085,-3.8677627e-08,1.1179974e-15,7.6289628e-06,0.0006210816,2.8220816e-10
contraction_2D,8.6,0.099934634,0.015516333,-3.8761482e-08,1.1724451e-15,7.6458555e-06,0.00062245717,2.8283318e-10
contraction_2D,8.6,0.099934414,0.015552271,-3.8849475e-08,1.2295798e-15,7.6635819e-06,0.00062390063,2.8348905e-10
contraction_2D,8.6,0.099934184,0.015589983,-3.8941811e-08,1.289534e-15,7.6821831e-06,0.00062541532,2.8417729e-10
contraction_2D,8.6,0.099933942,0.015629556,-3.9038704e-08,1.3524471e-15,7.7017023e-06,0.00062700476,2.8489949e-10
contraction_2D,8.6,0.099933688,0.015671081,-3.9140378e-08,1.4184649e-15,7.7221847e-06,0.00062867264,2.8565733e-10
contraction_2D,8.6,0.099933422,0.015714656,-3.924707e-08,1.4877408e-15,7.743678e-06,0.00063042283,2.8645257e-10
contraction_2D,8.6,0.099933143,0.015760382,-3.9359027e-08,1.5604354e-15,7.766232e-06,0.0006322594,2.8728706e-10
contraction_2D,8.6,0.099932849,0.015808363,-3.9476509e-08,1.6367175e-15,7.789899e-06,0.0006341866,2.8816273e-10
contraction_2D,8.6,0.099932542,0.015858713,-3.959979e-08,1.7167642e-15,7.814734e-06,0.0006362089,2.8908161e-10
contraction_2D,8.6,0.099932219,0.015911548,-3.9729154e-08,1.8007612e-15,7.8407946e-06,0.00063833101,2.9004584e-10
contraction_2D,8.6,0.09993188,0.01596699,-3.9864902e-08,1.8889035e-15,7.8681413e-06,0.00064055785,2.9105766e-10
contraction_2D,8.6,0.099931525,0.016025168,-4.0007349e-08,1.9813956e-15,7.8968375e-06,0.00064289458,2.9211941e-10
contraction_2D,8.6,0.099931152,0.016086217,-4.0156826e-08,2.0784523e-15,7.92695e-06,0.00064534663,2.9323356e-10
contraction_2D,8.6,0.099930761,0.016150279,-4.031368e-08,2.1802987e-15,7.9585485e-06,0.00064791969,2.9440269e-10
contraction_2D,8.6,0.09993035,0.016217503,-4.0478275e-08,2.2871713e-15,7.9917064e-06,0.00065061973,2.9562952e-10
contraction_2D,8.6,0.099929919,0.016288044,-4.0650993e-08,2.3993181e-15,8.0265006e-06,0.00065345301,2.9691689e-10
contraction_2D,8.6,0.099929467,0.016362066,-4.0832234e-08,2.5169993e-15,8.063012e-06,0.00065642612,2.9826779e-10
contraction_2D,8.6,0.099928992,0.016439741,-4.1022419e-08,2.6404882e-15,8.1013252e-06,0.00065954596,2.9968536e-10
contraction_2D,8.6,0.099928494,0.01652125,-4.1221991e-08,2.7700713e-15,8.1415292e-06,0.00066281976,3.0117289e-10
contraction_2D,8.6,0.099927972,0.016606781,-4.1431411e-08,2.9060493e-15,8.1837172e-06,0.00066625512,3.0273383e-10
contraction_2D,8.6,0.099927423,0.016696533,-4.1651166e-08,3.048738e-15,8.2279873e-06,0.00066986002,3.0437181e-10
contraction_2D,8.6,0.099926848,0.016790714,-4.1881766e-08,3.1984683e-15,8.274442e-06,0.00067364282,3.0609061e-10
contraction_2D,8.6,0.099926244,0.016889543,-4.2123747e-08,3.3555879e-15,8.3231894e-06,0.00067761231,3.0789425e-10
contraction_2D,8.6,0.09992561,0.016993249,-4.2377669e-08,3.5204614e-15,8.3743424e-06,0.00068177769,3.0978689e-10
contraction_2D,8.6,0.099924946,0.017102074,-4.2644122e-08,3.6934714e-15,8.4280199e-06,0.00068614863,3.1177293e-10
contraction_2D,8.6,0.099924248,0.017216269,-4.2923725e-08,3.8750196e-15,8.4843464e-06,0.00069073528,3.1385698e-10
contraction_2D,8.6,0.099923516,0.017336099,-4.3217126e-08,4.0655272e-15,8.5434525e-06,0.00069554829,3.1604389e-10
contraction_2D,8.6,0.099922748,0.017461843,-4.3525007e-08,4.2654364e-15,8.6054757e-06,0.00070059881,3.1833872e-10
contraction_2D,8.6,0.099921941,0.017593793,-4.3848082e-08,4.4752112e-15,8.6705596e-06,0.00070589858,3.2074679e-10
contraction_2D,8.6,0.099921095,0.017732254,-4.41871e-08,4.6953385e-15,8.7388555e-06,0.0007114599,3.2327371e-10
contraction_2D,8.6,0.099920208,0.017877548,-4.4542849e-08,4.9263291e-15,8.8105218e-06,0.00071729567,3.2592534e-10
contraction_2D,8.6,0.099919276,0.018030013,-4.4916155e-08,5.1687192e-15,8.8857249e-06,0.00072341944,3.2870782e-10
contraction_2D,8.6,0.099918299,0.018190002,-4.5307883e-08,5.4230713e-15,8.9646392e-06,0.00072984542,3.3162761e-10
contraction_2D,8.6,0.099917273,0.018357887,-4.5718944e-08,5.6899758e-15,9.047448e-06,0.00073658852,3.346915e-10
contraction_2D,8.6,0.099916197,0.018534056,-4.615029e-08,5.970052e-15,9.1343434e-06,0.00074366439,3.379066e-10
contraction_2D,8.6,0.099915067,0.01871892,-4.6602923e-08,6.2639502e-15,9.2255272e-06,0.00075108946,3.4128036e-10
contraction_2D,8.6,0.099913882,0.018912907,-4.7077894e-08,6.5723523e-15,9.3212109e-06,0.00075888097,3.4482062e-10
contraction_2D,8.6,0.099912639,0.019116467,-4.7576305e-08,6.8959742e-15,9.4216167e-06,0.00076705698,3.4853558e-10
contraction_2D,8.6,0.099911334,0.019330073,-4.8099313e-08,7.2355669e-15,9.5269774e-06,0.00077563649,3.5243389e-10
contraction_2D,8.6,0.099909964,0.01955422,-4.8648131e-08,7.5919186e-15,9.6375378e-06,0.00078463939,3.5652458e-10
contraction_2D,8.6,0.099908527,0.019789429,-4.9224034e-08,7.9658564e-15,9.7535544e-06,0.00079408659,3.6081714e-10
contraction_2D,8.6,0.099907019,0.020036246,-4.9828358e-08,8.3582482e-15,9.8752964e-06,0.00080400002,3.6532154e-10
contraction_2D,8.6,0.099905437,0.020295243,-5.0462505e-08,8.7700046e-15,1.0003046e-05,0.00081440267,3.7004824e-10
contraction_2D,8.6,0.099903776,0.020567022,-5.1127947e-08,9.2020813e-15,1.0137101e-05,0.0008253187,3.750082e-10
contraction_2D,8.6,0.099902034,0.020852213,-5.182623e-08,9.6554811e-15,1.0277771e-05,0.00083677344,3.8021294e-10
contraction_2D,8.6,0.099900206,0.021151478,-5.2558973e-08,1.0131256e-14,1.0425383e-05,0.00084879347,3.8567453e-10
contraction_2D,8.6,0.099898287,0.021465512,-5.3327877e-08,1.0630511e-14,1.058028e-05,0.0008614067,3.9140565e-10
contraction_2D,8.6,0.099896274,0.021779727,-5.4097984e-08,1.1154381e-14,1.0735258e-05,0.00087402647,3.9713975e-10
contraction_2D,8.6,0.099894161,0.021943399,-5.4507781e-08,1.170385e-14,1.0815887e-05,0.00088059198,4.00123e-10
contraction_2D,8.6,0.099891944,0.022115148,-5.4937801e-08,1.2280436e-14,1.0900494e-05,0.00088748149,4.0325347e-10
contraction_2D,8.6,0.099889618,0.022295373,-5.5389044e-08,1.2885476e-14,1.0989278e-05,0.00089471101,4.0653844e-10
contraction_2D,8.6,0.099887177,0.022484492,-5.5862555e-08,1.3520375e-14,1.1082442e-05,0.0009022973,4.0998551e-10
contraction_2D,8.6,0.099884615,0.022682944,-5.6359434e-08,1.4186606e-14,1.1180205e-05,0.00091025798,4.136027e-10
contraction_2D,8.6,0.099881927,0.02289119,-5.6880835e-08,1.4885716e-14,1.1282792e-05,0.00091861152,4.173984e-10
contraction_2D,8.6,0.099879107,0.023109713,-5.7427967e-08,1.5619328e-14,1.1390442e-05,0.00092737731,4.2138142e-10
contraction_2D,8.6,0.099876147,0.02333902,-5.8002099e-08,1.6389143e-14,1.1503404e-05,0.00093657569,4.2556101e-10
contraction_2D,8.6,0.099873041,0.023579644,-5.8604566e-08,1.7196949e-14,1.1621941e-05,0.00094622802,4.2994685e-10
contraction_2D,8.6,0.099869782,0.023832142,-5.9236764e-08,1.8044621e-14,1.1746328e-05,0.0009563567,4.3454914e-10
contraction_2D,8.6,0.099866362,0.024097101,-5.9900162e-08,1.8934126e-14,1.1876853e-05,0.00096698523,4.3937856e-10
contraction_2D,8.6,0.099862773,0.024375136,-6.0596298e-08,1.9867527e-14,1.201382e-05,0.00097813828,4.444463e-10
contraction_2D,8.6,0.099859007,0.024666892,-6.1326789e-08,2.0846993e-14,1.2157546e-05,0.00098984173,4.4976414e-10
contraction_2D,8.6,0.099855055,0.024973046,-6.209333e-08,2.1874795e-14,1.2308365e-05,0.0010021228,4.5534442e-10
contraction_2D,8.6,0.099850908,0.025294309,-6.28977e-08,2.295332e-14,1.2466627e-05,0.0010150099,4.6120009e-10
contraction_2D,8.6,0.099846557,0.025631427,-6.3741766e-08,2.4085071e-14,1.26327e-05,0.0010285329,4.6734474e-10
contraction_2D,8.6,0.099841991,0.025985181,-6.4627487e-08,2.5272673e-14,1.2806968e-05,0.0010427234,4.7379263e-10
contraction_2D,8.6,0.099837199,0.026356394,-6.5556919e-08,2.6518885e-14,1.2989836e-05,0.0010576141,4.8055872e-10
contraction_2D,8.6,0.099832171,0.026745926,-6.6532218e-08,2.7826597e-14,1.3181729e-05,0.0010732398,4.8765872e-10
contraction_2D,8.6,0.099826895,0.027154681,-6.7555649e-08,2.9198845e-14,1.3383092e-05,0.0010896365,4.9510911e-10
contraction_2D,8.6,0.099821359,0.027583608,-6.8629586e-08,3.0638814e-14,1.3594392e-05,0.0011068424,5.0292718e-10
contraction_2D,8.6,0.099815549,0.028033704,-6.9756522e-08,3.2149846e-14,1.381612e-05,0.0011248975,5.1113107e-10
contraction_2D,8.6,0.099809453,0.028506011,-7.0939073e-08,3.3735448e-14,1.404879e-05,0.0011438435,5.1973983e-10
contraction_2D,8.6,0.099803055,0.029001627,-7.2179984e-08,3.53993e-14,1.4292943e-05,0.0011637246,5.2877343e-10
contraction_2D,8.6,0.099796342,0.029521702,-7.3482133e-08,3.7145264e-14,1.4549145e-05,0.0011845868,5.3825285e-10
contraction_2D,8.6,0.099789298,0.030067443,-7.4848545e-08,3.8977391e-14,1.481799e-05,0.0012064786,5.4820007e-10
contraction_2D,8.6,0.099781906,0.030640116,-7.6282389e-08,4.0899934e-14,1.5100103e-05,0.0012294507,5.586382e-10
contraction_2D,8.6,0.099774149,0.031241051,-7.7786993e-08,4.2917356e-14,1.5396138e-05,0.0012535565,5.6959144e-10
contraction_2D,8.6,0.09976601,0.031871643,-7.9365851e-08,4.5034338e-14,1.5706783e-05,0.0012788519,5.8108524e-10
contraction_2D,8.6,0.099757469,0.032533354,-8.1022625e-08,4.7255794e-14,1.6032758e-05,0.0013053957,5.9314626e-10
contraction_2D,8.6,0.099748506,0.03322772,-8.2761162e-08,4.958688e-14,1.637482e-05,0.0013332494,6.0580249e-10
contraction_2D,8.6,0.099739101,0.033956354,-8.4585497e-08,5.2033005e-14,1.6733763e-05,0.0013624777,6.1908332e-10
contraction_2D,8.6,0.099729232,0.034720947,-8.6499862e-08,5.4599847e-14,1.711042e-05,0.0013931485,6.3301955e-10
contraction_2D,8.6,0.099718875,0.036075814,-1.09945e-07,5.4221873e-14,2.1401006e-05,0.0014881785,1.3092811e-09
contraction_2D,8.6,0.099708008,0.037934092,-1.5148336e-07,5.1398552e-14,2.8980926e-05,0.0016375509,2.5416565e-09
contraction_2D,8.6,0.099696605,0.039884077,-1.9507164e-07,4.8435899e-14,3.6934918e-05,0.0017942948,3.83485e-09
contraction_2D,8.6,0.099684638,0.041930294,-2.4081102e-07,4.5327038e-14,4.5281441e-05,0.0019587741,5.1918631e-09
contraction_2D,8.6,0.099672081,0.044077492,-2.8880765e-07,4.2064754e-14,5.4039869e-05,0.0021313705,6.6158452e-09
contraction_2D,8.6,0.099658905,0.046330655,-3.3917293e-07,3.8641475e-14,6.3230528e-05,0.0023124846,8.1101012e-09
contraction_2D,8.6,0.099645078,0.048695013,-3.9202375e-07,3.5049256e-14,7.2874748e-05,0.0025025367,9.6780993e-09
contraction_2D,8.6,0.099630569,0.051176053,-4.4748278e-07,3.127976e-14,8.2994915e-05,0.002701968,1.1323479e-08
contraction_2D,8.6,0.099615343,0.053779532,-5.0567873e-07,2.7324238e-14,9.3614514e-05,0.0029112412,1.3050058e-08
contraction_2D,8.6,0.099599367,0.056511494,-5.6674667e-07,2.317351e-14,0.00010475819,0.0031308422,1.4861845e-08
contraction_2D,8.6,0.099582602,0.05937828,-6.3082834e-07,1.8817942e-14,0.00011645182,0.0033612805,1.6763043e-08
contraction_2D,8.6,0.099565009,0.062386542,-6.9807245e-07,1.4247425e-14,0.00012872253,0.003603091,1.8758067e-08
contraction_2D,8.6,0.099546548,0.065492324,-7.6700914e-07,1.2744871e-14,0.00014139624,0.003852846,2.081878e-08
contraction_2D,8.6,0.099527177,0.068648713,-8.3607094e-07,1.780592e-14,0.00015428715,0.0041068869,2.2915156e-08
contraction_2D,8.6,0.099506849,0.071960872,-9.0854097e-07,2.3116735e-14,0.00016781424,0.0043734648,2.5114988e-08
contraction_2D,8.6,0.099485518,0.075436486,-9.8458741e-07,2.8689639e-14,0.00018200889,0.0046531985,2.7423383e-08
contraction_2D,8.6,0.099463135,0.079082969,-1.0643793e-06,3.4579223e-14,0.00019690131,0.0049466829,2.9845249e-08
contraction_2D,8.6,0.099439646,0.082735181,-1.146128e-06,5.1840958e-14,0.00021179869,0.0052402555,3.2267328e-08
contraction_2D,8.6,0.099414999,0.086567631,-1.2319109e-06,6.9954565e-14,0.00022743126,0.005548316,3.4808937e-08
contraction_2D,8.6,0.099389135,0.090589213,-1.3219273e-06,8.8962084e-14,0.00024383531,0.0058715794,3.7475976e-08
contraction_2D,8.6,0.099361995,0.094809262,-1.416386e-06,1.0890763e-13,0.0002610489,0.006210796,4.0274634e-08
contraction_2D,8.6,0.099333516,0.099237572,-1.5155063e-06,1.298375e-13,0.00027911198,0.0065667529,4.3211407e-08
contraction_2D,8.6,0.099303631,0.10388442,-1.6195183e-06,1.5180026e-13,0.00029806649,0.0069402765,4.629311e-08
contraction_2D,8.6,0.099272271,0.10877978,-1.7376677e-06,1.720924e-13,0.00032058136,0.0073583362,5.1545357e-08
contraction_2D,8.6,0.099239364,0.11423334,-2.0101904e-06,1.4794675e-13,0.00038750976,0.0082276265,9.0354153e-08
contraction_2D,8.6,0.099204832,0.11995603,-2.2961622e-06,1.226095e-13,0.0004577411,0.0091398166,1.3107818e-07
contraction_2D,8.6,0.099168597,0.12596113,-2.5962468e-06,9.6021851e-14,0.00053143838,0.010097024,1.7381194e-07
contraction_2D,8.6,0.099130573,0.13226259,-2.9111406e-06,6.8122094e-14,0.00060877264,0.011101469,2.1865464e-07
contraction_2D,8.6,0.099090673,0.13887503,-3.2415746e-06,3.8845474e-14,0.00068992337,0.012155484,2.6571033e-07
contraction_2D,8.6,0.099048804,0.14553309,-3.5683349e-06,4.368443e-14,0.00077171357,0.013218029,3.1317011e-07
contraction_2D,8.6,0.099004868,0.15247139,-3.9077801e-06,5.4885847e-14,0.00085696062,0.014325523,3.6264173e-07
contraction_2D,8.6,0.098958764,0.15955592,-4.2591584e-06,9.1142569e-14,0.00094394678,0.015455448,4.1309856e-07
contraction_2D,8.6,0.098910385,0.1668478,-4.6243825e-06,1.4695848e-13,0.001033436,0.016617766,4.6498935e-07
contraction_2D,8.6,0.098859619,0.17449954,-5.0076306e-06,2.0552893e-13,0.0011273415,0.017837445,5.1944098e-07
contraction_2D,8.6,0.098806347,0.1825289,-5.4097921e-06,2.6698985e-13,0.0012258813,0.019117315,5.765798e-07
contraction_2D,8.6,0.098750446,0.19067496,-5.9210734e-06,2.6846899e-13,0.0013643745,0.020797638,7.7456542e-07
contraction_2D,8.6,0.098691786,0.19891643,-6.5554949e-06,2.0091091e-13,0.0015481871,0.022930799,1.1336998e-06
contraction_2D,8.6,0.098630232,0.20756463,-7.2212253e-06,1.3001881e-13,0.0017410709,0.025169233,1.5105576e-06
contraction_2D,8.6,0.09856564,0.21661622,-7.9172356e-06,6.045561e-14,0.0019429597,0.027512205,1.9050253e-06
contraction_2D,8.6,0.09849786,0.22568943,-8.6008209e-06,7.517962e-14,0.0021454742,0.029863039,2.301005e-06
contraction_2D,8.6,0.098426735,0.23500648,-9.3110405e-06,1.3253601e-13,0.0023533595,0.032275918,2.7073415e-06
contraction_2D,8.6,0.0983521,0.24454525,-1.0048019e-05,2.4164891e-13,0.0025661061,0.034744861,3.1230073e-06
contraction_2D,8.6,0.098273782,0.25455476,-1.0821368e-05,3.5614656e-13,0.0027893517,0.037335647,3.5591863e-06
contraction_2D,8.6,0.098191599,0.26396039,-1.1661249e-05,3.6108028e-13,0.0030029596,0.039494724,4.2557888e-06
contraction_2D,8.6,0.09810536,0.27258183,-1.2574834e-05,2.3524778e-13,0.0032036222,0.041124075,5.2584185e-06
contraction_2D,8.6,0.098014865,0.28162874,-1.3533504e-05,1.0320542e-13,0.0034141876,0.042833834,6.3105283e-06
contraction_2D,8.6,0.097919904,0.29073727,-1.4481572e-05,9.5878644e-14,0.0036262338,0.044554592,7.3708613e-06
contraction_2D,8.6,0.097820257,0.29996595,-1.5454794e-05,2.0105969e-13,0.003841052,0.046298398,8.4446103e-06
contraction_2D,8.6,0.097715692,0.30947739,-1.646849e-05,3.7068402e-13,0.0040624293,0.048095947,9.5507427e-06
contraction_2D,8.6,0.097605967,0.31889678,-1.7509407e-05,4.7461077e-13,0.0042743828,0.049538563,1.0847523e-05
contraction_2D,8.6,0.097490827,0.32654162,-1.8510734e-05,2.8823349e-13,0.0044156322,0.049282836,1.2750993e-05
contraction_2D,8.6,0.097370005,0.33454594,-1.9558191e-05,1.0239421e-13,0.0045635252,0.049014954,1.4744099e-05
contraction_2D,8.6,0.09724322,0.342564,-2.058714e-05,1.1600075e-13,0.0047117071,0.048743835,1.6743392e-05
contraction_2D,8.6,0.097110179,0.35060346,-2.1649572e-05,3.3775679e-13,0.0048602477,0.048474907,1.8745118e-05
contraction_2D,8.6,0.096970571,0.35903967,-2.2764435e-05,5.7045657e-13,0.0050161188,0.048192707,2.084563e-05
contraction_2D,8.6,0.096824074,0.36553304,-2.3767113e-05,3.4377063e-13,0.0051131633,0.046827755,2.4128544e-05
contraction_2D,8.6,0.096670348,0.37222425,-2.480575e-05,1.1625352e-13,0.0052119984,0.045362223,2.7597265e-05
contraction_2D,8.6,0.096509035,0.37888744,-2.582885e-05,1.7751071e-13,0.0053104614,0.043900726,3.1055492e-05
contraction_2D,8.6,0.096339761,0.38562884,-2.6890938e-05,4.5491933e-13,0.0054100315,0.042424507,3.454964e-05
contraction_2D,8.6,0.096162133,0.3919325,-2.7919545e-05,5.0799434e-13,0.0055003542,0.040834607,3.8813119e-05
contraction_2D,8.6,0.095975739,0.39738088,-2.8868876e-05,2.0333911e-13,0.0055736954,0.039104433,4.4190649e-05
contraction_2D,8.6,0.095780147,0.40289457,-2.9817767e-05,1.3092263e-13,0.0056479791,0.037351816,4.963932e-05
contraction_2D,8.6,0.095574902,0.40837367,-3.0787992e-05,4.3343822e-13,0.0057217391,0.03561174,5.5047741e-05
contraction_2D,8.6,0.095359528,0.41365423,-3.1735654e-05,5.5023551e-13,0.0057940862,0.033893006,6.1234826e-05
contraction_2D,8.6,0.095133526,0.41822017,-3.2579688e-05,1.9696849e-13,0.0058596017,0.032308972,6.8865786e-05
contraction_2D,8.6,0.09489637,0.42280988,-3.3421487e-05,1.6419295e-13,0.0059255354,0.030715538,7.654514e-05
contraction_2D,8.6,0.09464751,0.42739027,-3.428996e-05,5.3129697e-13,0.0059912581,0.029126488,8.4200257e-05
contraction_2D,8.6,0.09438637,0.43159206,-3.5081914e-05,4.5332703e-13,0.0060573937,0.027692696,9.3230342e-05
contraction_2D,8.6,0.094112341,0.43554226,-3.5821392e-05,1.3737639e-13,0.0061241826,0.02636331,0.00010329879
contraction_2D,8.6,0.09382479,0.43944094,-3.6562539e-05,3.4838135e-13,0.0061901329,0.025050974,0.00011323975
contraction_2D,8.6,0.093523047,0.44334131,-3.7314112e-05,6.4183298e-13,0.0062578648,0.023752076,0.00012368287
contraction_2D,8.6,0.093206414,0.44679818,-3.7947032e-05,2.0826337e-13,0.0063292608,0.022685661,0.00013610667
contraction_2D,8.6,0.092874155,0.45025126,-3.8583682e-05,2.2938454e-13,0.0064006619,0.021619939,0.00014852718
contraction_2D,8.6,0.092525498,0.45372226,-3.9248328e-05,6.7286516e-13,0.0064723492,0.020549165,0.00016100172
contraction_2D,8.6,0.092159635,0.45686843,-3.9796115e-05,2.9499539e-13,0.0065504101,0.01967343,0.00017568795
contraction_2D,8.6,0.091775717,0.46000426,-4.033919e-05,1.7690922e-13,0.0066298588,0.01881153,0.00019073948
contraction_2D,8.6,0.091372852,0.46311445,-4.0906367e-05,6.4852011e-13,0.0067085712,0.017957007,0.00020565672
contraction_2D,8.6,0.090950106,0.4660263,-4.137046e-05,3.0923588e-13,0.0067952821,0.017239896,0.000222865
contraction_2D,8.6,0.090506497,0.46890894,-4.1822811e-05,1.9125243e-13,0.0068839291,0.01654705,0.00024058916
contraction_2D,8.6,0.090040996,0.47177118,-4.230013e-05,6.9068278e-13,0.0069718583,0.015859333,0.00025817582
contraction_2D,8.6,0.089552522,0.47447233,-4.2661157e-05,2.5178059e-13,0.0070699494,0.015292833,0.00027840631
contraction_2D,8.6,0.089039942,0.47714827,-4.3024973e-05,2.7116061e-13,0.0071686606,0.014739327,0.00029880743
contraction_2D,8.6,0.088502066,0.47980989,-4.3396752e-05,6.7468471e-13,0.007268722,0.014198165,0.00031953544
contraction_2D,8.6,0.087937645,0.48236385,-4.3651674e-05,1.464969e-13,0.0073804431,0.013752235,0.00034299739
contraction_2D,8.6,0.08734537,0.48487268,-4.3928197e-05,4.1442344e-13,0.0074902779,0.013314098,0.00036605688
contraction_2D,8.6,0.086723867,0.4873619,-4.4162539e-05,5.0914717e-13,0.0076067829,0.012910176,0.00039050665
contraction_2D,8.6,0.086071691,0.48980457,-4.431996e-05,1.4677952e-13,0.0077326231,0.01255981,0.0004168848
contraction_2D,8.6,0.085387331,0.49220616,-4.4506002e-05,6.1756645e-13,0.0078563007,0.012215353,0.00044281327
contraction_2D,8.6,0.084669197,0.49457103,-4.4578176e-05,2.7965068e-13,0.0079942285,0.011932965,0.00047126338
contraction_2D,8.6,0.083915623,0.49690437,-4.4640078e-05,2.9735863e-13,0.0081349127,0.011670041,0.00050015771
contraction_2D,8.6,0.083124861,0.4992198,-4.4684388e-05,5.9414082e-13,0.0082797947,0.011425926,0.00052961222
contraction_2D,8.6,0.082295073,0.50151255,-4.4611745e-05,1.4574432e-13,0.0084408786,0.011238757,0.00056137719
contraction_2D,8.6,0.081424336,0.50376769,-4.4573508e-05,5.8435714e-13,0.0085993159,0.011054654,0.00059262073
contraction_2D,8.6,0.080510627,0.50602068,-4.4410688e-05,2.7630734e-13,0.0087769623,0.010925045,0.00062598384
contraction_2D,8.6,0.079551826,0.50824875,-4.4234077e-05,3.2009029e-13,0.0089592582,0.010815026,0.00065971078
contraction_2D,8.6,0.078545708,0.51046904,-4.4018657e-05,5.305125e-13,0.0091502166,0.010729547,0.00069400612
contraction_2D,8.6,0.077489938,0.51269663,-4.3690462e-05,1.4290357e-13,0.0093624381,0.010696443,0.00072994864
contraction_2D,8.6,0.076382066,0.51489214,-4.3399346e-05,6.7557469e-13,0.0095714905,0.010663713,0.0007653638
contraction_2D,8.6,0.075219519,0.51650539,-4.3059423e-05,1.4279607e-13,0.0097481904,0.010695266,0.00079217758
contraction_2D,8.6,0.073999601,0.51923706,-4.2498836e-05,3.3253244e-13,0.010055258,0.010767768,0.00083782752
contraction_2D,8.6,0.072719479,0.52145308,-4.1978052e-05,2.9522933e-13,0.010319697,0.010864965,0.00087516098
contraction_2D,8.6,0.071376182,0.52368306,-4.1397352e-05,1.8841593e-13,0.010600851,0.011000533,0.00091265953
contraction_2D,8.6,0.069966594,0.52593253,-4.0763859e-05,1.3675553e-13,0.010900658,0.011177347,0.00095025091
contraction_2D,8.6,0.068487442,0.52820709,-4.0083414e-05,2.4025536e-13,0.011221172,0.011398696,0.00098786791
contraction_2D,8.6,0.066935293,0.53051231,-3.9361076e-05,5.6481307e-13,0.01156464,0.011668408,0.0010254531
contraction_2D,8.6,0.065306545,0.53284036,-3.8578167e-05,3.675848e-13,0.011934508,0.011996341,0.0010626527
contraction_2D,8.6,0.063597418,0.53520455,-3.7762417e-05,1.2984846e-13,0.012333816,0.012386255,0.0010996072
contraction_2D,8.6,0.061803945,0.53761634,-3.694452e-05,6.0921596e-13,0.012765927,0.012843552,0.0011364229
contraction_2D,8.6,0.059921964,0.54005983,-3.6088944e-05,1.2618449e-13,0.013237052,0.013386791,0.001172604
contraction_2D,8.6,0.057947106,0.54255979,-3.5265218e-05,4.8071453e-13,0.013750971,0.014019368,0.0012086372
contraction_2D,8.6,0.055874788,0.54510499,-3.4457315e-05,3.3452113e-13,0.014315814,0.014763856,0.0012442117
contraction_2D,8.6,0.053700201,0.54770373,-3.3702371e-05,1.1910836e-13,0.014938958,0.015636971,0.0012795234
contraction_2D,8.6,0.051418297,0.55036136,-3.3050671e-05,1.8700224e-13,0.015630055,0.01666201,0.0013147454
contraction_2D,8.6,0.04902378,0.55291975,-3.2507239e-05,2.3787955e-13,0.016267832,0.017607353,0.0013479611
contraction_2D,8.6,0.046511093,0.55457504,-3.1944229e-05,5.4087508e-13,0.01621225,0.017218896,0.001369111
contraction_2D,8.6,0.043874404,0.55590655,-3.1139991e-05,2.9276638e-13,0.015944306,0.016451274,0.0013861439
contraction_2D,8.6,0.041107594,0.55709191,-3.0080459e-05,3.67483e-13,0.015616155,0.015605059,0.0014018916
contraction_2D,8.6,0.038204241,0.55818353,-2.8738424e-05,4.3795294e-13,0.015271097,0.014761945,0.0014172872
contraction_2D,8.6,0.035157607,0.55919961,-2.7099499e-05,4.3332963e-13,0.014928678,0.013956747,0.0014326927
contraction_2D,8.6,0.03196062,0.56014387,-2.517783e-05,5.0800542e-13,0.014600243,0.013207689,0.0014481433
contraction_2D,8.6,0.02860586,0.56101623,-2.2949877e-05,3.2924594e-13,0.014292387,0.012524214,0.0014635993
contraction_2D,8.6,0.025085542,0.56180945,-2.0438192e-05,2.0564218e-13,0.014011531,0.011914584,0.0014787397
contraction_2D,8.6,0.021391496,0.56251718,-1.7677923e-05,2.8025057e-13,0.013761244,0.011381914,0.0014932004
contraction_2D,8.6,0.017515147,0.56313387,-1.4654712e-05,5.4413379e-13,0.013544436,0.010928091,0.0015065734
contraction_2D,8.6,0.013447498,0.56363364,-1.1344723e-05,2.8953543e-13,0.013370397,0.010569473,0.0015180263
contraction_2D,8.6,0.0091791104,0.56401369,-7.8891271e-06,1.2026537e-13,0.013239849,0.010303292,0.0015270134
contraction_2D,8.6,0.0047000761,0.56425422,-4.2300625e-06,9.7476195e-14,0.013159704,0.01014108,0.0015327083
contraction_2D,8.6,9.9939083e-08,0.56433103,-7.6131524e-11,5.7478173e-16,0.013135104,0.010091524,0.001534478
